Report Number,Local Case Number,Agency Name,ACRS Report Type,Crash Date/Time,Route Type,Road Name,Cross-Street Name,Off-Road Description,Municipality,Related Non-Motorist,Collision Type,Weather,Surface Condition,Light,Traffic Control,Driver Substance Abuse,Non-Motorist Substance Abuse,Person ID,Pedestrian Type,Pedestrian Movement,Pedestrian Actions,Pedestrian Location,At Fault,Injury Severity,Safety Equipment,Latitude,Longitude,Location
MCP31480071,240051509,MONTGOMERY,Injury Crash,10/27/2024 04:37:00 PM,Municipality Route,ROSEMARY ST,ROSE MARY CIR,,,Pedestrian,Single Vehicle,Clear,Dry,Daylight,Pedestrian Crossing,"Not Suspect of Alcohol Use, Not Suspect of Drug Use","Not Suspect of Alcohol Use, Not Suspect of Drug Use",6FE8F479-BDED-412D-AC7B-30F374EBB7CA,Pedestrian,Cross/Enter at Intersection,None (No Improper Action),Intersection Marked Crosswalk,No,No Apparent Injury,"None, Other",38.97794319,-77.08102483,"(38.97794319, -77.08102483)"
MCP2962009H,240050659,MONTGOMERY,Injury Crash,10/23/2024 07:06:00 AM,Other Public Roadway,TATANI DR,,,,Pedestrian,Single Vehicle,Clear,Dry,Dawn,No Controls,"Not Suspect of Alcohol Use, Not Suspect of Drug Use","Not Suspect of Alcohol Use, Not Suspect of Drug Use",E9B7E9C0-1F08-48B1-9F7D-BC51514F79D7,Pedestrian,Standing,None (No Improper Action),Other,No,Suspected Minor Injury,None,39.15646798,-77.29604122,"(39.15646798, -77.29604122)"
MCP3129009F,240025812,MONTGOMERY,Injury Crash,05/31/2024 11:57:00 AM,County Route,ASPEN HILL RD,,,,"Other Pedestrian (person in a building, skater, personal conveyance, etc.)",Single Vehicle,Clear,Dry,Daylight,No Controls,"Not Suspect of Alcohol Use, Not Suspect of Drug Use","Not Suspect of Alcohol Use, Not Suspect of Drug Use",F15B7010-B1A6-4AEB-8622-E6A29175564A,"Other Pedestrian (person in a building, skater, personal conveyance, etc.)",Standing,None (No Improper Action),Other,No,Suspected Minor Injury,None,39.08023358,-77.08100069,"(39.08023358, -77.08100069)"
MCP3181002J,240014382,MONTGOMERY,Injury Crash,03/26/2024 10:45:00 PM,Private Route,,CONNECTICUT AVE,,,Pedestrian,Single Vehicle,Cloudy,Dry,Dark - Lighted,Pedestrian Crossing,"Unknown, Unknown","Not Suspect of Alcohol Use, Not Suspect of Drug Use",A3854B05-E69E-4239-9522-1D828E3F991E,Pedestrian,Cross/Enter at Intersection,None (No Improper Action),Intersection Unmarked Crosswalk,No,Suspected Minor Injury,None,39.08921605,-77.07181031,"(39.08921605, -77.07181031)"
DD5633008N,240010884,ROCKVILLE,Injury Crash,03/06/2024 12:02:00 PM,Municipality Route,A ST (WB/L),HUNGERFORD DR,,,Pedestrian,Single Vehicle,Cloudy,Dry,Daylight,Pedestrian Crossing,"Not Suspect of Alcohol Use, Not Suspect of Drug Use","Not Suspect of Alcohol Use, Not Suspect of Drug Use",BFE6A0C4-501A-4AC3-8F64-91FF3508356B,Pedestrian,Cross/Enter at Intersection,None (No Improper Action),Intersection Marked Crosswalk,No,Suspected Minor Injury,None,39.09199536,-77.15319388,"(39.09199536, -77.15319388)"
MCP2871009Z,240017238,MONTGOMERY,Injury Crash,04/12/2024 03:30:00 PM,Maryland (State) Route,,CORDELL AVE,,,Pedestrian,Single Vehicle,Clear,Dry,Daylight,Pedestrian Crossing,"Unknown, Unknown","Not Suspect of Alcohol Use, Not Suspect of Drug Use",34B3287C-61ED-471B-A050-805EF9D21FAF,Pedestrian,Cross/Enter at Intersection,None (No Improper Action),Intersection Marked Crosswalk,No,Suspected Minor Injury,None,38.98790066,-77.09950347,"(38.98790066, -77.09950347)"
MCP2455006M,240009809,MONTGOMERY,Injury Crash,02/28/2024 08:15:00 PM,Municipality Route,PIER DR,,,,Pedestrian,Single Vehicle,Unknown,,Dark - Lighted,Stop Sign,"Unknown, Unknown","Not Suspect of Alcohol Use, Not Suspect of Drug Use",80F9BA46-AB3C-4201-8905-57CA87E3C7F6,Pedestrian,Cross/Enter at Intersection,None (No Improper Action),Intersection Unmarked Crosswalk,No,Possible Injury,Unknown,39.06797883,-77.1142694,"(39.06797883, -77.1142694)"
DM83860026,240019199,TAKOMA,Injury Crash,04/24/2024 07:25:00 PM,County Route,DIVISION ST,,,,Cyclist (non-electric),Single Vehicle,Clear,Dry,Daylight,Stop Sign,"Not Suspect of Alcohol Use, Not Suspect of Drug Use","Not Suspect of Alcohol Use, Not Suspect of Drug Use",D2321726-B827-4D45-A483-851967930554,Cyclist (non-electric),Walking/Cycling Along Roadway With Traffic (In or Adjacent to Travel Lane),Failure to Yield Right-Of-Way,Intersection Unmarked Crosswalk,Yes,Suspected Minor Injury,None,38.98705937,-77.00000987,"(38.98705937, -77.00000987)"
DM8492001K,240049107,TAKOMA,Injury Crash,10/14/2024 02:23:00 PM,,,,Parking Lot Way        PARKING LOT OF 7401 NEW HAMPSHIRE AVE,,Pedestrian,Single Vehicle,Clear,,Daylight,,"Not Suspect of Alcohol Use, Not Suspect of Drug Use","Not Suspect of Alcohol Use, Not Suspect of Drug Use",9D4A3521-B20E-4C14-AFE3-DCE17C2DE6CB,Pedestrian,Other Working,None (No Improper Action),NonTrafficway Area,No,Suspected Minor Injury,None,38.98318731,-76.98643948,"(38.98318731, -76.98643948)"
MCP21810059,240009261,MONTGOMERY,Injury Crash,02/25/2024 11:58:00 PM,County Route,CHERRY HILL RD,,,,Pedestrian,Single Vehicle,Clear,Dry,Dark - Lighted,No Controls,"Not Suspect of Alcohol Use, Not Suspect of Drug Use","Suspect of Alcohol Use, Not Suspect of Drug Use",22E60ECF-508E-4142-82EF-6B47AACDB6B2,Pedestrian,Cross/Enter Not at Intersection,"Dart/Dash, Not Visible (Dark Clothing, No Lighting, etc.)",Travel Lane Other Location,Yes,Suspected Serious Injury,None,39.04950426,-76.95247673,"(39.04950426, -76.95247673)"
MCP30580059,240011001,MONTGOMERY,Injury Crash,03/07/2024 03:46:00 AM,County Route,E GUDE DR (WB/L),FREDERICK RD,,,Cyclist (non-electric),Single Vehicle,Cloudy,Wet,Dark - Lighted,Pedestrian Crossing Sign,"Not Suspect of Alcohol Use, Not Suspect of Drug Use","Not Suspect of Alcohol Use, Not Suspect of Drug Use",9803DF14-4039-4FE7-840D-59CC02D4BD28,Cyclist (non-electric),Cross/Enter at Intersection,"Not Visible (Dark Clothing, No Lighting, etc.)",Intersection Marked Crosswalk,No,Suspected Minor Injury,None,39.10667667,-77.15829333,"(39.10667667, -77.15829333)"
MCP3255005N,240022292,MONTGOMERY,Property Damage Crash,05/11/2024 06:30:00 PM,Bicycle Route,,,,,Cyclist (non-electric),Single Vehicle,Rain,Wet,Daylight,Stop Sign,"Not Suspect of Alcohol Use, Not Suspect of Drug Use","Not Suspect of Alcohol Use, Not Suspect of Drug Use",74871ADB-0B74-46DE-8760-B264C468B440,Cyclist (non-electric),Walking/Cycling Along Roadway Against Traffic (In or Adjacent to Travel Lane),Failure to Yield Right-Of-Way,Intersection Unmarked Crosswalk,Yes,No Apparent Injury,None,39.14292619,-77.22252403,"(39.14292619, -77.22252403)"
MCP320000BQ,240013628,MONTGOMERY,Injury Crash,03/22/2024 07:18:00 AM,County Route,TUCKERMAN LA,APARTMENT SVC RD GROSVENOR PL,,,Pedestrian,Single Vehicle,Clear,Dry,Dawn,Pedestrian Crossing,"Not Suspect of Alcohol Use, Not Suspect of Drug Use","Not Suspect of Alcohol Use, Not Suspect of Drug Use",2ED42C29-8729-4AFA-AAAE-25AF270AF3FD,Pedestrian,Cross/Enter at Intersection,None (No Improper Action),Intersection Marked Crosswalk,No,Possible Injury,None,39.0290638,-77.10818382,"(39.0290638, -77.10818382)"
MCP271700YS,240011196,MONTGOMERY,Injury Crash,03/08/2024 08:00:00 AM,County Route,STEDWICK RD,WATKINS MILL RD,,,Pedestrian,Single Vehicle,Clear,Dry,Daylight,Pedestrian Crossing,"Not Suspect of Alcohol Use, Not Suspect of Drug Use","Not Suspect of Alcohol Use, Not Suspect of Drug Use",6F075A1D-D129-40C6-861C-4D56F4C79DF9,Pedestrian,Cross/Enter at Intersection,"Failure to Obey Traffic Signs, Signals, or Officer",Intersection Marked Crosswalk,No,Possible Injury,None,39.17055719,-77.20888961,"(39.17055719, -77.20888961)"
MCP32790034,240019581,MONTGOMERY,Property Damage Crash,04/26/2024 04:16:00 PM,Ramp,RAMP 2 FR RANDOLPH RD WB TO MD 97 NB,,,,"Other Pedestrian (person in a building, skater, personal conveyance, etc.), Pedestrian",Single Vehicle,Clear,Dry,Daylight,Pedestrian Crossing,"Not Suspect of Alcohol Use, Not Suspect of Drug Use","Not Suspect of Alcohol Use, Not Suspect of Drug Use",DD19E271-9437-4594-B1AB-3F4F371B1550,"Other Pedestrian (person in a building, skater, personal conveyance, etc.)",Other,None (No Improper Action),Intersection Marked Crosswalk,No,No Apparent Injury,None,39.05840249,-77.04991186,"(39.05840249, -77.04991186)"
MCP3039006V,240011994,MONTGOMERY,Property Damage Crash,03/12/2024 08:52:00 PM,County Route,COLONIAL LA,,,,Pedestrian,Single Vehicle,Clear,Dry,Dark - Lighted,No Controls,"Not Suspect of Alcohol Use, Not Suspect of Drug Use","Not Suspect of Alcohol Use, Not Suspect of Drug Use",0F69230C-4584-4293-A802-451DA976C6CB,Pedestrian,Standing,"In Roadway Improperly (Standing, Lying, Working, Playing)",Travel Lane Other Location,Yes,No Apparent Injury,None,38.99188743,-77.0279085,"(38.99188743, -77.0279085)"
MCP3319002C,240013810,MONTGOMERY,Injury Crash,03/23/2024 08:09:00 AM,County Route,CAMERON ST,GEORGIA AVE,,,Pedestrian,Single Vehicle,Rain,Wet,Daylight,Traffic Control Signal,"Not Suspect of Alcohol Use, Not Suspect of Drug Use","Not Suspect of Alcohol Use, Not Suspect of Drug Use",C169AE40-2123-42C9-BA3B-1B0095BBDC5E,Pedestrian,Cross/Enter at Intersection,None (No Improper Action),Intersection Marked Crosswalk,No,Possible Injury,None,38.99760114,-77.02967876,"(38.99760114, -77.02967876)"
MCP20450009,240005184,MONTGOMERY,Injury Crash,02/01/2024 11:50:00 AM,Local Route,QUINCE ORCHARD HS ENT,,,,Pedestrian,Single Vehicle,Clear,Dry,Daylight,"Person (including flagger, law enforcement, crossing guard, etc.","Not Suspect of Alcohol Use, Unknown","Not Suspect of Alcohol Use, Not Suspect of Drug Use",658F2CC5-71FA-46E3-A5EE-9F1462DB622F,Pedestrian,Standing,None (No Improper Action),Driveway Access,No,Suspected Minor Injury,Other,39.11757882,-77.25384597,"(39.11757882, -77.25384597)"
MCP2348006J,230031638,Montgomery County Police,Fatal Crash,07/03/2023 12:00:00 AM,Maryland (State),NEW HAMPSHIRE AVE,SLIGO CREEK PKWY,,N/A,PEDESTRIAN,SINGLE VEHICLE,CLEAR,DRY,DARK LIGHTS ON,N/A,ALCOHOL PRESENT,NONE DETECTED,805F51DF-272F-47D0-A509-AFC7E05B8594,PEDESTRIAN,Other,NO IMPROPER ACTIONS,OTHER,No,FATAL INJURY,N/A,38.98109532,-76.98930911,"(38.98109532, -76.98930911)"
MCP21770050,240018830,MONTGOMERY,Injury Crash,04/22/2024 06:15:00 PM,County Route,MIDCOUNTY HWY (NB/L),WASHINGTON GROVE LA,,,Cyclist (non-electric),Single Vehicle,Clear,Dry,Daylight,Traffic Control Signal,"Not Suspect of Alcohol Use, Not Suspect of Drug Use","Not Suspect of Alcohol Use, Not Suspect of Drug Use",DF981208-1731-4625-8815-70E6412B3910,Cyclist (non-electric),Cross/Enter at Intersection,None (No Improper Action),Intersection Marked Crosswalk,No,Possible Injury,Helmet,39.1475622,-77.16905125,"(39.1475622, -77.16905125)"
MCP32620043,240013000,MONTGOMERY,Injury Crash,03/18/2024 06:32:00 PM,County Route,DOWNS DR,,,,Scooter (electric),Single Vehicle,Clear,Dry,Daylight,No Controls,"Not Suspect of Alcohol Use, Not Suspect of Drug Use","Not Suspect of Alcohol Use, Not Suspect of Drug Use",827BF698-8529-48E0-B1BB-8D3F1242E6A8,Scooter (electric),Other,"In Roadway Improperly (Standing, Lying, Working, Playing), Wrong-Way Riding or Walking",Travel Lane Other Location,Yes,Suspected Minor Injury,Helmet,39.05976183,-76.9878865,"(39.05976183, -76.9878865)"
MCP3337002P,240021303,MONTGOMERY,Injury Crash,05/06/2024 03:49:00 PM,County Route,WOODSON AVE,,,,Pedestrian,Single Vehicle,Cloudy,Dry,Daylight,No Controls,"Not Suspect of Alcohol Use, Not Suspect of Drug Use","Not Suspect of Alcohol Use, Not Suspect of Drug Use",17984AEC-E831-40A3-BBAD-0C179F2DB62A,Pedestrian,Cross/Enter Not at Intersection,"Dart/Dash, In Roadway Improperly (Standing, Lying, Working, Playing)",Travel Lane Other Location,Yes,Suspected Minor Injury,None,39.04118444,-77.07513197,"(39.04118444, -77.07513197)"
MCP3068005G,240025467,MONTGOMERY,Injury Crash,05/29/2024 04:40:00 PM,Maryland (State) Route,OLD GEORGETOWN RD (SB/L),BEECH AVE,,,Cyclist (non-electric),Single Vehicle,Rain,Wet,Daylight,Traffic Control Signal,"Not Suspect of Alcohol Use, Not Suspect of Drug Use","Not Suspect of Alcohol Use, Not Suspect of Drug Use",AF40CF13-0715-48BE-932D-DFBDE549F157,Cyclist (non-electric),Cross/Enter at Intersection,None (No Improper Action),Intersection Marked Crosswalk,No,Suspected Minor Injury,Helmet,39.01002945,-77.11487758,"(39.01002945, -77.11487758)"
MCP3392001H,240050475,MONTGOMERY,Injury Crash,10/22/2024 06:19:00 AM,Maryland (State) Route,UNIVERSITY BLVD W (WB/L),INWOOD AVE,,,Pedestrian,Single Vehicle,Clear,Dry,Dark - Lighted,Traffic Control Signal,"Not Suspect of Alcohol Use, Not Suspect of Drug Use","Not Suspect of Alcohol Use, Not Suspect of Drug Use",82534DE1-955A-4C74-B873-D807BBA5F1DF,Pedestrian,Cross/Enter at Intersection,None (No Improper Action),Intersection Marked Crosswalk,No,Possible Injury,None,39.03621274,-77.03644982,"(39.03621274, -77.03644982)"
MCP3193005J,240019209,MONTGOMERY,Property Damage Crash,04/24/2024 08:32:00 PM,County Route,AMHERST AVE,UNIVERSITY BLVD W,,,Pedestrian,Single Vehicle,Clear,Dry,Dark - Lighted,Traffic Control Signal,"Not Suspect of Alcohol Use, Not Suspect of Drug Use","Not Suspect of Alcohol Use, Not Suspect of Drug Use",6DEB3CD8-FFAE-4C3E-9299-AFB8C6E7E403,Pedestrian,Cross/Enter at Intersection,Unknown,Intersection Marked Crosswalk,No,No Apparent Injury,None,39.04110667,-77.04817333,"(39.04110667, -77.04817333)"
EJ7884006J,240018524,GAITHERSBURG,Injury Crash,04/20/2024 08:12:00 PM,Maryland (State) Route,S FREDERICK RD,,,,Pedestrian,Single Vehicle,Clear,Dry,Dusk,No Controls,"Unknown, Unknown","Suspect of Alcohol Use, Not Suspect of Drug Use",DB15B8D1-2BC9-4231-93A0-AF1B7BEEC022,Pedestrian,Cross/Enter Not at Intersection,"Dart/Dash, Failure to Obey Traffic Signs, Signals, or Officer",Shoulder/Roadside,No,Suspected Minor Injury,None,39.13543574,-77.1918265,"(39.13543574, -77.1918265)"
MCP1378017Y,240011723,MONTGOMERY,Injury Crash,03/11/2024 02:04:00 PM,County Route,THAYER AVE,,,,Cyclist (non-electric),Single Vehicle,Clear,Dry,Daylight,No Controls,"Not Suspect of Alcohol Use, Not Suspect of Drug Use","Not Suspect of Alcohol Use, Not Suspect of Drug Use",E57FE32B-B455-4EFF-927B-D2D09DF07365,Cyclist (non-electric),Walking/Cycling Along Roadway With Traffic (In or Adjacent to Travel Lane),None (No Improper Action),Travel Lane Other Location,No,Possible Injury,"Helmet, Reflectors",38.99298247,-77.02617465,"(38.99298247, -77.02617465)"
MCP3038007F,240050799,MONTGOMERY,Injury Crash,10/23/2024 05:56:00 PM,,,,"Parking Lot Way        8101 FENTON STREET SILVER SPRING, MD  PARKING LOT",,Pedestrian,Single Vehicle,Clear,,Daylight,,"Not Suspect of Alcohol Use, Not Suspect of Drug Use","Not Suspect of Alcohol Use, Not Suspect of Drug Use",3C13609F-E583-4A33-8C95-075F68D3E79A,Pedestrian,Other,Unknown,Other,No,Possible Injury,None,38.99069021,-77.023625,"(38.99069021, -77.023625)"
MCP2961004D,240027354,MONTGOMERY,Injury Crash,06/09/2024 12:03:00 AM,Maryland (State) Route,GEORGIA AVE (SB/L),WELLER RD,,,Cyclist (Electric),Single Vehicle,Clear,Dry,Dark - Lighted,No Controls,"Not Suspect of Alcohol Use, Not Suspect of Drug Use","Not Suspect of Alcohol Use, Not Suspect of Drug Use",6EFE081D-67F0-490F-84FF-BFFA91F1D5A8,Cyclist (Electric),Cross/Enter at Intersection,None (No Improper Action),Intersection Unmarked Crosswalk,Yes,Suspected Minor Injury,None,39.06657696,-77.05971898,"(39.06657696, -77.05971898)"
MCP23990098,240049491,MONTGOMERY,Injury Crash,10/16/2024 04:49:00 PM,County Route,,APPLE RIDGE RD,,,Pedestrian,Single Vehicle,Clear,Dry,Daylight,Traffic Control Signal,"Not Suspect of Alcohol Use, Not Suspect of Drug Use","Not Suspect of Alcohol Use, Not Suspect of Drug Use",52FA99AC-7757-44A5-85FB-38AD5C6C957A,Pedestrian,Cross/Enter at Intersection,Unknown,Unknown,Yes,Possible Injury,None,39.18421462,-77.21094197,"(39.18421462, -77.21094197)"
MCP33870018,240024557,MONTGOMERY,Injury Crash,05/24/2024 08:51:00 AM,US (State),COLUMBIA PIKE,,,,Cyclist (non-electric),Single Vehicle,Clear,Dry,Daylight,No Controls,"Not Suspect of Alcohol Use, Not Suspect of Drug Use","Not Suspect of Alcohol Use, Not Suspect of Drug Use",FA344226-5250-429E-83FA-2CEC3B8A7DC1,Cyclist (non-electric),Walking/Cycling on Sidewalk,None (No Improper Action),Sidewalk,No,Suspected Minor Injury,Helmet,39.03178688,-77.00401095,"(39.03178688, -77.00401095)"
MCP2760005D,240018485,MONTGOMERY,Property Damage Crash,04/20/2024 03:00:00 PM,County Route,LOST KNIFE RD (NB/L),,,,Cyclist (non-electric),Single Vehicle,Clear,Dry,Daylight,Stop Sign,"Not Suspect of Alcohol Use, Not Suspect of Drug Use","Unknown, Unknown",720C9538-E848-4F09-B73E-05E2AD188981,Cyclist (non-electric),Cross/Enter at Intersection,Dart/Dash,Midblock Marked Crosswalk,No,No Apparent Injury,None,39.153895,-77.19978,"(39.153895, -77.19978)"
HA2449001J,24002271,MCPARK,Injury Crash,10/26/2024 08:45:00 AM,,,,"Parking Lot Way        BROOKSIDE GARDENS VISTOR CENTER PARKING LOT (1800 GLENALLALLAN AVE, SILVER SPRING, MD 20902)",,Pedestrian,Single Vehicle,Clear,,Daylight,,"Not Suspect of Alcohol Use, Not Suspect of Drug Use","Not Suspect of Alcohol Use, Not Suspect of Drug Use",DDCB5EF8-4860-4D5E-A9B4-35D8856E573D,Pedestrian,Other,"Inattentive (Talking, Eating, etc.)",Driveway Access,No,Suspected Serious Injury,None,39.05794856,-77.0378417,"(39.05794856, -77.0378417)"
MCP3137001X,240008765,MONTGOMERY,Property Damage Crash,02/22/2024 05:00:00 PM,Other Public Roadway,CARROLL AVE,CARROLL AVE PINEY BRANCH RD,,,Pedestrian,Single Vehicle,Clear,Dry,Daylight,No Controls,"Unknown, Unknown","Not Suspect of Alcohol Use, Not Suspect of Drug Use",CED8F3FF-675A-4797-9E49-E015A05191C4,Pedestrian,Cross/Enter at Intersection,None (No Improper Action),Intersection Marked Crosswalk,No,No Apparent Injury,None,38.99991903,-76.99070816,"(38.99991903, -76.99070816)"
MCP3268004J,240051587,MONTGOMERY,Injury Crash,10/28/2024 05:15:00 AM,Maryland (State) Route,NEW HAMPSHIRE AVE (SB/L),JACKSON RD,,,Pedestrian,Single Vehicle,Clear,Dry,Dark - Unknown Lighting,Pedestrian Crossing Sign,"Unknown, Unknown","Not Suspect of Alcohol Use, Not Suspect of Drug Use",06D20189-ADCE-46D2-BBFF-C724BADF4BE9,Pedestrian,Walking/Cycling on Sidewalk,None (No Improper Action),Intersection Marked Crosswalk,No,Suspected Minor Injury,None,39.05521092,-76.9955291,"(39.05521092, -76.9955291)"
MCP3308002F,240010602,MONTGOMERY,Injury Crash,03/04/2024 09:10:00 PM,County Route,AMHERST AVE,,,,Pedestrian,Single Vehicle,Clear,Dry,Dark - Not Lighted,Traffic Control Signal,"Not Suspect of Alcohol Use, Not Suspect of Drug Use","Not Suspect of Alcohol Use, Not Suspect of Drug Use",5DD7082C-0A15-4242-9B58-4C02D46169C9,Pedestrian,Cross/Enter at Intersection,None (No Improper Action),Intersection Marked Crosswalk,No,Suspected Minor Injury,None,39.0414744,-77.04813343,"(39.0414744, -77.04813343)"
MCP26860079,240025890,MONTGOMERY,Property Damage Crash,05/31/2024 05:11:00 PM,County Route,BROADWAY AVE,,,,Cyclist (non-electric),Single Vehicle,Clear,Dry,Daylight,Pedestrian Crossing Sign,"Not Suspect of Alcohol Use, Not Suspect of Drug Use","Not Suspect of Alcohol Use, Not Suspect of Drug Use",F78244FE-BBD1-496A-BBC2-CDB75E26D378,Cyclist (non-electric),Cross/Enter at Intersection,"Dart/Dash, Failure to Yield Right-Of-Way, In Roadway Improperly (Standing, Lying, Working, Playing)",Intersection Unmarked Crosswalk,Yes,No Apparent Injury,None,39.21944333,-77.2862065,"(39.21944333, -77.2862065)"
MCP3402000Y,240012529,MONTGOMERY,Injury Crash,03/15/2024 05:03:00 PM,County Route,BRUNETT AVE,UNIVERSITY BLVD W,,,Cyclist (non-electric),Single Vehicle,Clear,Dry,Daylight,Stop Sign,"Not Suspect of Alcohol Use, Not Suspect of Drug Use","Not Suspect of Alcohol Use, Not Suspect of Drug Use",2B961361-CC26-46C2-AA2A-4FDBEBF99876,Cyclist (non-electric),Cross/Enter at Intersection,Unknown,Intersection Marked Crosswalk,No,Suspected Minor Injury,None,39.02290373,-77.01687151,"(39.02290373, -77.01687151)"
MCP3245005G,240018190,MONTGOMERY,Property Damage Crash,04/18/2024 08:22:00 PM,County Route,,STEDWICK RD,,,Pedestrian,Single Vehicle,Clear,Dry,Dark - Lighted,Stop Sign,"Not Suspect of Alcohol Use, Not Suspect of Drug Use","Not Suspect of Alcohol Use, Not Suspect of Drug Use",07E1F58C-63A6-4F2C-86AF-E0B84683ECA4,Pedestrian,Walking/Cycling on Sidewalk,"Not Visible (Dark Clothing, No Lighting, etc.)",Sidewalk,No,No Apparent Injury,None,39.17609007,-77.20987068,"(39.17609007, -77.20987068)"
MCP2966007J,240024847,MONTGOMERY,Property Damage Crash,05/25/2024 08:01:00 PM,Bicycle Route,,STARDRIFT DR,,,Cyclist (Electric),Single Vehicle,Rain,Wet,Dark - Not Lighted,Pedestrian Crossing Sign,"Not Suspect of Alcohol Use, Not Suspect of Drug Use","Not Suspect of Alcohol Use, Not Suspect of Drug Use",31CDC2F4-3F04-49EF-BA3B-F35737775068,Cyclist (Electric),Cross/Enter at Intersection,None (No Improper Action),Intersection Marked Crosswalk,No,No Apparent Injury,"Helmet, Lighting, Reflectors",39.20659944,-77.24652014,"(39.20659944, -77.24652014)"
MCP3111007W,240007142,MONTGOMERY,Injury Crash,02/13/2024 09:15:00 AM,County Route,PEARL ST,EAST WEST HWY (WB/L),,,Pedestrian,Single Vehicle,Snow,Slush,Daylight,Traffic Control Signal,"Not Suspect of Alcohol Use, Not Suspect of Drug Use","Not Suspect of Alcohol Use, Not Suspect of Drug Use",7CF881FA-2FB0-4F09-8BBD-17A2A3F819C7,Pedestrian,Cross/Enter at Intersection,None (No Improper Action),Intersection Marked Crosswalk,No,Possible Injury,None,38.98499677,-77.09115335,"(38.98499677, -77.09115335)"