Report Number,Local Case Number,Agency Name,ACRS Report Type,Crash Date/Time,Route Type,Road Name,Cross-Street Name,Off-Road Description,Municipality,Related Non-Motorist,Collision Type,Weather,Surface Condition,Light,Traffic Control,Driver Substance Abuse,Non-Motorist Substance Abuse,Person ID,Pedestrian Type,Pedestrian Movement,Pedestrian Actions,Pedestrian Location,At Fault,Injury Severity,Safety Equipment,Latitude,Longitude,Location
MCP29400079,240029707,MONTGOMERY,Injury Crash,06/23/2024 11:00:00 AM,Maryland (State) Route,RIVER RD,,,,Cyclist (non-electric),Single Vehicle,Cloudy,Dry,Daylight,No Controls,"Not Suspect of Alcohol Use, Not Suspect of Drug Use","Not Suspect of Alcohol Use, Not Suspect of Drug Use",D96404B2-71A3-4777-8CA3-0E984011389C,Cyclist (non-electric),Walking/Cycling Along Roadway With Traffic (In or Adjacent to Travel Lane),"Inattentive (Talking, Eating, etc.)",Travel Lane Other Location,Yes,Suspected Minor Injury,Helmet,39.02959499,-77.22828614,"(39.02959499, -77.22828614)"
MCP3199006D,240028629,MONTGOMERY,Injury Crash,06/16/2024 10:58:00 AM,,,,Driveway        13623 GEORGIA AVE,,Scooter (electric),Single Vehicle,Clear,,Daylight,,"Not Suspect of Alcohol Use, Not Suspect of Drug Use","Not Suspect of Alcohol Use, Not Suspect of Drug Use",CD6DFDAA-CB40-43A5-9D30-2B927AA018CB,Scooter (electric),Walking/Cycling on Sidewalk,None (No Improper Action),Driveway Access,No,Possible Injury,None,39.07920182,-77.07283351,"(39.07920182, -77.07283351)"
MCP3094004J,240030113,MONTGOMERY,Injury Crash,06/25/2024 06:37:00 PM,County Route,STRAWBERRY KNOLL RD,,,,Cyclist (Electric),Single Vehicle,Clear,Dry,Daylight,No Controls,"Unknown, Unknown","Not Suspect of Alcohol Use, Not Suspect of Drug Use",146CFE85-F50C-49DC-B729-34B3665A3A04,Cyclist (Electric),Walking/Cycling Along Roadway With Traffic (In or Adjacent to Travel Lane),None (No Improper Action),Shoulder/Roadside,No,Suspected Minor Injury,Helmet,39.16819578,-77.17985375,"(39.16819578, -77.17985375)"
DD56650023,240015087,ROCKVILLE,Injury Crash,03/31/2024 07:40:00 PM,,,,Parking Lot Way        EXXON PARKING LOT,,Pedestrian,Unknown,Clear,,Dark - Lighted,,"Not Suspect of Alcohol Use, Not Suspect of Drug Use","Not Suspect of Alcohol Use, Not Suspect of Drug Use",E7C57B3E-A97E-4AD4-B22F-D16F164B7969,Pedestrian,Push/Work on Vehicle,"Inattentive (Talking, Eating, etc.)",Other,No,Possible Injury,None,39.08628478,-77.15330416,"(39.08628478, -77.15330416)"
MCP1309001Z,180047555,Montgomery County Police,Property Damage Crash,09/23/2018 02:36:00 PM,Maryland (State),WOODFIELD RD,LOG HOUSE RD,,N/A,OTHER,SINGLE VEHICLE,RAINING,WET,DAYLIGHT,NO CONTROLS,NONE DETECTED,NONE DETECTED,961D0619-320E-4E7C-A180-DDECB025B5AE,OTHER,N/A,NO IMPROPER ACTIONS,OTHER,No,NO APPARENT INJURY,N/A,39.25606167,-77.20020167,"(39.25606167, -77.20020167)"
MCP29050068,240021466,MONTGOMERY,Injury Crash,05/06/2024 11:12:00 AM,,,,Parking Lot Way        INSIDE OF PARKING GARAGE LOCATED AT 5400 WESTBARD AVE,,Pedestrian,Single Vehicle,Cloudy,,Other,,"Not Suspect of Alcohol Use, Not Suspect of Drug Use","Not Suspect of Alcohol Use, Not Suspect of Drug Use",8C27330A-62EF-4517-8361-530CA30DC6E4,Pedestrian,Cross/Enter Not at Intersection,Unknown,Other,No,Suspected Minor Injury,None,38.96277811,-77.10658139,"(38.96277811, -77.10658139)"
DD5567002W,240008837,ROCKVILLE,Injury Crash,02/23/2024 10:04:00 AM,,,,Parking Lot Way        PARKING LOT OF 15225 SHADY GROVE RD,,Pedestrian,Single Vehicle,Rain,,Daylight,,"Not Suspect of Alcohol Use, Not Suspect of Drug Use","Not Suspect of Alcohol Use, Not Suspect of Drug Use",A09A8619-DC46-4BDC-9A74-FCF0F864CA7A,Pedestrian,Other,None (No Improper Action),Other,No,Possible Injury,None,39.10715961,-77.18904446,"(39.10715961, -77.18904446)"
DM8498000X,240007070,TAKOMA,Injury Crash,02/12/2024 07:33:00 PM,Maryland (State) Route,PHILADELPHIA AVE,,,,Pedestrian,Single Vehicle,Rain,Wet,Dark - Lighted,No Controls,"Not Suspect of Alcohol Use, Not Suspect of Drug Use","Not Suspect of Alcohol Use, Not Suspect of Drug Use",2A341FE1-30D2-4FD8-9C80-9E3BB3D79C1C,Pedestrian,Cross/Enter at Intersection,None (No Improper Action),Intersection Marked Crosswalk,No,Suspected Minor Injury,None,38.98333776,-77.01572177,"(38.98333776, -77.01572177)"
EJ7873009F,240029325,GAITHERSBURG,Injury Crash,06/20/2024 05:11:00 PM,Maryland (State) Route,QUINCE ORCHARD RD (SB/L),FIRSTFIELD RD (EB/L),,,Pedestrian,Single Vehicle,Clear,Dry,Daylight,Traffic Control Signal,"Not Suspect of Alcohol Use, Not Suspect of Drug Use","Not Suspect of Alcohol Use, Not Suspect of Drug Use",9F4A0D6D-EC93-4027-8287-9243DCCAD5C4,Pedestrian,Cross/Enter at Intersection,Failure to Yield Right-Of-Way,Intersection Marked Crosswalk,No,Suspected Minor Injury,None,39.14510035,-77.21997238,"(39.14510035, -77.21997238)"
MCP3199005Y,240010204,MONTGOMERY,Injury Crash,03/02/2024 12:15:00 PM,,,,Parking Lot Way        IN FRONT OF 4021 POSTGATE TER,,Pedestrian,Single Vehicle,Rain,,Daylight,,"Not Suspect of Alcohol Use, Not Suspect of Drug Use","Not Suspect of Alcohol Use, Not Suspect of Drug Use",B1DF891E-C051-4459-B440-7BBDD2F34A3F,Pedestrian,Cross/Enter Not at Intersection,Dart/Dash,Other,No,Suspected Minor Injury,None,39.08761108,-77.07762369,"(39.08761108, -77.07762369)"
MCP295200FC,240027736,MONTGOMERY,Injury Crash,06/11/2024 09:52:00 AM,County Route,WAYNE AVE,DIXON AVE,,,Scooter (electric),Single Vehicle,Cloudy,Dry,Daylight,Traffic Control Signal,"Not Suspect of Alcohol Use, Not Suspect of Drug Use","Not Suspect of Alcohol Use, Not Suspect of Drug Use",5A87AB95-5CC5-4CB0-BCDF-E9DFFB06BEEB,Scooter (electric),Cross/Enter at Intersection,None (No Improper Action),Intersection Marked Crosswalk,No,Suspected Minor Injury,"Helmet, Reflective Wear (backpack, triangles, etc.)",38.99445555,-77.02798297,"(38.99445555, -77.02798297)"
MCP22310080,240030045,MONTGOMERY,Injury Crash,06/25/2024 12:46:00 PM,Local Route,NO NAME,,,,Pedestrian,Single Vehicle,Cloudy,Dry,Daylight,No Controls,"Not Suspect of Alcohol Use, Not Suspect of Drug Use","Not Suspect of Alcohol Use, Not Suspect of Drug Use",71052BB0-9FE8-45EB-9319-76703E0C2773,Pedestrian,Walking/Cycling Along Roadway Against Traffic (In or Adjacent to Travel Lane),"In Roadway Improperly (Standing, Lying, Working, Playing)",Travel Lane Other Location,Yes,Suspected Minor Injury,None,39.122285,-77.23392333,"(39.122285, -77.23392333)"
MCP29500033,240027023,MONTGOMERY,Injury Crash,06/06/2024 09:07:00 PM,,,,"Parking Lot Way        20910 FREDERICK RD, GERMANTOWN MD 20876
PARKING LOT OF WALMART",,Pedestrian,Single Vehicle,Clear,,Dark - Lighted,,"Not Suspect of Alcohol Use, Not Suspect of Drug Use","Not Suspect of Alcohol Use, Not Suspect of Drug Use",66E4E26D-60DB-45D0-B3EE-ECC1906A1421,Pedestrian,Other,None (No Improper Action),Other,No,Suspected Minor Injury,None,39.19832197,-77.25103668,"(39.19832197, -77.25103668)"
MCP3094004G,240029336,MONTGOMERY,Injury Crash,06/20/2024 05:15:00 PM,,,,"Parking Aisle        PARKING LOT OF 880 RUSSEL  AVE, GAITHERSBURG, MD 20879",,Pedestrian,Single Vehicle,Clear,,Daylight,,"Not Suspect of Alcohol Use, Not Suspect of Drug Use","Not Suspect of Alcohol Use, Not Suspect of Drug Use",0CFE4111-29C2-45F4-AE63-25456601BDF2,Pedestrian,Walking/Cycling Along Roadway Against Traffic (In or Adjacent to Travel Lane),None (No Improper Action),Other,No,Suspected Minor Injury,None,39.15644589,-77.21386805,"(39.15644589, -77.21386805)"
MCP33770019,240024798,MONTGOMERY,Injury Crash,05/25/2024 03:33:00 PM,,,,"Parking Aisle        PARKING LOT OF SUNOCO 10550 CONNECTICUT AVE KENSINGTON, MD 20895",,Pedestrian,Single Vehicle,Clear,,Daylight,,"Not Suspect of Alcohol Use, Not Suspect of Drug Use","Not Suspect of Alcohol Use, Not Suspect of Drug Use",C405CA71-9B26-4066-820B-6C795156F8DF,Pedestrian,Other,None (No Improper Action),Driveway Access,No,Suspected Minor Injury,None,39.02865661,-77.07665438,"(39.02865661, -77.07665438)"
EJ77860002,240004121,GAITHERSBURG,Injury Crash,01/26/2024 07:54:00 AM,,,,Parking Lot Way        PARKING LOT OF 101 EDUCATION BOULEVARD,,Pedestrian,Single Vehicle,Clear,,Daylight,,"Not Suspect of Alcohol Use, Not Suspect of Drug Use","Not Suspect of Alcohol Use, Not Suspect of Drug Use",A3BE14BE-F61F-4897-ADF7-A2DC465814A8,Pedestrian,Cross/Enter at Intersection,None (No Improper Action),Intersection Marked Crosswalk,No,Possible Injury,None,39.13589548,-77.19316343,"(39.13589548, -77.19316343)"
MCP235800CS,240028268,MONTGOMERY,Injury Crash,06/14/2024 06:44:00 AM,Government Route,CONNECTOR RD,,,,Cyclist (non-electric),Single Vehicle,Clear,Dry,Daylight,Traffic Control Signal,"Not Suspect of Alcohol Use, Not Suspect of Drug Use","Not Suspect of Alcohol Use, Not Suspect of Drug Use",D942B889-DBDD-423E-97A5-2CDB8C923DBF,Cyclist (non-electric),Cross/Enter at Intersection,None (No Improper Action),Intersection Marked Crosswalk,No,Suspected Minor Injury,Helmet,38.96457655,-77.13603545,"(38.96457655, -77.13603545)"
MCP3387001C,240028091,MONTGOMERY,Injury Crash,06/13/2024 09:10:00 AM,County Route,,,,,Pedestrian,Single Vehicle,Clear,Dry,Daylight,No Controls,"Not Suspect of Alcohol Use, Not Suspect of Drug Use","Not Suspect of Alcohol Use, Not Suspect of Drug Use",C5696441-5386-4380-8CD7-07D487F4B478,Pedestrian,Cross/Enter Not at Intersection,Dart/Dash,Shoulder/Roadside,Yes,Suspected Minor Injury,None,39.03809458,-76.99413381,"(39.03809458, -76.99413381)"
MCP320000CF,240029430,MONTGOMERY,Injury Crash,06/21/2024 10:00:00 AM,County Route,E JEFFERSON ST,MONTROSE PKWY (WB/L),,,Pedestrian,Single Vehicle,Clear,Dry,Daylight,"Person (including flagger, law enforcement, crossing guard, etc.","Not Suspect of Alcohol Use, Not Suspect of Drug Use","Not Suspect of Alcohol Use, Not Suspect of Drug Use",11AE6B93-8B88-4304-ADD7-6347FAA35746,Pedestrian,Other Working,None (No Improper Action),Intersection Other,No,Suspected Minor Injury,"Reflective Wear (backpack, triangles, etc.)",39.05090634,-77.12610338,"(39.05090634, -77.12610338)"
MCP2968005L,240029076,MONTGOMERY,Injury Crash,06/19/2024 07:45:00 AM,County Route,MOLECULAR DR (SB/L),NOLAN DR TRAVILAH RD,,,Pedestrian,Single Vehicle,Clear,Dry,Daylight,Pedestrian Crossing Sign,"Not Suspect of Alcohol Use, Not Suspect of Drug Use","Not Suspect of Alcohol Use, Not Suspect of Drug Use",03858A30-2AF7-4F34-B657-F8B9D35E0970,Pedestrian,Cross/Enter at Intersection,None (No Improper Action),Intersection Marked Crosswalk,No,Possible Injury,None,39.09265667,-77.21064667,"(39.09265667, -77.21064667)"
MCP25820054,240028594,MONTGOMERY,Injury Crash,06/16/2024 01:39:00 AM,,,,Driveway        DRIVEWAY / SIDEWALK IN FRONT OF 12313 GEORGIA AVE (MCDONALDS DRIVE-THRU),,Cyclist (non-electric),Single Vehicle,Clear,,Dark - Lighted,,"Unknown, Unknown","Not Suspect of Alcohol Use, Not Suspect of Drug Use",02776FED-0BA3-416F-87F0-4556A8237411,Cyclist (non-electric),Walking/Cycling on Sidewalk,None (No Improper Action),Driveway Access,No,Suspected Minor Injury,None,39.05907262,-77.05004018,"(39.05907262, -77.05004018)"
MCP30970038,240023445,MONTGOMERY,Injury Crash,05/18/2024 04:57:00 AM,,,,Parking Lot Way        PARKING LOT OF 8451 GEORGIA AVENUE,,Pedestrian,Single Vehicle,Rain,,Dark - Lighted,,"Not Suspect of Alcohol Use, Not Suspect of Drug Use","Suspect of Alcohol Use, Not Suspect of Drug Use",F6E57504-9058-4C89-AFC5-451A5E43F7CC,Pedestrian,Other,None (No Improper Action),Other,No,Suspected Minor Injury,None,38.99615843,-77.02775953,"(38.99615843, -77.02775953)"
MCP2392000K,240009531,MONTGOMERY,Injury Crash,02/26/2024 12:04:00 PM,,,,Parking Stall        SIDE PARKING LOT,,Pedestrian,Single Vehicle,Clear,,Daylight,,"Not Suspect of Alcohol Use, Not Suspect of Drug Use","Not Suspect of Alcohol Use, Not Suspect of Drug Use",BE5DAF5A-8F23-4F33-90B9-085AAFD865C6,Pedestrian,Standing,None (No Improper Action),NonTrafficway Area,No,Suspected Minor Injury,None,39.14830061,-77.01966318,"(39.14830061, -77.01966318)"
MCP2799007V,240026054,MONTGOMERY,Injury Crash,06/01/2024 06:27:00 PM,Maryland (State) Route,16TH ST,,,,Pedestrian,Single Vehicle,Clear,Dry,Daylight,Traffic Control Signal,"Not Suspect of Alcohol Use, Not Suspect of Drug Use","Not Suspect of Alcohol Use, Not Suspect of Drug Use",A71C05C7-0217-45C7-9CD4-BECA0203FCF7,Pedestrian,Cross/Enter at Intersection,None (No Improper Action),Intersection Marked Crosswalk,No,Suspected Minor Injury,None,38.99466641,-77.03614579,"(38.99466641, -77.03614579)"
MCP2552006Z,240012502,MONTGOMERY,Injury Crash,03/15/2024 03:05:00 PM,,,,"Private Road        PARKING LOT OF 16185 SHADY GROVE ROAD, ROCKVILLE, MD 20850",,Pedestrian,Other,Cloudy,,Daylight,,"Not Suspect of Alcohol Use, Not Suspect of Drug Use, Not Suspect of Alcohol Use, Not Suspect of Drug Use","Not Suspect of Alcohol Use, Not Suspect of Drug Use",92F6ABD0-FED6-4E30-A12C-633F72BC1DC0,Pedestrian,Standing,None (No Improper Action),Other,No,Suspected Serious Injury,None,39.12092412,-77.17819375,"(39.12092412, -77.17819375)"
MCP3334002D,240007066,MONTGOMERY,Injury Crash,02/12/2024 07:33:00 PM,,,,Parking Lot Way        8541 GEORGIA AVENUE PARKING LOT.,,Pedestrian,Single Vehicle,Rain,,Dark - Lighted,No Controls,"Not Suspect of Alcohol Use, Not Suspect of Drug Use","Not Suspect of Alcohol Use, Not Suspect of Drug Use",4DA12B6A-747C-498C-A5E5-915CFE8EB9DC,Pedestrian,Walking/Cycling on Sidewalk,None (No Improper Action),Other,No,Possible Injury,None,38.99614787,-77.02767684,"(38.99614787, -77.02767684)"
MCP1563009G,240020681,MONTGOMERY,Injury Crash,05/03/2024 07:33:00 AM,,,,Driveway        SIDEWALK COMING FROM PRIVATE DRIVEWAY,,Cyclist (non-electric),Single Vehicle,Clear,,Daylight,,"Not Suspect of Alcohol Use, Not Suspect of Drug Use","Not Suspect of Alcohol Use, Not Suspect of Drug Use",81673797-4464-4208-99A1-FD131B8E1BB5,Cyclist (non-electric),Walking/Cycling on Sidewalk,None (No Improper Action),Sidewalk,No,Suspected Minor Injury,Helmet,38.98813199,-77.08070527,"(38.98813199, -77.08070527)"
MCP21070056,240019307,MONTGOMERY,Injury Crash,04/26/2024 12:33:00 PM,,,,Parking Lot Way        21010 FREDERICK RD PARKING LOT (HOME DEPOT),,Pedestrian,Single Vehicle,Clear,,Daylight,,"Unknown, Unknown","Not Suspect of Alcohol Use, Not Suspect of Drug Use",204CE77C-637B-4388-AE1C-0EF7D9F29AEB,Pedestrian,Other Working,None (No Improper Action),Travel Lane Other Location,No,Possible Injury,None,39.23439452,-77.28096699,"(39.23439452, -77.28096699)"
MCP2968005L,240029076,MONTGOMERY,Injury Crash,06/19/2024 07:45:00 AM,County Route,MOLECULAR DR (SB/L),NOLAN DR TRAVILAH RD,,,Pedestrian,Single Vehicle,Clear,Dry,Daylight,Pedestrian Crossing Sign,"Not Suspect of Alcohol Use, Not Suspect of Drug Use","Not Suspect of Alcohol Use, Not Suspect of Drug Use",46688B79-4F96-4E4F-8EAB-AC94B1F1A888,Pedestrian,Cross/Enter at Intersection,None (No Improper Action),Intersection Marked Crosswalk,No,Possible Injury,None,39.09265667,-77.21064667,"(39.09265667, -77.21064667)"
MCP3010009F,240012643,MONTGOMERY,Injury Crash,03/16/2024 10:50:00 AM,,,,Parking Lot Way        IN PARKING LOT OF 4924 WYACONDA RD,,Pedestrian,Single Vehicle,Clear,,Daylight,,,"Not Suspect of Alcohol Use, Not Suspect of Drug Use",5AA16CD5-3144-439C-A6C0-C90A7AE432F0,Pedestrian,Standing,None (No Improper Action),Driveway Access,No,Suspected Minor Injury,None,39.04522453,-77.09713754,"(39.04522453, -77.09713754)"
MCP3400001K,240029193,MONTGOMERY,Injury Crash,06/19/2024 06:58:00 PM,,,,Driveway        AT THE DRIVEWAY THAT LEADS FROM THE BP GAS STATION TO UNIVERSITY BLVD WEST.,,Scooter (electric),Single Vehicle,Clear,,Daylight,,"Unknown, Unknown","Not Suspect of Alcohol Use, Not Suspect of Drug Use",69455651-8BAC-4EEA-8F5E-F4BDBAC19FA9,Scooter (electric),Walking/Cycling on Sidewalk,None (No Improper Action),Sidewalk,No,Suspected Minor Injury,None,39.02066497,-77.01440095,"(39.02066497, -77.01440095)"
MCP3113005Z,240008881,MONTGOMERY,Injury Crash,02/23/2024 01:30:00 PM,,,,Parking Stall        PARKING LOT IN FRONT OF 1802 TUFA TERRACE,,Pedestrian,Unknown,Cloudy,,Daylight,,"Not Suspect of Alcohol Use, Not Suspect of Drug Use","Not Suspect of Alcohol Use, Not Suspect of Drug Use",79C882C4-6834-40DD-A23A-FCFC155BE4CC,Pedestrian,Standing,None (No Improper Action),Other,No,Suspected Minor Injury,None,39.06689895,-76.97527262,"(39.06689895, -76.97527262)"
MCP2445005H,240007274,MONTGOMERY,Injury Crash,02/14/2024 08:24:00 AM,,,,"Parking Lot Way        PARKING LOT OF 20910 FREDERICK RD, GERMANTOWN, MD",,Pedestrian,Single Vehicle,Clear,,Daylight,,"Not Suspect of Alcohol Use, Not Suspect of Drug Use","Not Suspect of Alcohol Use, Not Suspect of Drug Use",90D1D99E-119D-44E2-B64C-039E76A78A57,Pedestrian,Cross/Enter at Intersection,None (No Improper Action),Intersection Marked Crosswalk,No,Suspected Minor Injury,None,39.19862631,-77.25173547,"(39.19862631, -77.25173547)"
DD5633008M,240007186,ROCKVILLE,Property Damage Crash,02/13/2024 03:30:00 PM,,,,Parking Lot Way        PARKING LOT 451 HUNGERFORD DRIVE.,,Wheelchair (electric),Single Vehicle,Clear,,Daylight,,"Not Suspect of Alcohol Use, Not Suspect of Drug Use","Not Suspect of Alcohol Use, Not Suspect of Drug Use",BD3B5C72-D3BD-4A33-B90F-7B6A91A59B59,Wheelchair (electric),Walking/Cycling Along Roadway With Traffic (In or Adjacent to Travel Lane),"In Roadway Improperly (Standing, Lying, Working, Playing)",NonTrafficway Area,Yes,No Apparent Injury,None,39.08983882,-77.15176414,"(39.08983882, -77.15176414)"
MCP320000CC,240029248,MONTGOMERY,Injury Crash,06/20/2024 09:59:00 AM,Maryland (State) Route,WILSON LA (WB/L),,,,Cyclist (non-electric),Single Vehicle,Clear,Dry,Daylight,Traffic Control Signal,"Not Suspect of Alcohol Use, Not Suspect of Drug Use","Not Suspect of Alcohol Use, Not Suspect of Drug Use",3B30BF08-0517-4EC7-AF0D-D2427BAC9AEA,Cyclist (non-electric),Standing,None (No Improper Action),Travel Lane Other Location,No,Possible Injury,Helmet,38.98399202,-77.13715592,"(38.98399202, -77.13715592)"
DM85140016,240026879,TAKOMA,Injury Crash,06/06/2024 05:22:00 AM,,,,Parking Lot Way        UNIT ONE STRUCK PED WHEN EXITING PARKING LOT,,Pedestrian,Unknown,Clear,,Dark - Not Lighted,,"Not Suspect of Alcohol Use, Not Suspect of Drug Use","Not Suspect of Alcohol Use, Not Suspect of Drug Use",04F1FA07-C45E-47CB-852D-5CB5C2F3479D,Pedestrian,Walking/Cycling on Sidewalk,"Not Visible (Dark Clothing, No Lighting, etc.)",Sidewalk,No,Suspected Minor Injury,None,38.97583083,-76.99340711,"(38.97583083, -76.99340711)"
MCP23450013,240010015,MONTGOMERY,Property Damage Crash,03/01/2024 07:40:00 AM,,,,Parking Lot Way        WOOTON HIGH SCHOOL PARKING LOT,,Pedestrian,Single Vehicle,Clear,,Daylight,,"Not Suspect of Alcohol Use, Not Suspect of Drug Use","Not Suspect of Alcohol Use, Not Suspect of Drug Use",66BDC696-29AE-4363-A5E7-34C2B51AD917,Pedestrian,Other Working,None (No Improper Action),Other,No,No Apparent Injury,None,39.07626056,-77.18332196,"(39.07626056, -77.18332196)"
MCP22860062,240019387,MONTGOMERY,Injury Crash,04/25/2024 04:10:00 PM,,,,Parking Lot Way        15609 FREDERICK RD LOT,,Pedestrian,Single Vehicle,Clear,,Daylight,,"Not Suspect of Alcohol Use, Not Suspect of Drug Use","Not Suspect of Alcohol Use, Not Suspect of Drug Use",051C100E-2655-4FB0-9DB0-81741852EB50,Pedestrian,Walking/Cycling on Sidewalk,None (No Improper Action),Sidewalk,No,Possible Injury,None,39.11173904,-77.16126246,"(39.11173904, -77.16126246)"
MCP3377001F,240028400,MONTGOMERY,Injury Crash,06/14/2024 07:09:00 PM,Municipality Route,ROSEMARY ST #2,,,,Cyclist (non-electric),Single Vehicle,Clear,Dry,Daylight,No Controls,"Not Suspect of Alcohol Use, Not Suspect of Drug Use","Not Suspect of Alcohol Use, Not Suspect of Drug Use",E0BAAE9B-BB73-424C-904E-6E9D45897776,Cyclist (non-electric),None,Other,Other,No,Suspected Minor Injury,None,38.97782517,-77.07825833,"(38.97782517, -77.07825833)"
MCP27300042,240015339,MONTGOMERY,Injury Crash,04/02/2024 12:15:00 PM,,,,"Parking Aisle        PARKING AREA OF 12922 MIDDLEBROOK ROAD, GERMANTOWN MD",,Pedestrian,Single Vehicle,Rain,,Other,,"Not Suspect of Alcohol Use, Not Suspect of Drug Use","Not Suspect of Alcohol Use, Not Suspect of Drug Use",04CA65F3-53C2-4AF2-8AB5-A52CC9C0C5CD,Pedestrian,Other,None (No Improper Action),Other,No,Possible Injury,None,39.17996054,-77.23634584,"(39.17996054, -77.23634584)"
MCP2752006F,240029321,MONTGOMERY,Injury Crash,06/20/2024 04:41:00 PM,Private Route,,MOTOR CITY DR WESTLAKE TERR WESTLAKE TERR (WB/L),,,Pedestrian,Single Vehicle,Clear,Dry,Daylight,Traffic Control Signal,"Not Suspect of Alcohol Use, Not Suspect of Drug Use","Not Suspect of Alcohol Use, Not Suspect of Drug Use",0707EC6A-6FDE-465D-9623-6E1A7F1A563F,Pedestrian,Cross/Enter at Intersection,Unknown,Intersection Marked Crosswalk,No,Suspected Minor Injury,None,39.02641051,-77.14402384,"(39.02641051, -77.14402384)"
MCP3245005W,240029630,MONTGOMERY,Injury Crash,06/22/2024 05:41:00 PM,,,,Parking Lot Way        IN FRONT OF DOLLAR TREE,,Pedestrian,Single Vehicle,Clear,,Daylight,,"Not Suspect of Alcohol Use, Not Suspect of Drug Use","Not Suspect of Alcohol Use, Not Suspect of Drug Use",9318597D-E123-4B7E-BCED-020958F7B7F6,Pedestrian,Cross/Enter Not at Intersection,Dart/Dash,Travel Lane Other Location,Yes,Suspected Minor Injury,None,39.17157726,-77.20507312,"(39.17157726, -77.20507312)"