Report Number,Local Case Number,Agency Name,ACRS Report Type,Crash Date/Time,Route Type,Road Name,Cross-Street Name,Off-Road Description,Municipality,Related Non-Motorist,Collision Type,Weather,Surface Condition,Light,Traffic Control,Driver Substance Abuse,Non-Motorist Substance Abuse,Person ID,Pedestrian Type,Pedestrian Movement,Pedestrian Actions,Pedestrian Location,At Fault,Injury Severity,Safety Equipment,Latitude,Longitude,Location
MCP1378018K,240028019,MONTGOMERY,Injury Crash,06/12/2024 05:47:00 PM,Maryland (State) Route,COLESVILLE RD (WB/L),EAST WEST HWY,,,Cyclist (non-electric),Single Vehicle,Cloudy,Dry,Daylight,Traffic Control Signal,"Not Suspect of Alcohol Use, Not Suspect of Drug Use","Not Suspect of Alcohol Use, Not Suspect of Drug Use",48F906CD-F38C-4C26-B3C5-4F1364279F4C,Cyclist (non-electric),Cross/Enter at Intersection,None (No Improper Action),Intersection Marked Crosswalk,No,Possible Injury,Helmet,38.99368589,-77.03235792,"(38.99368589, -77.03235792)"
EJ77860002,240004121,GAITHERSBURG,Injury Crash,01/26/2024 07:54:00 AM,,,,Parking Lot Way        PARKING LOT OF 101 EDUCATION BOULEVARD,,Pedestrian,Single Vehicle,Clear,,Daylight,,"Not Suspect of Alcohol Use, Not Suspect of Drug Use","Not Suspect of Alcohol Use, Not Suspect of Drug Use",AA34D698-BA15-4F06-9F6C-81DA1F679D84,Pedestrian,Cross/Enter at Intersection,None (No Improper Action),Intersection Marked Crosswalk,Yes,Possible Injury,None,39.13589548,-77.19316343,"(39.13589548, -77.19316343)"
MCP31230071,240018994,MONTGOMERY,Injury Crash,04/23/2024 04:48:00 PM,,,,Parking Stall        PARKING LOT OF 12935 PINNACLE DR GERMANTOWN MD 20874,,Pedestrian,Rear To Side,Clear,,Daylight,,"Not Suspect of Alcohol Use, Not Suspect of Drug Use","Not Suspect of Alcohol Use, Not Suspect of Drug Use",1BCDE1D1-2E83-4C5F-9BD9-9FC240C9F963,Pedestrian,Standing,None (No Improper Action),Other,No,Suspected Minor Injury,None,39.1837859,-77.265646,"(39.1837859, -77.265646)"
MCP2906003H,240021945,MONTGOMERY,Injury Crash,05/09/2024 12:00:00 PM,,,,Parking Lot Way        PARKING LOT OF 23 WEST DIAMOND AVENUE,,Pedestrian,Single Vehicle,"Fog, Smog, Smoke",,Daylight,,"Unknown, Unknown","Unknown, Unknown",0D0E76C0-615B-4FF0-A20B-64D648780DF2,Pedestrian,Other Working,None (No Improper Action),Other,No,Suspected Minor Injury,None,39.14057149,-77.19994739,"(39.14057149, -77.19994739)"
MCP32940029,240029645,MONTGOMERY,Injury Crash,06/22/2024 07:34:00 PM,County Route,,SNOUFFERS SCHOOL RD WIGHTMAN RD,,,Cyclist (non-electric),Single Vehicle,Clear,Dry,Daylight,Traffic Control Signal,"Not Suspect of Alcohol Use, Not Suspect of Drug Use","Not Suspect of Alcohol Use, Not Suspect of Drug Use",38E55ADC-3B1D-4C89-B720-4EDA037B3B10,Cyclist (non-electric),Cross/Enter at Intersection,Other,Intersection Other,Yes,Suspected Minor Injury,None,39.18783438,-77.18696789,"(39.18783438, -77.18696789)"
DD56570021,240029615,ROCKVILLE,Injury Crash,06/22/2024 04:34:00 PM,Maryland (State) Route,FREDERICK RD,,,,Pedestrian,Single Vehicle,Clear,Dry,Daylight,Traffic Control Signal,"Not Suspect of Alcohol Use, Not Suspect of Drug Use","Not Suspect of Alcohol Use, Not Suspect of Drug Use",F461BF72-700C-4AFA-936D-3236FE43CDA9,Pedestrian,Cross/Enter at Intersection,None (No Improper Action),Intersection Marked Crosswalk,No,Suspected Minor Injury,None,39.11742428,-77.16901823,"(39.11742428, -77.16901823)"
EJ77860002,240004121,GAITHERSBURG,Injury Crash,01/26/2024 07:54:00 AM,,,,Parking Lot Way        PARKING LOT OF 101 EDUCATION BOULEVARD,,Pedestrian,Single Vehicle,Clear,,Daylight,,"Not Suspect of Alcohol Use, Not Suspect of Drug Use","Not Suspect of Alcohol Use, Not Suspect of Drug Use",37C028F4-DD04-471A-B99A-75962903766D,Pedestrian,Cross/Enter at Intersection,None (No Improper Action),Intersection Marked Crosswalk,No,Possible Injury,None,39.13589548,-77.19316343,"(39.13589548, -77.19316343)"
EJ7894004F,2400212674,GAITHERSBURG,Injury Crash,05/08/2024 12:24:00 PM,,,,"Parking Lot Way        229 KENTLANDS BLVD, GAITHERSBURG (GIANT FOOD PARKING LOT)",,Pedestrian,Single Vehicle,Clear,,Daylight,,"Unknown, Unknown","Not Suspect of Alcohol Use, Not Suspect of Drug Use",8F7C76A4-8975-4812-AFBA-8ED589DDEBB7,Pedestrian,Standing,None (No Improper Action),Other,No,Suspected Minor Injury,None,39.12543775,-77.23810775,"(39.12543775, -77.23810775)"
EJ7902000R,240010146,GAITHERSBURG,Injury Crash,03/01/2024 08:05:00 PM,,,,Parking Stall        PARKING LOT OF POPEYES,,Pedestrian,Single Vehicle,Rain,,Dark - Lighted,,"Unknown, Unknown","Suspect of Alcohol Use, Unknown",9BFA2478-C382-449E-B760-EC25D8CFB4C1,Pedestrian,Other,"In Roadway Improperly (Standing, Lying, Working, Playing), Not Visible (Dark Clothing, No Lighting, etc.), Other",NonTrafficway Area,No,Suspected Minor Injury,None,39.14671797,-77.20447312,"(39.14671797, -77.20447312)"
MCP2783005D,240024035,MONTGOMERY,Injury Crash,05/23/2024 03:21:00 PM,,,,Driveway        13311 NEW HAMPSHIRE AVE,,Pedestrian,Single Vehicle,Clear,,Daylight,,"Unknown, Unknown","Not Suspect of Alcohol Use, Not Suspect of Drug Use",F196F280-3F4B-46AD-A5A2-1D9E40BC00F7,Pedestrian,Walking/Cycling on Sidewalk,None (No Improper Action),Driveway Access,No,Possible Injury,None,39.07463562,-77.00210476,"(39.07463562, -77.00210476)"
MCP34320017,240055605,MONTGOMERY,Injury Crash,11/20/2024 08:56:00 AM,County Route,LONGMEAD CROSSING DR,LAYHILL RD (SB/L),,,Pedestrian,Unknown,Clear,Dry,Daylight,Traffic Control Signal,"Not Suspect of Alcohol Use, Not Suspect of Drug Use","Not Suspect of Alcohol Use, Not Suspect of Drug Use",8F34EC1D-2772-4BAF-943E-07771D604314,Pedestrian,Cross/Enter at Intersection,None (No Improper Action),Intersection Marked Crosswalk,No,Suspected Minor Injury,None,39.0955947,-77.04461156,"(39.0955947, -77.04461156)"
MCP3424000S,240055799,MONTGOMERY,Injury Crash,11/20/2024 11:10:00 PM,Municipality Route,WASHINGTONIAN BLVD (SB/L),,,,Pedestrian,Single Vehicle,Rain,Wet,Dark - Lighted,No Controls,"Not Suspect of Alcohol Use, Not Suspect of Drug Use","Not Suspect of Alcohol Use, Not Suspect of Drug Use",19C2E3AF-C39D-4140-882D-41FAE555B563,Pedestrian,Unknown,None (No Improper Action),Travel Lane Other Location,No,Suspected Minor Injury,None,39.11757268,-77.2035146,"(39.11757268, -77.2035146)"
MCP2931007H,240056141,MONTGOMERY,Injury Crash,11/22/2024 05:00:00 PM,Maryland (State) Route,FREDERICK RD (SB/L),REDLAND BLVD (EB/L),,,Pedestrian,Unknown,Rain,Wet,Dark - Lighted,Traffic Control Signal,"Unknown, Unknown","Not Suspect of Alcohol Use, Not Suspect of Drug Use",BDBBF23A-4118-494D-9280-F9D16C403EC1,Pedestrian,Cross/Enter at Intersection,None (No Improper Action),Intersection Marked Crosswalk,No,Possible Injury,None,39.11539234,-77.1663189,"(39.11539234, -77.1663189)"
MCP3163007T,240055786,MONTGOMERY,Injury Crash,11/20/2024 08:48:00 PM,,,,Parking Lot Way        PARKING LOT OF 3715 UNIVERSITY BLVD W,,Pedestrian,Single Vehicle,Rain,,Dark - Lighted,,"Unknown, Unknown","Not Suspect of Alcohol Use, Not Suspect of Drug Use",7B37388E-385F-4958-AA72-A217458A7B51,Pedestrian,None,None (No Improper Action),Other,No,Suspected Minor Injury,None,39.03363537,-77.07352018,"(39.03363537, -77.07352018)"
MCP312900BH,240056491,MONTGOMERY,Injury Crash,11/25/2024 06:39:00 AM,Maryland (State) Route,CONNECTICUT AVE,INDEPENDENCE ST,,,Pedestrian,Single Vehicle,Clear,Dry,Dawn,Traffic Control Signal,"Not Suspect of Alcohol Use, Not Suspect of Drug Use","Not Suspect of Alcohol Use, Not Suspect of Drug Use",33CC8A3A-D886-4D78-8AE3-B072E4777A18,Pedestrian,Cross/Enter at Intersection,None (No Improper Action),Intersection Marked Crosswalk,No,Suspected Minor Injury,None,39.07637666,-77.08052504,"(39.07637666, -77.08052504)"
EJ7905001W,240055656,GAITHERSBURG,Injury Crash,11/20/2024 12:05:00 PM,,,,Parking Lot Way        ENTRANCE WAY,,Pedestrian,Single Vehicle,Clear,,Daylight,,"Not Suspect of Alcohol Use, Not Suspect of Drug Use","Not Suspect of Alcohol Use, Not Suspect of Drug Use",11056447-6E1F-4A65-9B22-77AC483ABFAC,Pedestrian,Other,None (No Improper Action),Driveway Access,No,Possible Injury,None,39.11414213,-77.18632317,"(39.11414213, -77.18632317)"
MCP2686007D,240055562,MONTGOMERY,Injury Crash,11/19/2024 08:37:00 PM,,,,Parking Lot Way        BETWEEN SIDEWALK AND PARKING LOT DRIVEWAY OF 802 MUDDY BRANCH RD,,Pedestrian,Single Vehicle,Rain,,Dark - Lighted,,"Not Suspect of Alcohol Use, Not Suspect of Drug Use","Not Suspect of Alcohol Use, Not Suspect of Drug Use",96D0B890-21C7-46E0-9904-CD4DC48BCE38,Pedestrian,Cross/Enter at Intersection,"Not Visible (Dark Clothing, No Lighting, etc.)",Intersection Marked Crosswalk,No,Possible Injury,None,39.11377975,-77.21618473,"(39.11377975, -77.21618473)"
MCP30910057,240056492,MONTGOMERY,Injury Crash,11/25/2024 06:47:00 AM,County Route,REDLAND RD,,,,Pedestrian,Single Vehicle,Clear,Dry,Daylight,Traffic Control Signal,"Not Suspect of Alcohol Use, Not Suspect of Drug Use","Not Suspect of Alcohol Use, Not Suspect of Drug Use",AE96D2C0-34CF-4B0D-8F55-1FD3C2208D76,Pedestrian,None,Unknown,Intersection Marked Crosswalk,No,Possible Injury,None,39.1199395,-77.15983407,"(39.1199395, -77.15983407)"
MCP3424000V,240056695,MONTGOMERY,Injury Crash,11/25/2024 11:24:00 PM,Maryland (State) Route,S FREDERICK RD,,,,Pedestrian,Single Vehicle,Clear,Dry,Dark - Lighted,No Controls,"Not Suspect of Alcohol Use, Not Suspect of Drug Use","Not Suspect of Alcohol Use, Not Suspect of Drug Use",14B0FD4E-1D7B-45C3-A499-BA48B04B7BA7,Pedestrian,None,None (No Improper Action),Unknown,No,Possible Injury,None,39.13850018,-77.19492969,"(39.13850018, -77.19492969)"
MCP2016008C,240056510,MONTGOMERY,Injury Crash,11/25/2024 08:12:00 AM,County Route,SOUTHLAWN LA,,,,Pedestrian,Single Vehicle,Clear,Dry,Daylight,No Controls,"Not Suspect of Alcohol Use, Not Suspect of Drug Use","Not Suspect of Alcohol Use, Not Suspect of Drug Use",FCAF37DA-A076-43E5-933A-2160915CEDD9,Pedestrian,None,None (No Improper Action),Other,No,Suspected Minor Injury,None,39.0997508,-77.13604335,"(39.0997508, -77.13604335)"
MCP9318003K,240056420,MONTGOMERY,Injury Crash,11/24/2024 04:50:00 PM,County Route,DENNIS AVE,,,,Scooter (electric),Single Vehicle,Clear,Dry,Dusk,Pedestrian Crossing Sign,"Not Suspect of Alcohol Use, Not Suspect of Drug Use","Not Suspect of Alcohol Use, Not Suspect of Drug Use",5840A584-DB29-4AFC-BA73-76DEDBBBC6EA,Scooter (electric),Other,Unknown,Midblock Marked Crosswalk,No,Suspected Minor Injury,Unknown,39.02391683,-77.02945887,"(39.02391683, -77.02945887)"
MCP3424000V,240056695,MONTGOMERY,Injury Crash,11/25/2024 11:24:00 PM,Maryland (State) Route,S FREDERICK RD,,,,Pedestrian,Single Vehicle,Clear,Dry,Dark - Lighted,No Controls,"Not Suspect of Alcohol Use, Not Suspect of Drug Use","Not Suspect of Alcohol Use, Not Suspect of Drug Use",6041043D-00E9-4396-91FF-29CD996AAE9E,Pedestrian,Standing,None (No Improper Action),Unknown,No,Possible Injury,None,39.13850018,-77.19492969,"(39.13850018, -77.19492969)"
MCP120500CJ,240055249,MONTGOMERY,Injury Crash,11/18/2024 09:07:00 AM,County Route,WOODMONT AVE,CORDELL AVE,,,Pedestrian,Single Vehicle,Cloudy,Dry,Daylight,Traffic Control Signal,"Not Suspect of Alcohol Use, Not Suspect of Drug Use","Not Suspect of Alcohol Use, Not Suspect of Drug Use",2CCE0131-BE0D-4C89-84D0-38B88AA19326,Pedestrian,Cross/Enter at Intersection,None (No Improper Action),Intersection Marked Crosswalk,No,Suspected Minor Injury,None,38.99082053,-77.09663736,"(38.99082053, -77.09663736)"
MCP31480072,240055763,MONTGOMERY,Injury Crash,11/20/2024 07:00:00 PM,County Route,PORTER RD,LANIER DR PENNSYLVANIA AVE,,,Pedestrian,Single Vehicle,Clear,Dry,Dark - Not Lighted,Stop Sign,"Not Suspect of Alcohol Use, Not Suspect of Drug Use","Not Suspect of Alcohol Use, Not Suspect of Drug Use",FD0D09AC-760F-4C0B-BB62-76132CC11DA6,Pedestrian,Cross/Enter at Intersection,None (No Improper Action),Intersection Marked Crosswalk,No,Suspected Minor Injury,None,39.00140362,-77.04674703,"(39.00140362, -77.04674703)"
MCP3424000V,240056695,MONTGOMERY,Injury Crash,11/25/2024 11:24:00 PM,Maryland (State) Route,S FREDERICK RD,,,,Pedestrian,Single Vehicle,Clear,Dry,Dark - Lighted,No Controls,"Not Suspect of Alcohol Use, Not Suspect of Drug Use","Not Suspect of Alcohol Use, Not Suspect of Drug Use",7F56C2BE-E96D-449A-874E-227EA289C005,Pedestrian,None,None (No Improper Action),Unknown,No,Possible Injury,None,39.13850018,-77.19492969,"(39.13850018, -77.19492969)"
MCP27450027,190012266,Montgomery County Police,Injury Crash,03/16/2019 11:25:00 PM,,,,IN FRONT OF 9708 DIGGING RD,,PEDESTRIAN,SINGLE VEHICLE,CLEAR,,DARK LIGHTS ON,NO CONTROLS,,NONE DETECTED,FB572AF2-26EB-4F62-8597-521F4E23982F,PEDESTRIAN,Other,INATTENTIVE,OTHER,Yes,SUSPECTED SERIOUS INJURY,N/A,39.16843084,-77.19982469,"(39.16843084, -77.19982469)"
MCP2298015X,240030409,MONTGOMERY,Injury Crash,06/27/2024 02:45:00 PM,,,,Parking Lot Way        20910 FREDERICK ROAD  PARKING LOT OF WALMART,,Pedestrian,Single Vehicle,Clear,,Daylight,,"Not Suspect of Alcohol Use, Not Suspect of Drug Use","Not Suspect of Alcohol Use, Not Suspect of Drug Use",91D4E293-03EB-466C-B8BE-D578D85B872D,Pedestrian,Other,None (No Improper Action),Other,No,Suspected Serious Injury,None,39.19829218,-77.25145092,"(39.19829218, -77.25145092)"
MCP2871009G,240000908,MONTGOMERY,Property Damage Crash,01/06/2024 03:09:00 PM,Maryland (State) Route,ROCKVILLE PIKE,,,,Pedestrian,Single Vehicle,Freezing Rain Or Freezing Drizzle,Wet,Daylight,Traffic Control Signal,"Not Suspect of Alcohol Use, Not Suspect of Drug Use","Not Suspect of Alcohol Use, Not Suspect of Drug Use",5AAE8430-832D-4C5A-BC90-A37925211455,Pedestrian,Cross/Enter at Intersection,None (No Improper Action),Intersection Marked Crosswalk,No,No Apparent Injury,None,39.04718005,-77.11280141,"(39.04718005, -77.11280141)"
DD5538004G,240031080,ROCKVILLE,Injury Crash,07/01/2024 04:35:00 PM,Maryland (State) Route,HUNGERFORD DR,,,,Wheelchair (electric),Single Vehicle,Clear,Dry,Daylight,No Controls,"Not Suspect of Alcohol Use, Not Suspect of Drug Use","Not Suspect of Alcohol Use, Not Suspect of Drug Use",FDCE8986-3841-4B07-B2E0-3BD2DCCE188F,Wheelchair (electric),Walking/Cycling on Sidewalk,None (No Improper Action),Driveway Access,No,Possible Injury,None,39.09476779,-77.15319541,"(39.09476779, -77.15319541)"
MCP2351005C,240000031,MONTGOMERY,Injury Crash,01/01/2024 06:23:00 AM,County Route,RANDOLPH RD,,,,Pedestrian,Single Vehicle,Clear,Wet,Dark - Not Lighted,No Controls,"Unknown, Unknown","Not Suspect of Alcohol Use, Not Suspect of Drug Use",83B1A628-CB28-4CEF-AF31-28D746EB356B,Pedestrian,Push/Work on Vehicle,"Disabled Vehicle-Related (Working on, Pushing, Leaving/Approaching)",Travel Lane Other Location,No,Suspected Minor Injury,None,39.05392942,-77.09529695,"(39.05392942, -77.09529695)"
MCP29670052,240000278,MONTGOMERY,Injury Crash,01/02/2024 07:10:00 AM,County Route,TUCKERMAN LA,,,,Pedestrian,Single Vehicle,Clear,Dry,Daylight,Traffic Control Signal,"Not Suspect of Alcohol Use, Not Suspect of Drug Use","Not Suspect of Alcohol Use, Not Suspect of Drug Use",068578E5-EBDE-4348-A724-36959BB0C56F,Pedestrian,Cross/Enter at Intersection,None (No Improper Action),Intersection Marked Crosswalk,No,Possible Injury,None,39.03064752,-77.10527832,"(39.03064752, -77.10527832)"
MCP2991009H,240028307,MONTGOMERY,Injury Crash,06/14/2024 10:45:00 AM,County Route,GOOD HOPE RD,,,,Cyclist (non-electric),Single Vehicle,Clear,Dry,Daylight,No Controls,"Not Suspect of Alcohol Use, Not Suspect of Drug Use","Not Suspect of Alcohol Use, Not Suspect of Drug Use",22A6AF6A-21CA-4239-B3B7-35CABCCB0BAC,Cyclist (non-electric),Walking/Cycling Along Roadway With Traffic (In or Adjacent to Travel Lane),None (No Improper Action),Other,No,Suspected Minor Injury,Helmet,39.09892295,-76.98443781,"(39.09892295, -76.98443781)"
MCP3280005J,240029440,MONTGOMERY,Injury Crash,06/21/2024 12:05:00 PM,Maryland (State) Route,NEW HAMPSHIRE AVE (SB/L),LOCKWOOD DR (SB/L),,,Scooter (electric),Single Vehicle,Clear,Dry,Daylight,Traffic Control Signal,"Not Suspect of Alcohol Use, Not Suspect of Drug Use","Not Suspect of Alcohol Use, Not Suspect of Drug Use",77C55758-BBF4-4AF4-8D7F-5DB222221E03,Scooter (electric),Cross/Enter at Intersection,"Failure to Obey Traffic Signs, Signals, or Officer",Intersection Marked Crosswalk,No,Suspected Minor Injury,None,39.03979415,-76.99075001,"(39.03979415, -76.99075001)"
MCP2351005C,240000031,MONTGOMERY,Injury Crash,01/01/2024 06:23:00 AM,County Route,RANDOLPH RD,,,,Pedestrian,Single Vehicle,Clear,Wet,Dark - Not Lighted,No Controls,"Unknown, Unknown","Not Suspect of Alcohol Use, Not Suspect of Drug Use",9A935576-0150-4AD9-83AD-64398A5143DD,Pedestrian,Other,"Disabled Vehicle-Related (Working on, Pushing, Leaving/Approaching)",Other,No,Suspected Minor Injury,None,39.05392942,-77.09529695,"(39.05392942, -77.09529695)"
MCP3360001H,240000673,MONTGOMERY,Injury Crash,01/04/2024 01:20:00 PM,,,,"Parking Lot Way        IN THE PARKING LOT OF (WALMART) - 20910 FREDERICK ROAD, GERMANTOWN MD 20876",,Pedestrian,Single Vehicle,Clear,,Daylight,,"Unknown, Unknown","Not Suspect of Alcohol Use, Not Suspect of Drug Use",4035B48A-62DF-4070-A007-C2D7D5DA4C63,Pedestrian,Other,None (No Improper Action),Driveway Access,No,Suspected Minor Injury,None,39.19833361,-77.25116728,"(39.19833361, -77.25116728)"
MCP2800006C,240029977,MONTGOMERY,Injury Crash,06/24/2024 09:55:00 PM,County Route,NICHOLSON LA,,,,Pedestrian,Single Vehicle,Clear,Dry,Dark - Lighted,No Controls,"Not Suspect of Alcohol Use, Not Suspect of Drug Use","Not Suspect of Alcohol Use, Not Suspect of Drug Use",CB9821A9-0A60-4B81-AEEF-FF3ECABFDFD7,Pedestrian,Cross/Enter Not at Intersection,"In Roadway Improperly (Standing, Lying, Working, Playing), Not Visible (Dark Clothing, No Lighting, etc.), Other",Travel Lane Other Location,Yes,Suspected Minor Injury,None,39.04744423,-77.10214177,"(39.04744423, -77.10214177)"
EJ78650068,240000846,GAITHERSBURG,Property Damage Crash,01/06/2024 01:06:00 AM,Other Public Roadway,CENTER POINT WAY,CENTER POINT WAY MARKET ST E,,,Scooter (electric),Single Vehicle,Clear,Dry,Dark - Lighted,No Controls,"Unknown, Unknown","Not Suspect of Alcohol Use, Not Suspect of Drug Use",6F12427D-8AF5-4DC2-8671-636807A99AB0,Scooter (electric),Cross/Enter at Intersection,None (No Improper Action),Intersection Other,No,No Apparent Injury,None,39.12187321,-77.23458649,"(39.12187321, -77.23458649)"
MCP3261001B,240030308,MONTGOMERY,Injury Crash,06/26/2024 09:58:00 PM,County Route,WASHINGTON GROVE LA,,,,Pedestrian,Single Vehicle,Rain,Wet,Dark - Not Lighted,No Controls,"Not Suspect of Alcohol Use, Not Suspect of Drug Use","Suspect of Alcohol Use, Not Suspect of Drug Use",26C76565-808A-4ED7-9533-F99238D1CE96,Pedestrian,Cross/Enter Not at Intersection,"Dart/Dash, Inattentive (Talking, Eating, etc.), Not Visible (Dark Clothing, No Lighting, etc.)",Travel Lane Other Location,Yes,Suspected Serious Injury,None,39.1522949,-77.16479472,"(39.1522949, -77.16479472)"
MCP3264004B,240030898,MONTGOMERY,Property Damage Crash,06/30/2024 01:29:00 PM,US (State),GEORGIA AVE (SB/L),,,,Cyclist (non-electric),Single Vehicle,Clear,Dry,Daylight,No Controls,"Not Suspect of Alcohol Use, Not Suspect of Drug Use","Not Suspect of Alcohol Use, Not Suspect of Drug Use",4EAF2783-C9CC-4C17-B069-C7A2618847EE,Cyclist (non-electric),Walking/Cycling on Sidewalk,None (No Improper Action),Driveway Access,No,No Apparent Injury,Helmet,38.99129379,-77.0267533,"(38.99129379, -77.0267533)"
EJ78650068,240000846,GAITHERSBURG,Property Damage Crash,01/06/2024 01:06:00 AM,Other Public Roadway,CENTER POINT WAY,CENTER POINT WAY MARKET ST E,,,Scooter (electric),Single Vehicle,Clear,Dry,Dark - Lighted,No Controls,"Unknown, Unknown","Not Suspect of Alcohol Use, Not Suspect of Drug Use",5A1514FE-48AF-4D00-BB32-8DDEFFBCE791,Scooter (electric),Cross/Enter at Intersection,None (No Improper Action),Intersection Other,No,No Apparent Injury,None,39.12187321,-77.23458649,"(39.12187321, -77.23458649)"
MCP2399007R,240001045,MONTGOMERY,Injury Crash,01/07/2024 05:54:00 PM,County Route,MONTGOMERY VILLAGE AVE,HOB HILL WAY,,,Pedestrian,Single Vehicle,Clear,Dry,Unknown,Traffic Control Signal,"Not Suspect of Alcohol Use, Not Suspect of Drug Use","Not Suspect of Alcohol Use, Not Suspect of Drug Use",77E3E5D3-2C74-44F0-98F0-9223453A2D8D,Pedestrian,Cross/Enter at Intersection,None (No Improper Action),Intersection Marked Crosswalk,No,Possible Injury,None,39.18676841,-77.19823307,"(39.18676841, -77.19823307)"
MCP31610065,240000920,MONTGOMERY,Injury Crash,01/06/2024 04:23:00 PM,County Route,HAMPDEN LA,WOODMONT AVE,,,Pedestrian,Single Vehicle,Rain,Wet,Daylight,Traffic Control Signal,"Not Suspect of Alcohol Use, Not Suspect of Drug Use","Not Suspect of Alcohol Use, Not Suspect of Drug Use",CE8BA4A0-F322-435F-A8F8-7ADF522B0165,Pedestrian,Cross/Enter at Intersection,None (No Improper Action),Intersection Marked Crosswalk,No,Suspected Minor Injury,None,38.98271344,-77.09614773,"(38.98271344, -77.09614773)"
MCP33800015,240030460,MONTGOMERY,Injury Crash,06/27/2024 07:47:00 PM,County Route,ELKIN ST,,,,Cyclist (non-electric),Single Vehicle,Clear,Dry,Daylight,No Controls,"Not Suspect of Alcohol Use, Not Suspect of Drug Use","Not Suspect of Alcohol Use, Not Suspect of Drug Use",294665C8-057E-4604-842A-7D13F7D65203,Cyclist (non-electric),Cross/Enter at Intersection,Failure to Yield Right-Of-Way,Intersection Unmarked Crosswalk,Yes,Suspected Minor Injury,None,39.04447922,-77.0490021,"(39.04447922, -77.0490021)"