Report Number,Local Case Number,Agency Name,ACRS Report Type,Crash Date/Time,Route Type,Road Name,Cross-Street Name,Off-Road Description,Municipality,Related Non-Motorist,Collision Type,Weather,Surface Condition,Light,Traffic Control,Driver Substance Abuse,Non-Motorist Substance Abuse,Person ID,Pedestrian Type,Pedestrian Movement,Pedestrian Actions,Pedestrian Location,At Fault,Injury Severity,Safety Equipment,Latitude,Longitude,Location
EJ7907000Z,240058233,GAITHERSBURG,Injury Crash,12/05/2024 05:15:00 PM,Maryland (State) Route,,PHEASANT RUN DR W WATKINS MILL RD,,,Pedestrian,Single Vehicle,Clear,Dry,Dark - Lighted,Traffic Control Signal,"Not Suspect of Alcohol Use, Not Suspect of Drug Use","Not Suspect of Alcohol Use, Not Suspect of Drug Use",92703A2D-F27A-47E1-B5BA-609068BEFBF2,Pedestrian,Cross/Enter at Intersection,None (No Improper Action),Intersection Marked Crosswalk,No,Suspected Minor Injury,None,39.14758319,-77.23292448,"(39.14758319, -77.23292448)"
MCP12270026,240045651,MONTGOMERY,Fatal Crash,09/24/2024 09:12:00 PM,Maryland (State) Route,HUNGERFORD DR,,,,Pedestrian,Single Vehicle,Rain,Wet,Dark - Lighted,Traffic Control Signal,"Not Suspect of Alcohol Use, Not Suspect of Drug Use","Suspect of Alcohol Use, Suspect of Drug Use",B26A5ADF-5818-4654-960E-6D05B84F6EE8,Pedestrian,Cross/Enter Not at Intersection,Unknown,Travel Lane Other Location,Yes,Fatal Injury,None,39.0876499,-77.15016766,"(39.0876499, -77.15016766)"
MCP3431000J,240058081,MONTGOMERY,Injury Crash,12/04/2024 08:11:00 PM,Maryland (State) Route,CLOPPER RD,,,,Pedestrian,Unknown,Clear,Dry,Dark - Lighted,Traffic Control Signal,"Not Suspect of Alcohol Use, Not Suspect of Drug Use","Not Suspect of Alcohol Use, Not Suspect of Drug Use",9A6BF85C-E92A-4800-A954-D41590BE486E,Pedestrian,Walking/Cycling on Sidewalk,"Not Visible (Dark Clothing, No Lighting, etc.)",Intersection Marked Crosswalk,No,Suspected Minor Injury,None,39.15901192,-77.27554972,"(39.15901192, -77.27554972)"
MCP287100BS,240058712,MONTGOMERY,Injury Crash,12/07/2024 06:00:00 PM,,,,Parking Aisle        5110 NICHOLSON LA,,Pedestrian,Single Vehicle,Clear,,Dark - Lighted,,"Not Suspect of Alcohol Use, Not Suspect of Drug Use","Not Suspect of Alcohol Use, Not Suspect of Drug Use",BFC63F58-4E1C-49A3-9436-6C1BFC814713,Pedestrian,Walking/Cycling Along Roadway Against Traffic (In or Adjacent to Travel Lane),None (No Improper Action),Other,No,Possible Injury,None,39.04436613,-77.10522057,"(39.04436613, -77.10522057)"
DD5643004V,240060111,ROCKVILLE,Injury Crash,12/16/2024 05:19:00 PM,Municipality Route,MANNAKEE ST,CARR AVE #2,,,Pedestrian,Single Vehicle,Rain,Wet,Dark - Lighted,Pedestrian Crossing,"Not Suspect of Alcohol Use, Not Suspect of Drug Use","Not Suspect of Alcohol Use, Not Suspect of Drug Use",1CAAED06-F26A-46CE-976D-5AFD5B70D79E,Pedestrian,Unknown,"Not Visible (Dark Clothing, No Lighting, etc.)",Intersection Marked Crosswalk,No,Suspected Minor Injury,None,39.0890798,-77.1666223,"(39.0890798, -77.1666223)"
MCP22700047,240059219,MONTGOMERY,Injury Crash,12/11/2024 12:40:00 PM,Maryland (State) Route,OLD GEORGETOWN RD,AUBURN AVE,,,Pedestrian,Single Vehicle,Rain,Wet,Daylight,Traffic Control Signal,"Not Suspect of Alcohol Use, Not Suspect of Drug Use","Not Suspect of Alcohol Use, Not Suspect of Drug Use",B3F49B55-0669-4852-86A5-BD30851A0046,Pedestrian,Cross/Enter at Intersection,None (No Improper Action),Intersection Marked Crosswalk,No,Suspected Minor Injury,None,38.98884118,-77.10101639,"(38.98884118, -77.10101639)"
MCP31480079,240059313,MONTGOMERY,Injury Crash,12/11/2024 06:42:00 PM,,,,Parking Stall        11830 GRAND PARK AVE PARKING GARAGE,,Pedestrian,Single Vehicle,Clear,,Dark - Lighted,,"Unknown, Unknown","Not Suspect of Alcohol Use, Not Suspect of Drug Use",9445747E-FBD3-46D1-B930-15ECB1E71F62,Pedestrian,Other,Other,Driveway Access,No,Possible Injury,None,39.04986326,-77.11787598,"(39.04986326, -77.11787598)"
MCP2837006N,240059371,MONTGOMERY,Injury Crash,12/12/2024 08:39:00 AM,Maryland (State) Route,DARNESTOWN RD (WB/L),,,,Cyclist (non-electric),Single Vehicle,Clear,Dry,Daylight,No Controls,"Not Suspect of Alcohol Use, Not Suspect of Drug Use","Not Suspect of Alcohol Use, Not Suspect of Drug Use",4F288C59-BB40-4B6C-A520-77C6B9599AB2,Cyclist (non-electric),Walking/Cycling Along Roadway With Traffic (In or Adjacent to Travel Lane),None (No Improper Action),Travel Lane Other Location,No,Possible Injury,"Helmet, Lighting, Reflectors",39.11810833,-77.25991333,"(39.11810833, -77.25991333)"
MCP3408000P,240057731,MONTGOMERY,Injury Crash,12/03/2024 08:09:00 AM,Maryland (State) Route,GEORGIA AVE (SB/L),,,,Pedestrian,Single Vehicle,Clear,Dry,Daylight,No Controls,"Not Suspect of Alcohol Use, Not Suspect of Drug Use","Not Suspect of Alcohol Use, Not Suspect of Drug Use",EB1871AC-978A-401A-9B56-D8E0CDC59438,Pedestrian,Cross/Enter Not at Intersection,"Failure to Obey Traffic Signs, Signals, or Officer",Travel Lane Other Location,Yes,Suspected Serious Injury,None,38.99679445,-77.02913113,"(38.99679445, -77.02913113)"
MCP33760021,240060532,MONTGOMERY,Injury Crash,12/18/2024 07:06:00 PM,County Route,KENDALL ST,LINDELL ST,,,Pedestrian,Single Vehicle,Rain,Wet,Dark - Lighted,Stop Sign,"Not Suspect of Alcohol Use, Not Suspect of Drug Use","Not Suspect of Alcohol Use, Not Suspect of Drug Use",3825B63B-B2C0-42AE-BD4B-B1073CD64CD5,Pedestrian,Cross/Enter at Intersection,None (No Improper Action),Intersection Marked Crosswalk,No,Suspected Minor Injury,None,39.05740066,-77.06072598,"(39.05740066, -77.06072598)"
MCP3031006B,240058911,MONTGOMERY,Injury Crash,12/09/2024 06:00:00 PM,County Route,BONIFANT RD,CATOCTIN DR,,,Pedestrian,Single Vehicle,Clear,Wet,Dark - Lighted,No Controls,"Not Suspect of Alcohol Use, Not Suspect of Drug Use","Not Suspect of Alcohol Use, Not Suspect of Drug Use",48160F33-015C-4804-9E84-171BC9AA748E,Pedestrian,Cross/Enter Not at Intersection,"In Roadway Improperly (Standing, Lying, Working, Playing)",Travel Lane Other Location,Yes,Possible Injury,None,39.09092059,-77.0437445,"(39.09092059, -77.0437445)"
MCP3037006R,240058721,MONTGOMERY,Injury Crash,12/08/2024 06:10:00 PM,County Route,RIDGE RD,OBSERVATION DR (SB/L),,,Pedestrian,Single Vehicle,Clear,Dry,Dark - Lighted,Pedestrian Crossing,"Not Suspect of Alcohol Use, Not Suspect of Drug Use","Not Suspect of Alcohol Use, Not Suspect of Drug Use",0CD1A699-B414-4EED-BDF5-D219A10E61FA,Pedestrian,Cross/Enter at Intersection,None (No Improper Action),Midblock Marked Crosswalk,No,Possible Injury,None,39.2019597,-77.25342628,"(39.2019597, -77.25342628)"
MCP3271005C,240058691,MONTGOMERY,Injury Crash,12/08/2024 02:00:00 PM,,,,Parking Lot Way        MONTGOMERY MALL 7101 DEMOCRACY BLVD,,Pedestrian,Single Vehicle,Clear,,Daylight,,"Not Suspect of Alcohol Use, Not Suspect of Drug Use","Not Suspect of Alcohol Use, Not Suspect of Drug Use",34DB74EA-514B-4230-AC16-79921908A4F0,Pedestrian,Cross/Enter Not at Intersection,None (No Improper Action),NonTrafficway Area,No,Suspected Minor Injury,None,39.02533519,-77.14555619,"(39.02533519, -77.14555619)"
EJ7781005G,240060393,GAITHERSBURG,Injury Crash,12/18/2024 07:18:00 AM,Municipality Route,DIAMOND DR,QUINCE ORCHARD BLVD QUINCE ORCHARD BLVD (EB/L) SEBASTIANI BLVD SEBASTIANI BLVD (SB/L),,,Pedestrian,Single Vehicle,Clear,Dry,Dawn,No Controls,"Not Suspect of Alcohol Use, Not Suspect of Drug Use","Not Suspect of Alcohol Use, Not Suspect of Drug Use",C494DD4D-429C-43C2-B23C-2DAE7BF8F805,Pedestrian,Cross/Enter at Intersection,None (No Improper Action),Intersection Marked Crosswalk,No,Suspected Minor Injury,None,39.13496558,-77.22976059,"(39.13496558, -77.22976059)"
MCP32330057,240059802,MONTGOMERY,Injury Crash,12/14/2024 03:32:00 PM,County Route,FLOWER AVE,,,,Scooter (electric),Single Vehicle,Clear,Dry,Daylight,Pedestrian Crossing,"Unknown, Unknown","Not Suspect of Alcohol Use, Not Suspect of Drug Use",8AE4773A-D201-41CE-B9CB-55F08FDA94A2,Scooter (electric),Cross/Enter at Intersection,None (No Improper Action),Intersection Other,No,Suspected Minor Injury,Other,38.99914495,-77.00383815,"(38.99914495, -77.00383815)"
MCP31480074,240058089,MONTGOMERY,Injury Crash,12/04/2024 08:51:00 PM,Maryland (State) Route,EAST WEST HWY (WB/L),SUNDALE DR WASHINGTON AVE WASHINGTON AVE (NB/L),,,Pedestrian,Single Vehicle,Clear,Dry,Dark - Lighted,Traffic Control Signal,"Not Suspect of Alcohol Use, Not Suspect of Drug Use","Not Suspect of Alcohol Use, Not Suspect of Drug Use",35DE1954-A83E-4B51-BDB6-F4FF9203318C,Pedestrian,Cross/Enter at Intersection,"Failure to Obey Traffic Signs, Signals, or Officer",Intersection Marked Crosswalk,No,Possible Injury,None,38.99492997,-77.04537518,"(38.99492997, -77.04537518)"
MCP3352002H,240059477,MONTGOMERY,Injury Crash,12/12/2024 04:50:00 PM,County Route,LOST KNIFE RD (NB/L),,,,Cyclist (non-electric),Single Vehicle,Clear,Dry,Dark - Lighted,Stop Sign,"Not Suspect of Alcohol Use, Not Suspect of Drug Use","Not Suspect of Alcohol Use, Not Suspect of Drug Use",7ADC7649-72EE-4A91-8E11-3B9EE223316C,Cyclist (non-electric),Cross/Enter at Intersection,None (No Improper Action),Intersection Marked Crosswalk,No,Suspected Minor Injury,None,39.1572178,-77.20324396,"(39.1572178, -77.20324396)"
MCP32270060,240059984,MONTGOMERY,Injury Crash,12/15/2024 09:15:00 PM,Maryland (State) Route,PINEY BRANCH RD,GREENWOOD AVE,,,Pedestrian,Single Vehicle,Rain,Wet,Dark - Lighted,Traffic Control Signal,"Not Suspect of Alcohol Use, Not Suspect of Drug Use","Not Suspect of Alcohol Use, Not Suspect of Drug Use",2E68ED28-667F-44AD-A219-E0E8E6B4B219,Pedestrian,Cross/Enter at Intersection,"Failure to Obey Traffic Signs, Signals, or Officer",Intersection Marked Crosswalk,No,Suspected Minor Injury,None,38.99835348,-77.00232227,"(38.99835348, -77.00232227)"
MCP3085005L,240060109,MONTGOMERY,Injury Crash,12/16/2024 05:04:00 PM,County Route,FINDLEY RD,DRUMM AVE,,,Pedestrian,Single Vehicle,Clear,Wet,Dark - Lighted,No Controls,"Not Suspect of Alcohol Use, Not Suspect of Drug Use","Not Suspect of Alcohol Use, Not Suspect of Drug Use",01A25FD4-47E9-4812-B3ED-173BC70CC9CA,Pedestrian,None,None (No Improper Action),Intersection Other,No,Suspected Minor Injury,None,39.03608348,-77.06106521,"(39.03608348, -77.06106521)"
MCP3392001R,240060012,MONTGOMERY,Injury Crash,12/16/2024 06:40:00 AM,County Route,DAYTON ST,WINDHAM LA,,,Pedestrian,Single Vehicle,Clear,,Dark - Unknown Lighting,Stop Sign,"Not Suspect of Alcohol Use, Not Suspect of Drug Use","Not Suspect of Alcohol Use, Not Suspect of Drug Use",9CEA5D5D-3506-4CFF-A66C-E7D8FF75F23E,Pedestrian,Other,None (No Improper Action),Shoulder/Roadside,No,Suspected Minor Injury,None,39.03192394,-77.04424162,"(39.03192394, -77.04424162)"
MCP2455006P,240014854,MONTGOMERY,Injury Crash,03/29/2024 08:17:00 PM,County Route,E JEFFERSON ST,,,,Scooter (electric),Single Vehicle,Clear,Dry,Dark - Lighted,Pedestrian Crossing Sign,"Not Suspect of Alcohol Use, Not Suspect of Drug Use","Not Suspect of Alcohol Use, Not Suspect of Drug Use",67631C81-3F26-4B65-AA32-AC14B2C6FE83,Scooter (electric),Cross/Enter Not at Intersection,Failure to Yield Right-Of-Way,Midblock Marked Crosswalk,No,Possible Injury,None,39.05626817,-77.12622401,"(39.05626817, -77.12622401)"
MCP31900063,240031646,MONTGOMERY,Property Damage Crash,07/05/2024 08:44:00 AM,Maryland (State) Route,GEORGIA AVE (SB/L),EMORY LA,,,Cyclist (non-electric),Single Vehicle,Clear,Dry,Daylight,Pedestrian Crossing Sign,"Not Suspect of Alcohol Use, Not Suspect of Drug Use","Not Suspect of Alcohol Use, Not Suspect of Drug Use",1617AE5A-F1D3-4F10-A50E-AD8B667899B5,Cyclist (non-electric),Cross/Enter at Intersection,Unknown,Intersection Marked Crosswalk,No,No Apparent Injury,Helmet,39.12614608,-77.07261279,"(39.12614608, -77.07261279)"
MCP3030005V,240004178,MONTGOMERY,Injury Crash,01/26/2024 03:05:00 PM,Maryland (State) Route,RIVER RD,GOLDSBORO RD (SB/L),,,Cyclist (non-electric),Single Vehicle,Clear,Dry,Daylight,Traffic Control Signal,"Not Suspect of Alcohol Use, Not Suspect of Drug Use","Not Suspect of Alcohol Use, Not Suspect of Drug Use",1DA2342E-6494-4715-A290-B73C3BF00A88,Cyclist (non-electric),Walking/Cycling Along Roadway With Traffic (In or Adjacent to Travel Lane),None (No Improper Action),Intersection Other,No,Suspected Serious Injury,Helmet,38.97303657,-77.12209734,"(38.97303657, -77.12209734)"
MCP1433005T,240023666,MONTGOMERY,Injury Crash,05/19/2024 06:35:00 PM,Maryland (State) Route,ROCKVILLE PIKE (SB/L),,,,Cyclist (Electric),Single Vehicle,Clear,Dry,Daylight,No Controls,"Not Suspect of Alcohol Use, Not Suspect of Drug Use","Not Suspect of Alcohol Use, Not Suspect of Drug Use",55FB093E-F09F-4061-8501-9390DE40B889,Cyclist (Electric),Cross/Enter at Intersection,None (No Improper Action),Intersection Marked Crosswalk,No,Suspected Minor Injury,Helmet,39.05809084,-77.12092011,"(39.05809084, -77.12092011)"
EJ7888006F,240032939,GAITHERSBURG,Injury Crash,07/12/2024 05:00:00 PM,County Route,MUDDY BRANCH RD (SB/L),DIAMONDBACK DR,,,Unknown Type Of Non-Motorist,Single Vehicle,Clear,Dry,Daylight,Traffic Control Signal,"Not Suspect of Alcohol Use, Not Suspect of Drug Use","Not Suspect of Alcohol Use, Not Suspect of Drug Use",A7D3EA3D-396B-45F0-A6A8-F183817BAF71,Unknown Type Of Non-Motorist,Cross/Enter at Intersection,Failure to Yield Right-Of-Way,Intersection Other,Yes,Suspected Serious Injury,None,39.11514333,-77.21599867,"(39.11514333, -77.21599867)"
MCP27710038,240001460,MONTGOMERY,Injury Crash,01/10/2024 08:53:00 AM,County Route,BUSHEY DR,,,,Pedestrian,Single Vehicle,Cloudy,Wet,Daylight,No Controls,"Not Suspect of Alcohol Use, Not Suspect of Drug Use","Not Suspect of Alcohol Use, Not Suspect of Drug Use",3D26854D-8B50-406E-8B2F-C5C2A90A3319,Pedestrian,Walking/Cycling Along Roadway Against Traffic (In or Adjacent to Travel Lane),"In Roadway Improperly (Standing, Lying, Working, Playing)",Travel Lane Other Location,Yes,Possible Injury,None,39.0592475,-77.07731033,"(39.0592475, -77.07731033)"
EJ7898003F,240034286,GAITHERSBURG,Injury Crash,07/20/2024 02:20:00 PM,,,,Parking Aisle        33 DALAMAR ST (MEGAMART),,Pedestrian,Single Vehicle,Cloudy,,Daylight,,"Not Suspect of Alcohol Use, Not Suspect of Drug Use","Not Suspect of Alcohol Use, Not Suspect of Drug Use",53460626-C1C9-4761-BBC6-3FC1C70B59C7,Pedestrian,Other,None (No Improper Action),Driveway Access,No,Suspected Minor Injury,None,39.14570983,-77.20552117,"(39.14570983, -77.20552117)"
MCP32080053,240002912,MONTGOMERY,Injury Crash,01/18/2024 10:30:00 PM,US (State),COLUMBIA PIKE (SB/L),,,,Occupant of Motor Vehicle Not in Transport,"Sideswipe, Same Direction",Clear,Dry,Dark - Lighted,No Controls,"Not Suspect of Alcohol Use, Not Suspect of Drug Use","Not Suspect of Alcohol Use, Not Suspect of Drug Use",08B706A9-91D3-4EE6-A008-26F077E529EC,Occupant of Motor Vehicle Not in Transport,Push/Work on Vehicle,None (No Improper Action),Shoulder/Roadside,No,Suspected Minor Injury,None,39.12681134,-76.92309001,"(39.12681134, -76.92309001)"
MCP3078005L,240030725,MONTGOMERY,Injury Crash,06/29/2024 11:22:00 AM,,,,Parking Aisle        13701 GEORGIA AVENUE SILVER SPRING MD,,Pedestrian,Single Vehicle,Clear,,Daylight,,"Unknown, Unknown","Not Suspect of Alcohol Use, Not Suspect of Drug Use",1818E51F-CC7E-4717-AF85-AA1794768377,Pedestrian,Cross/Enter Not at Intersection,None (No Improper Action),Travel Lane Other Location,No,Suspected Minor Injury,None,39.08025277,-77.07335497,"(39.08025277, -77.07335497)"
MCP31960043,240030493,MONTGOMERY,Injury Crash,06/30/2024 01:00:00 AM,County Route,MIDDLEBROOK RD (WB/L),,,,Pedestrian,Single Vehicle,Unknown,,Unknown,No Controls,"Unknown, Unknown","Suspect of Alcohol Use, Not Suspect of Drug Use",F81817F9-D0B4-4D22-9E69-35C36274981F,Pedestrian,Walking/Cycling Along Roadway Against Traffic (In or Adjacent to Travel Lane),Unknown,Other,No,Suspected Minor Injury,None,39.17576684,-77.246446,"(39.17576684, -77.246446)"
MCP3080004W,240031575,MONTGOMERY,Injury Crash,07/05/2024 04:31:00 PM,County Route,,TURTLE ROCK TERR,,,Scooter (non-Electric),Single Vehicle,Clear,Dry,Daylight,Stop Sign,"Not Suspect of Alcohol Use, Not Suspect of Drug Use","Not Suspect of Alcohol Use, Not Suspect of Drug Use",37B1CCD9-9440-4B2D-8586-676388744058,Scooter (non-Electric),Cross/Enter at Intersection,Failure to Yield Right-Of-Way,Intersection Unmarked Crosswalk,Yes,Suspected Minor Injury,None,39.23630848,-77.26186039,"(39.23630848, -77.26186039)"
MCP3255005V,240031418,MONTGOMERY,Injury Crash,07/03/2024 04:50:00 AM,County Route,NEW HAMPSHIRE AVE SER RD,,,,Pedestrian,Single Vehicle,Clear,,Dawn,No Controls,"Unknown, Unknown","Not Suspect of Alcohol Use, Not Suspect of Drug Use",6651DC0D-4A59-4419-BFAB-E6899B5A06D7,Pedestrian,Other Working,None (No Improper Action),Intersection Marked Crosswalk,No,Suspected Minor Injury,None,39.01542333,-76.97791332,"(39.01542333, -76.97791332)"
MCP3050005W,240024489,MONTGOMERY,Injury Crash,05/23/2024 05:45:00 PM,County Route,RIPPLING BROOK DR,HEWITT AVE,,,Cyclist (non-electric),Single Vehicle,Clear,Dry,Daylight,No Controls,"Not Suspect of Alcohol Use, Not Suspect of Drug Use","Not Suspect of Alcohol Use, Not Suspect of Drug Use",3D52F354-4B8A-4FE1-AF0C-9B753248CE4A,Cyclist (non-electric),Walking/Cycling on Sidewalk,Other,Other,No,Suspected Minor Injury,Helmet,39.08119582,-77.05585881,"(39.08119582, -77.05585881)"
MCP32300054,240003813,MONTGOMERY,Injury Crash,01/24/2024 08:40:00 PM,County Route,RANDOLPH RD (WB/L),VEIRS MILL RD (WB/L),,,Pedestrian,Single Vehicle,Cloudy,Wet,Dark - Lighted,Traffic Control Signal,"Not Suspect of Alcohol Use, Not Suspect of Drug Use","Not Suspect of Alcohol Use, Not Suspect of Drug Use",758D70AE-B512-4B36-B3E6-CD24D5BAF629,Pedestrian,Cross/Enter at Intersection,None (No Improper Action),Intersection Marked Crosswalk,No,Suspected Minor Injury,None,39.05627232,-77.08254668,"(39.05627232, -77.08254668)"
MCP3404001B,240030530,MONTGOMERY,Injury Crash,06/28/2024 09:02:00 AM,County Route,LOCKWOOD DR,OAK LEAF DR,,,Pedestrian,Rear To Side,Clear,Dry,Daylight,No Controls,"Not Suspect of Alcohol Use, Not Suspect of Drug Use, Not Suspect of Alcohol Use, Not Suspect of Drug Use","Not Suspect of Alcohol Use, Not Suspect of Drug Use",4686FF24-06CD-4E83-9818-46F6BABCF4BC,Pedestrian,Standing,None (No Improper Action),Shoulder/Roadside,No,Suspected Minor Injury,None,39.0379242,-76.99440642,"(39.0379242, -76.99440642)"
MCP3148006H,240034607,MONTGOMERY,Injury Crash,07/22/2024 04:38:00 PM,County Route,WISCONSIN CIR,,,,Pedestrian,Single Vehicle,Clear,Dry,Daylight,No Controls,"Not Suspect of Alcohol Use, Not Suspect of Drug Use","Not Suspect of Alcohol Use, Not Suspect of Drug Use",A0407BDE-A99F-465E-8F9B-87F890E58182,Pedestrian,Cross/Enter at Intersection,None (No Improper Action),Intersection Marked Crosswalk,No,Suspected Minor Injury,None,38.96189063,-77.08536461,"(38.96189063, -77.08536461)"
MCP2771003B,240003512,MONTGOMERY,Injury Crash,01/26/2024 12:34:00 PM,,,,"Driveway        PARKING LOT OF GIANT AT AT 13781 CONNECTICUT AVENUE, SILVER SPRING, MD.",,Pedestrian,Single Vehicle,Clear,,Daylight,,"Not Suspect of Alcohol Use, Not Suspect of Drug Use","Not Suspect of Alcohol Use, Not Suspect of Drug Use",41F81C25-1C1D-4566-A527-8C3BF0BAD3B6,Pedestrian,Other,Other,Other,Yes,Possible Injury,None,39.07979336,-77.07961771,"(39.07979336, -77.07961771)"
DD5658001V,240004325,ROCKVILLE,Injury Crash,01/27/2024 02:07:00 PM,,,,Parking Lot Way        2009 CHAPMAN AVE/PARKING LOT,,Pedestrian,Single Vehicle,Cloudy,,Daylight,,"Unknown, Unknown","Not Suspect of Alcohol Use, Not Suspect of Drug Use",D5724F3F-21FB-42FF-89B2-BB8F5DC4DF1C,Pedestrian,None,Other,Sidewalk,No,Suspected Minor Injury,None,39.0585491,-77.1189759,"(39.0585491, -77.1189759)"
MCP2671003Y,240033235,MONTGOMERY,Injury Crash,07/14/2024 06:00:00 PM,,,,Alley        8701 GEORGIA AVE,,Scooter (electric),Single Vehicle,Clear,,Daylight,,"Unknown, Unknown","Not Suspect of Alcohol Use, Not Suspect of Drug Use",7BB21541-4941-4B9F-BFFD-5EEDFF115FEE,Scooter (electric),Walking/Cycling on Sidewalk,None (No Improper Action),Driveway Access,No,Suspected Minor Injury,None,38.99770457,-77.03005705,"(38.99770457, -77.03005705)"
MCP3352001S,240032015,MONTGOMERY,Injury Crash,07/07/2024 05:59:00 PM,County Route,MONTGOMERY VILLAGE AVE (SB/L),,,,Pedestrian,Single Vehicle,Clear,Dry,Daylight,Pedestrian Crossing,"Not Suspect of Alcohol Use, Not Suspect of Drug Use","Not Suspect of Alcohol Use, Not Suspect of Drug Use",9E8FE45D-FC99-4893-98A2-A3D577F36E68,Pedestrian,Standing,None (No Improper Action),Intersection Marked Crosswalk,No,Possible Injury,None,39.16780443,-77.20505412,"(39.16780443, -77.20505412)"
MCP26670094,240020102,MONTGOMERY,Property Damage Crash,04/30/2024 08:00:00 AM,County Route,MONTGOMERY VILLAGE AVE,LAKE SHORE DR (WB/L),,,Pedestrian,Single Vehicle,Clear,Dry,Daylight,Pedestrian Crossing Sign,"Not Suspect of Alcohol Use, Not Suspect of Drug Use","Not Suspect of Alcohol Use, Not Suspect of Drug Use",A3D0FF74-DD38-43F3-81DA-DD9E1260EF1D,Pedestrian,Cross/Enter at Intersection,None (No Improper Action),Intersection Marked Crosswalk,No,No Apparent Injury,None,39.16141545,-77.20143321,"(39.16141545, -77.20143321)"