Report Number,Local Case Number,Agency Name,ACRS Report Type,Crash Date/Time,Route Type,Road Name,Cross-Street Name,Off-Road Description,Municipality,Related Non-Motorist,Collision Type,Weather,Surface Condition,Light,Traffic Control,Driver Substance Abuse,Non-Motorist Substance Abuse,Person ID,Pedestrian Type,Pedestrian Movement,Pedestrian Actions,Pedestrian Location,At Fault,Injury Severity,Safety Equipment,Latitude,Longitude,Location
MCP3322002Z,240051917,MONTGOMERY,Fatal Crash,10/30/2024 05:24:00 AM,Maryland (State) Route,VEIRS MILL RD (WB/L),,,,Pedestrian,Single Vehicle,Clear,Dry,Dark - Lighted,No Controls,"Not Suspect of Alcohol Use, Not Suspect of Drug Use","Not Suspect of Alcohol Use, Not Suspect of Drug Use",4A59CC70-0586-4926-BEC1-D7EFDAA181F8,Pedestrian,Cross/Enter Not at Intersection,Dart/Dash,Travel Lane Other Location,Yes,Fatal Injury,None,39.06423972,-77.09653569,"(39.06423972, -77.09653569)"
MCP12270028,240062364,MONTGOMERY,Injury Crash,12/31/2024 06:13:00 PM,County Route,E FRANKLIN AVE,UNIVERSITY BLVD E (WB/L),,,Pedestrian,Single Vehicle,Rain,Wet,Dark - Lighted,Pedestrian Crossing,"Not Suspect of Alcohol Use, Not Suspect of Drug Use","Suspect of Alcohol Use, Not Suspect of Drug Use",A6DEC110-93C4-45B1-B56B-CAF296493DF5,Pedestrian,Cross/Enter at Intersection,"Failure to Obey Traffic Signs, Signals, or Officer, Not Visible (Dark Clothing, No Lighting, etc.)",Intersection Marked Crosswalk,No,Suspected Serious Injury,None,39.01210985,-77.00250114,"(39.01210985, -77.00250114)"
EJ7894005J,250003034,GAITHERSBURG,Injury Crash,01/22/2025 10:50:00 AM,County Route,SHADY GROVE RD (SB/L),CHOKE CHERRY RD CHOKE CHERRY RD (WB/L),,,Pedestrian,Single Vehicle,Clear,Dry,Daylight,No Controls,"Not Suspect of Alcohol Use, Not Suspect of Drug Use","Not Suspect of Alcohol Use, Not Suspect of Drug Use",8138B86E-BA2A-4C16-A6F9-C8D5D8725ED5,Pedestrian,Other,Unknown,Unknown,No,Possible Injury,None,39.11474287,-77.18596296,"(39.11474287, -77.18596296)"
DM84450027,250003780,TAKOMA,Injury Crash,01/27/2025 09:17:00 AM,Municipality Route,GRANT AVE,MAPLE AVE,,,Cyclist (non-electric),Single Vehicle,Clear,Dry,Daylight,Stop Sign,"Not Suspect of Alcohol Use, Not Suspect of Drug Use","Not Suspect of Alcohol Use, Not Suspect of Drug Use",1AF4C35D-88CB-457F-8869-20C00E33D092,Cyclist (non-electric),Cross/Enter at Intersection,Failure to Yield Right-Of-Way,Intersection Other,No,Possible Injury,Helmet,38.98154383,-77.00947151,"(38.98154383, -77.00947151)"
MCP3238003B,250003039,MONTGOMERY,Injury Crash,01/22/2025 12:04:00 PM,Maryland (State) Route,GEORGIA AVE,,,,Pedestrian,Single Vehicle,Clear,Dry,Daylight,Other,"Not Suspect of Alcohol Use, Not Suspect of Drug Use","Not Suspect of Alcohol Use, Not Suspect of Drug Use",D949CE0B-1BAB-4990-8059-B80CABAB78E4,Pedestrian,Cross/Enter at Intersection,None (No Improper Action),Intersection Marked Crosswalk,No,Possible Injury,None,38.99811483,-77.02993294,"(38.99811483, -77.02993294)"
DD5663001S,250003282,ROCKVILLE,Injury Crash,01/23/2025 05:45:00 PM,Maryland (State) Route,ROCKVILLE PIKE,THOMPSON AVE,,,Pedestrian,Single Vehicle,Clear,Dry,Dark - Lighted,Stop Sign,"Not Suspect of Alcohol Use, Not Suspect of Drug Use","Not Suspect of Alcohol Use, Not Suspect of Drug Use",4F57714A-C84E-4D85-BA3B-C0F5193E1712,Pedestrian,Cross/Enter at Intersection,None (No Improper Action),Intersection Marked Crosswalk,No,Suspected Minor Injury,None,39.05935745,-77.12167285,"(39.05935745, -77.12167285)"
MCP33860025,250000221,MONTGOMERY,Injury Crash,01/16/2025 06:10:00 PM,County Route,CHELTENHAM DR,,,,Cyclist (non-electric),Single Vehicle,Snow,Wet,Dark - Not Lighted,No Controls,"Not Suspect of Alcohol Use, Not Suspect of Drug Use","Not Suspect of Alcohol Use, Not Suspect of Drug Use",28C3831D-7513-46F6-ABF0-BAC73169CB28,Cyclist (non-electric),Walking/Cycling Along Roadway Against Traffic (In or Adjacent to Travel Lane),None (No Improper Action),Travel Lane Other Location,No,Suspected Minor Injury,Helmet,38.98819517,-77.09462217,"(38.98819517, -77.09462217)"
MCP3176002W,250001479,MONTGOMERY,Injury Crash,01/11/2025 11:19:00 PM,US (State),COLESVILLE RD,,,,Cyclist (Electric),Single Vehicle,Clear,Wet,Dark - Lighted,Traffic Control Signal,"Unknown, Unknown","Unknown, Unknown",F066AC1A-DC6B-4F2D-A3B6-42AA96DD1A16,Cyclist (Electric),Walking/Cycling on Sidewalk,None (No Improper Action),Intersection Marked Crosswalk,No,Suspected Minor Injury,None,39.00771995,-77.02000751,"(39.00771995, -77.02000751)"
DD56580038,250003552,ROCKVILLE,Injury Crash,01/25/2025 12:08:00 PM,Municipality Route,SHERBROOKE WAY,HURLEY AVE,,,Pedestrian,Single Vehicle,Clear,Dry,Daylight,No Controls,"Unknown, Unknown","Not Suspect of Alcohol Use, Not Suspect of Drug Use",C007B468-7C76-4438-858C-C25CB128332B,Pedestrian,Walking/Cycling on Sidewalk,Unknown,Sidewalk,No,Possible Injury,None,39.08219505,-77.18338282,"(39.08219505, -77.18338282)"
EJ787300B6,250003116,GAITHERSBURG,Injury Crash,01/22/2025 06:16:00 PM,Maryland (State) Route,S FREDERICK RD,E DEER PARK DR,,,Pedestrian,Single Vehicle,Clear,Dry,Dark - Lighted,Traffic Control Signal,"Unknown, Unknown","Not Suspect of Alcohol Use, Not Suspect of Drug Use",0115956C-98CA-4A87-8B51-35CF9F2B3027,Pedestrian,Cross/Enter at Intersection,None (No Improper Action),Intersection Marked Crosswalk,No,Suspected Minor Injury,None,39.13224476,-77.18876463,"(39.13224476, -77.18876463)"
MCP2892000S,15022587,Montgomery County Police,Injury Crash,05/12/2015 10:09:00 AM,,,,Darcars parking lot,,PEDESTRIAN,OTHER,CLEAR,,DAYLIGHT,NO CONTROLS,NONE DETECTED,NONE DETECTED,01BEE23C-0983-4D2D-AD47-FB5AACCB6CDF,PEDESTRIAN,Standing,NO IMPROPER ACTIONS,OTHER,,SUSPECTED MINOR INJURY,N/A,39.06004971,-76.95906758,"(39.06004971, -76.95906758)"
MCP2861006K,250003865,MONTGOMERY,Injury Crash,01/27/2025 03:15:00 PM,County Route,MONTROSE RD,,,,Pedestrian,Single Vehicle,Clear,Dry,Daylight,Pedestrian Crossing,"Not Suspect of Alcohol Use, Not Suspect of Drug Use","Not Suspect of Alcohol Use, Not Suspect of Drug Use",A4E39E50-B3F7-441D-9944-21035DCCA90C,Pedestrian,Cross/Enter Not at Intersection,None (No Improper Action),Midblock Marked Crosswalk,No,Suspected Minor Injury,None,39.05302338,-77.13100971,"(39.05302338, -77.13100971)"
DD5666001Z,250005154,ROCKVILLE,Injury Crash,02/04/2025 04:00:00 PM,Bicycle Route,,W EDMONSTON DR,,,Cyclist (non-electric),Single Vehicle,Clear,Dry,Daylight,Traffic Control Signal,"Unknown, Unknown","Not Suspect of Alcohol Use, Not Suspect of Drug Use",C08EE886-6A7A-4110-B43A-F1D42C2F7076,Cyclist (non-electric),Cross/Enter at Intersection,None (No Improper Action),Intersection Marked Crosswalk,No,Possible Injury,None,39.0714081,-77.13946324,"(39.0714081, -77.13946324)"
DD56780009,250004588,ROCKVILLE,Injury Crash,01/31/2025 07:07:00 PM,Municipality Route,PLEASANT DR,,,,Pedestrian,Single Vehicle,Rain,Wet,Dark - Lighted,Stop Sign,"Not Suspect of Alcohol Use, Not Suspect of Drug Use","Not Suspect of Alcohol Use, Not Suspect of Drug Use",3821AB8B-BAD8-411C-B1AE-D666886E766C,Pedestrian,Cross/Enter at Intersection,None (No Improper Action),Intersection Marked Crosswalk,Yes,Suspected Minor Injury,None,39.11402305,-77.17160423,"(39.11402305, -77.17160423)"
MCP2863003K,250004889,MONTGOMERY,Injury Crash,01/31/2025 07:05:00 PM,Maryland (State) Route,S FREDERICK RD,,,,Pedestrian,Single Vehicle,Rain,Wet,Dark - Not Lighted,No Controls,"Not Suspect of Alcohol Use, Not Suspect of Drug Use","Suspect of Alcohol Use, Not Suspect of Drug Use",3768B155-BDAF-40EA-8548-1167911D168D,Pedestrian,Other,Failure to Yield Right-Of-Way,Travel Lane Other Location,Yes,Suspected Serious Injury,None,39.12888509,-77.18600708,"(39.12888509, -77.18600708)"
MCP2592004J,250005059,MONTGOMERY,Injury Crash,02/04/2025 09:23:00 AM,Local Route,CARRIAGE WALK CIR,,,,Pedestrian,Single Vehicle,Clear,Dry,Daylight,No Controls,"Not Suspect of Alcohol Use, Not Suspect of Drug Use","Not Suspect of Alcohol Use, Not Suspect of Drug Use",C72590A2-B3D1-4789-9BA9-A507A187BD74,Pedestrian,Other Working,"Inattentive (Talking, Eating, etc.)",Other,Yes,Possible Injury,None,39.16379588,-77.167984,"(39.16379588, -77.167984)"
MCP3262005H,250002944,MONTGOMERY,Injury Crash,01/21/2025 05:00:00 PM,County Route,TECH RD,OLD COLUMBIA PIKE,,,Pedestrian,Unknown,Clear,Ice/Frost,Dusk,Traffic Control Signal,"Unknown, Unknown","Not Suspect of Alcohol Use, Not Suspect of Drug Use",73C213D7-DCA1-4435-9423-EBB247B4501C,Pedestrian,Cross/Enter at Intersection,None (No Improper Action),Intersection Marked Crosswalk,No,Suspected Minor Injury,None,39.0574562,-76.9680966,"(39.0574562, -76.9680966)"
MCP3085005T,250004054,MONTGOMERY,Injury Crash,01/28/2025 04:25:00 PM,Maryland (State) Route,UNIVERSITY BLVD W (WB/L),,,,Pedestrian,Single Vehicle,Clear,Dry,Daylight,Traffic Control Signal,"Not Suspect of Alcohol Use, Not Suspect of Drug Use","Not Suspect of Alcohol Use, Not Suspect of Drug Use",4F68E1F2-B4BF-4A3E-9AA1-A4B3E3B7CF43,Pedestrian,Cross/Enter at Intersection,None (No Improper Action),Intersection Marked Crosswalk,No,Suspected Minor Injury,None,39.03403362,-77.07236626,"(39.03403362, -77.07236626)"
MCP3218005P,250004719,MONTGOMERY,Property Damage Crash,02/01/2025 07:05:00 PM,County Route,ALLEY,,,,Cyclist (non-electric),Single Vehicle,Clear,Dry,Dark - Lighted,No Controls,"Unknown, Unknown","Not Suspect of Alcohol Use, Not Suspect of Drug Use",57704887-3EBB-492A-8C7A-C30C3AC587F0,Cyclist (non-electric),Walking/Cycling on Sidewalk,None (No Improper Action),Driveway Access,No,No Apparent Injury,None,39.04049142,-77.05302011,"(39.04049142, -77.05302011)"
MCP30510084,250003901,MONTGOMERY,Injury Crash,01/27/2025 06:00:00 PM,County Route,OLD GEORGETOWN RD,,,,Pedestrian,Single Vehicle,Clear,Dry,Dark - Lighted,No Controls,"Not Suspect of Alcohol Use, Not Suspect of Drug Use","Not Suspect of Alcohol Use, Not Suspect of Drug Use",593A8FAA-8776-465C-9674-AF1C49BCB044,Pedestrian,Walking/Cycling on Sidewalk,None (No Improper Action),Sidewalk,No,Suspected Minor Injury,None,39.04928745,-77.11504979,"(39.04928745, -77.11504979)"
MCP320000F4,250004493,MONTGOMERY,Injury Crash,01/31/2025 11:26:00 AM,Ramp,RAMP 3 FR WESTLAKE TERR TO IS 270Y NB,WESTLAKE TERR (WB/L),,,Pedestrian,Single Vehicle,Rain,Wet,Daylight,Traffic Control Signal,"Not Suspect of Alcohol Use, Not Suspect of Drug Use, Not Suspect of Alcohol Use, Not Suspect of Drug Use","Not Suspect of Alcohol Use, Not Suspect of Drug Use",1805A99C-4805-4745-BEF5-68C13AE32573,Pedestrian,Cross/Enter at Intersection,None (No Improper Action),Intersection Marked Crosswalk,No,Possible Injury,None,39.02652393,-77.14164021,"(39.02652393, -77.14164021)"
EJ7895006W,250004343,GAITHERSBURG,Injury Crash,01/30/2025 12:30:00 PM,,,,Parking Lot Way        PARKING LOT OF HARRIS TEETER (323 COPLEY PLACE),,Pedestrian,Single Vehicle,Clear,,Daylight,,"Not Suspect of Alcohol Use, Not Suspect of Drug Use","Not Suspect of Alcohol Use, Not Suspect of Drug Use",A25CE104-3939-4C9D-B4C4-D7FEF107F527,Pedestrian,Cross/Enter at Intersection,Unknown,Intersection Unmarked Crosswalk,No,Suspected Serious Injury,None,39.11540154,-77.20763595,"(39.11540154, -77.20763595)"
MCP25630021,240060930,MONTGOMERY,Injury Crash,12/20/2024 07:58:00 PM,Municipality Route,ATLANTIC AVE,VEIRS MILL RD,,,Pedestrian,Single Vehicle,Clear,Dry,Dark - Lighted,Traffic Control Signal,"Not Suspect of Alcohol Use, Not Suspect of Drug Use","Unknown, Unknown",CEDBFFE4-DF65-41B7-A4DC-A52AECA17967,Pedestrian,Cross/Enter at Intersection,"Failure to Obey Traffic Signs, Signals, or Officer, Failure to Yield Right-Of-Way, Inattentive (Talking, Eating, etc.), Not Visible (Dark Clothing, No Lighting, etc.)",Intersection Marked Crosswalk,Yes,Suspected Serious Injury,None,39.07492047,-77.11554609,"(39.07492047, -77.11554609)"
DM8472002Z,250005819,TAKOMA,Injury Crash,02/08/2025 05:48:00 PM,Maryland (State) Route,,ETHAN ALLEN AVE,,,Pedestrian,Single Vehicle,Freezing Rain Or Freezing Drizzle,Wet,Dark - Lighted,Traffic Control Signal,"Not Suspect of Alcohol Use, Not Suspect of Drug Use","Not Suspect of Alcohol Use, Not Suspect of Drug Use",8D1E1623-7081-42ED-981D-53A69DA7F82E,Pedestrian,Cross/Enter at Intersection,Failure to Yield Right-Of-Way,Intersection Marked Crosswalk,No,Suspected Minor Injury,None,38.97805646,-77.00619017,"(38.97805646, -77.00619017)"
MCP3213002B,250005398,MONTGOMERY,Injury Crash,02/05/2025 11:55:00 PM,,,,Parking Lot Way        ALDI PARKING LOT,,Pedestrian,Single Vehicle,Rain,,Dark - Lighted,,"Unknown, Unknown","Suspect of Alcohol Use, Unknown",7F12B1F5-F84A-470A-8A7D-E50A8B9EBF9C,Pedestrian,Unknown,Unknown,Unknown,No,Possible Injury,None,39.00987671,-77.04148949,"(39.00987671, -77.04148949)"
MCP33200033,250005706,MONTGOMERY,Injury Crash,02/07/2025 07:00:00 PM,County Route,INSLEY ST,,,,Pedestrian,Single Vehicle,Clear,Dry,Dark - Lighted,No Controls,,"Not Suspect of Alcohol Use, Not Suspect of Drug Use",91033611-A01E-4419-88B1-F54B92EA8D75,Pedestrian,Getting Off/On Vehicle,None (No Improper Action),Shoulder/Roadside,No,Suspected Minor Injury,None,39.02820357,-77.0540187,"(39.02820357, -77.0540187)"
MCP3230006J,250005375,MONTGOMERY,Injury Crash,02/05/2025 03:10:00 PM,County Route,BAUER DR,,,,Pedestrian,Single Vehicle,Clear,Dry,Daylight,Pedestrian Crossing,"Unknown, Unknown","Not Suspect of Alcohol Use, Not Suspect of Drug Use",3A5A95D7-E84D-4061-9161-E153A6B7F288,Pedestrian,Cross/Enter at Intersection,None (No Improper Action),Midblock Marked Crosswalk,No,Suspected Minor Injury,None,39.08972404,-77.10537829,"(39.08972404, -77.10537829)"
MCP91130033,170537370,Montgomery County Police,Injury Crash,10/18/2017 01:13:00 PM,County,GRENOBLE DR,HALLET PL,,N/A,PEDESTRIAN,OTHER,CLEAR,DRY,DAYLIGHT,NO CONTROLS,,NONE DETECTED,A74F4E30-0191-412B-AD0D-E27303113A8D,PEDESTRIAN,Other,OTHER,OTHER,No,POSSIBLE INJURY,N/A,39.073068,-77.091561,"(39.073068, -77.091561)"
MCP3289003V,250005972,MONTGOMERY,Injury Crash,02/10/2025 08:43:00 AM,County Route,LANARK WAY,COLESVILLE RD (SB/L),,,Pedestrian,Single Vehicle,Clear,Dry,Daylight,Traffic Control Signal,"Unknown, Unknown","Not Suspect of Alcohol Use, Not Suspect of Drug Use",2100C4EE-E375-4CF8-943F-F48C150B467C,Pedestrian,Cross/Enter at Intersection,None (No Improper Action),Intersection Marked Crosswalk,No,Suspected Minor Injury,None,39.01862033,-77.01444041,"(39.01862033, -77.01444041)"
MCP3039007G,250005339,MONTGOMERY,Injury Crash,02/05/2025 03:30:00 PM,County Route,GROVE ST,SLIGO AVE,,,Pedestrian,Single Vehicle,Clear,Dry,Daylight,Pedestrian Crossing,"Not Suspect of Alcohol Use, Not Suspect of Drug Use","Not Suspect of Alcohol Use, Not Suspect of Drug Use",EBB07B05-A989-4E33-AA08-E910810E24B4,Pedestrian,None,None (No Improper Action),Intersection Marked Crosswalk,No,Possible Injury,None,38.9901908,-77.02193564,"(38.9901908, -77.02193564)"
MCP2637002W,180059668,Montgomery County Police,Injury Crash,11/29/2018 10:46:00 AM,County,GLEN RD,THREE SISTERS RD,,N/A,BICYCLIST,OTHER,CLEAR,DRY,DAYLIGHT,NO CONTROLS,N/A,NONE DETECTED,61360C87-1F16-4459-9CB9-74D57F9203A2,BICYCLIST,Walking/Riding w/Traffic,OTHER,OTHER,No,POSSIBLE INJURY,MC/BIKE HELMET,39.06331013,-77.25126765,"(39.06331013, -77.25126765)"
MCP1015001L,180035148,Montgomery County Police,Injury Crash,07/16/2018 12:50:00 PM,,,,DRIVEWAY 6516 DAMASCUS ROAD,,PEDESTRIAN,OTHER,CLEAR,,DAYLIGHT,N/A,NONE DETECTED,NONE DETECTED,B12389A5-29DB-4DE7-88F6-A880D27B8066,PEDESTRIAN,Other,DART DASH,OTHER,Yes,SUSPECTED SERIOUS INJURY,N/A,39.250115,-77.13311667,"(39.250115, -77.13311667)"
MCP3068003R,220002996,Montgomery County Police,Injury Crash,01/23/2022 07:40:00 PM,,,,PARKING LOT,,PEDESTRIAN,SINGLE VEHICLE,CLEAR,,DARK LIGHTS ON,N/A,N/A,N/A,9CF99A51-0B31-402C-9103-DF1D722146E7,PEDESTRIAN,Other,NO IMPROPER ACTIONS,OUTSIDE RIGHT OF WAY,No,POSSIBLE INJURY,NONE,39.014625,-77.10509,"(39.014625, -77.10509)"
MCP2861001K,15063868,MONTGOMERY,Injury Crash,12/14/2015 03:30:00 PM,County,BULLS RUN PKWY,ADELAIDE DR,,N/A,"BICYCLIST, OTHER",STRAIGHT MOVEMENT ANGLE,CLEAR,DRY,DAYLIGHT,NO CONTROLS,NONE DETECTED,NONE DETECTED,4328BEC6-CF99-43B2-9470-0B2E77B6BEBC,OTHER,Other,OTHER,OTHER,No,NO APPARENT INJURY,OTHER,39.00966378,-77.12620139,"(39.00966378, -77.12620139)"
MCP2886000J,15029525,Montgomery County Police,Injury Crash,06/17/2015 01:20:00 PM,County,AMHERST AVE,REEDIE DR,,N/A,PEDESTRIAN,SAME DIR REAR END,CLEAR,DRY,DAYLIGHT,N/A,NONE DETECTED,NONE DETECTED,F21E3D71-3DB1-406E-B604-840DE667EE2B,PEDESTRIAN,Walking/Cycling on Sidewalk,NO IMPROPER ACTIONS,SIDEWALK,,POSSIBLE INJURY,N/A,39.03931966,-77.04866409,"(39.03931966, -77.04866409)"
MCP2546002J,180046952,Montgomery County Police,Property Damage Crash,09/19/2018 01:25:00 PM,County,E JEFFERSON ST,MONTROSE RD,,N/A,OTHER,OTHER,CLEAR,DRY,DAYLIGHT,OTHER,NONE DETECTED,NONE DETECTED,B96521D3-1975-4BF3-8681-1EFD8BE77771,OTHER,Other,OTHER,MEDIAN,No,NO APPARENT INJURY,REFLECTIVE CLOTHING,39.04965789,-77.126099,"(39.04965789, -77.126099)"
MCP2962001C,170514059,Montgomery County Police,Injury Crash,06/16/2017 02:21:00 PM,County,OBSERVATION DR,RIDGE RD,,N/A,OTHER,OTHER,CLEAR,DRY,DAYLIGHT,PERSON,UNKNOWN,N/A,85E92FA0-FFE6-4902-A9F4-DE2A6AD1B875,OTHER,Other Working,N/A,OTHER,No,NO APPARENT INJURY,N/A,39.20205068,-77.25325495,"(39.20205068, -77.25325495)"
MCP3199000D,190042167,Montgomery County Police,Property Damage Crash,09/03/2019 03:20:00 PM,County,PEACH ORCHARD RD,BRIGGS CHANEY RD,,N/A,OTHER,STRAIGHT MOVEMENT ANGLE,CLEAR,DRY,DAYLIGHT,STOP SIGN,NONE DETECTED,NONE DETECTED,BCFAD8E1-1F6E-4D34-B010-2D06289659EA,OTHER,Other,NO IMPROPER ACTIONS,INSIDE BUILDING,No,NO APPARENT INJURY,N/A,39.09575167,-76.96978833,"(39.09575167, -76.96978833)"
MCP32060024,220031010,Montgomery County Police,Property Damage Crash,07/19/2022 10:30:00 AM,County,QUEBEC ST,RUATAN ST,,N/A,OTHER,OPPOSITE DIRECTION SIDESWIPE,CLEAR,DRY,DAYLIGHT,NO CONTROLS,NONE DETECTED,N/A,9BACDBB3-CF17-43C9-8EF5-64AC863C448D,OTHER,N/A,OTHER,N/A,No,NO APPARENT INJURY,NONE,38.999831,-76.98935667,"(38.999831, -76.98935667)"
HA22880003,16001149,Maryland-National Capital,Injury Crash,09/08/2016 07:20:00 AM,,LITTLE FALLS PKWY,ARLINGTON ROAD,,N/A,BICYCLIST,STRAIGHT MOVEMENT ANGLE,N/A,DRY,DAYLIGHT,YIELD SIGN,N/A,N/A,3AACDD70-A5CB-4803-9704-8E40DA7353F8,BICYCLIST,Cross/Enter at Intersection,NO IMPROPER ACTIONS,AT INTERSECTION MARKED CROSSWALK,No,SUSPECTED MINOR INJURY,N/A,39.00101833,-77.08166833,"(39.00101833, -77.08166833)"
MCP3196003R,230030996,Montgomery County Police,Injury Crash,06/28/2023 10:28:00 PM,,,,"IN FRONT OF 12935 PICKERING DR, GERMANTOWN, MARYLAND",,PEDESTRIAN,SINGLE VEHICLE,N/A,,UNKNOWN,N/A,NONE DETECTED,NONE DETECTED,66A6452A-CD8C-4C89-B2E5-92F4C780EE0F,PEDESTRIAN,Standing,N/A,N/A,No,SUSPECTED MINOR INJURY,N/A,39.18700149,-77.26906354,"(39.18700149, -77.26906354)"
MCP3311001R,230022252,Montgomery County Police,Injury Crash,05/09/2023 04:41:00 PM,Maryland (State),16TH ST,LYTTONSVILLE RD,,N/A,PEDESTRIAN,OTHER,CLEAR,DRY,DAYLIGHT,OTHER,N/A,N/A,C5A1959A-733F-4F6D-B867-215856B171E0,PEDESTRIAN,Cross/Enter not at Intersection,NO IMPROPER ACTIONS,ON ROADWAY AT CROSSWALK,No,SUSPECTED MINOR INJURY,N/A,38.99910196,-77.03988722,"(38.99910196, -77.03988722)"
MCP2182000L,17006278,Montgomery County Police,Injury Crash,02/05/2017 09:56:00 AM,,,,"4414 MUNCASTERMILL RD.
CHINESE BIBLE CHURCH",,PEDESTRIAN,OTHER,CLEAR,,DAYLIGHT,N/A,NONE DETECTED,NONE DETECTED,E5725F9C-0AE0-44CE-ACCC-81799EA76FCF,PEDESTRIAN,Getting off/on Vehicle,N/A,OTHER,No,SUSPECTED MINOR INJURY,N/A,39.07470167,-76.94016833,"(39.07470167, -76.94016833)"
MCP2982001R,17012165,Montgomery County Police,Injury Crash,03/08/2017 10:23:00 AM,County,FENTON ST,ROEDER RD,,N/A,PEDESTRIAN,OTHER,CLEAR,DRY,DAYLIGHT,NO CONTROLS,NONE DETECTED,NONE DETECTED,76FA5E8C-640A-4ED3-A6EC-5F9ACD5A02E2,PEDESTRIAN,Cross/Enter at Intersection,NO IMPROPER ACTIONS,AT INTERSECTION MARKED CROSSWALK,No,SUSPECTED MINOR INJURY,NONE,38.99715833,-77.02614333,"(38.99715833, -77.02614333)"
EJ7888004P,230047197,Gaithersburg Police Depar,Injury Crash,07/31/2023 05:44:00 PM,,CHEYENNE RD,OLD QUINCE ORCHARD RD,,N/A,BICYCLIST,STRAIGHT MOVEMENT ANGLE,CLEAR,DRY,DAYLIGHT,NO CONTROLS,UNKNOWN,NONE DETECTED,11C05DE0-1045-4460-AE27-49FB5A3EE444,BICYCLIST,Cross/Enter not at Intersection,NO IMPROPER ACTIONS,AT INTERSECTION BUT NO CROSSWALK,No,SUSPECTED MINOR INJURY,MC/BIKE HELMET,39.12487064,-77.24742854,"(39.12487064, -77.24742854)"
MCP29740044,220011985,Montgomery County Police,Injury Crash,03/20/2022 12:41:00 PM,County,CASTLE BLVD,BRIGGS CHANEY RD,,N/A,BICYCLIST,OTHER,CLEAR,DRY,DAYLIGHT,NO CONTROLS,NONE DETECTED,NONE DETECTED,77A73065-9513-4487-901B-0490FE8B2E1C,BICYCLIST,Walking/Riding w/Traffic,INATTENTIVE,ON ROADWAY NOT AT CROSSWALK,Yes,SUSPECTED MINOR INJURY,NONE,39.08122333,-76.94549833,"(39.08122333, -76.94549833)"
MCP9442002X,230014193,Montgomery County Police,Injury Crash,03/24/2023 06:30:00 AM,County,CLUB HOUSE RD,MONTGOMERY VILLAGE AVE,,N/A,PEDESTRIAN,OTHER,RAINING,WET,DARK -- UNKNOWN LIGHTING,TRAFFIC SIGNAL,UNKNOWN,NONE DETECTED,B59480F8-514B-4EA3-B0B2-A00E76DB96B0,PEDESTRIAN,Cross/Enter at Intersection,NO IMPROPER ACTIONS,ON ROADWAY AT CROSSWALK,No,SUSPECTED MINOR INJURY,N/A,39.17462517,-77.203767,"(39.17462517, -77.203767)"
MCP229800LT,180059934,Montgomery County Police,Injury Crash,11/30/2018 03:48:00 PM,,,,PARKING LOT OF 26004 BRIGADIER PLACE,,OTHER,SINGLE VEHICLE,CLEAR,,N/A,NO CONTROLS,NONE DETECTED,NONE DETECTED,505860F5-9186-4191-A5B6-F8DAE1A9723E,OTHER,N/A,NO IMPROPER ACTIONS,N/A,No,SUSPECTED SERIOUS INJURY,N/A,39.28291042,-77.20547411,"(39.28291042, -77.20547411)"