Report Number,Local Case Number,Agency Name,ACRS Report Type,Crash Date/Time,Route Type,Road Name,Cross-Street Name,Off-Road Description,Municipality,Related Non-Motorist,Collision Type,Weather,Surface Condition,Light,Traffic Control,Driver Substance Abuse,Non-Motorist Substance Abuse,Person ID,Pedestrian Type,Pedestrian Movement,Pedestrian Actions,Pedestrian Location,At Fault,Injury Severity,Safety Equipment,Latitude,Longitude,Location
MCP3077000N,170540476,Montgomery County Police,Injury Crash,11/02/2017 03:46:00 PM,,,,"PARKING LOT OF PEP BOYS
20900 FREDERICK ROAD GERMANTOWN MD, 20876",,PEDESTRIAN,SINGLE VEHICLE,CLEAR,,DAYLIGHT,N/A,N/A,N/A,D07E6FE1-ADD1-4C9E-BEDA-26F2326F7179,PEDESTRIAN,Other,NOT VISIBLE,OTHER,Yes,SUSPECTED MINOR INJURY,NONE,39.19977333,-77.246565,"(39.19977333, -77.246565)"
MCP28180034,170536099,Montgomery County Police,Injury Crash,10/11/2017 06:55:00 PM,County,BONIFANT ST,CEDAR ST,,N/A,PEDESTRIAN,OTHER,RAINING,WET,DARK LIGHTS ON,STOP SIGN,NONE DETECTED,NONE DETECTED,2F58EA83-F717-44B8-9681-574535FAC451,PEDESTRIAN,Cross/Enter at Intersection,NO IMPROPER ACTIONS,ON ROADWAY AT CROSSWALK,No,SUSPECTED MINOR INJURY,N/A,38.995975,-77.02026,"(38.995975, -77.02026)"
MCP2094007P,17001888,Montgomery County Police,Injury Crash,01/11/2017 06:45:00 PM,Maryland (State),WISCONSIN AVE,MAPLE AVE,,N/A,PEDESTRIAN,OTHER,RAINING,WET,DARK LIGHTS ON,NO CONTROLS,NONE DETECTED,NONE DETECTED,F8AC5B93-2FB3-480A-B90E-D917B0F46048,PEDESTRIAN,Other,DART DASH,ON ROADWAY NOT AT CROSSWALK,Yes,POSSIBLE INJURY,N/A,38.992025,-77.095665,"(38.992025, -77.095665)"
DD5595001F,15034430,ROCKVILLE,Injury Crash,07/13/2015 04:30:00 PM,,,,the parking lot located at 500 N. Washington St,,PEDESTRIAN,SINGLE VEHICLE,CLOUDY,,DAYLIGHT,NO CONTROLS,UNKNOWN,NONE DETECTED,E7CF2215-F339-4B37-8C3D-845EA26C6C3B,PEDESTRIAN,Other,N/A,OTHER,No,SUSPECTED MINOR INJURY,N/A,39.09125983,-77.15380617,"(39.09125983, -77.15380617)"
DD5621001N,170545877,Rockville Police Departme,Injury Crash,11/30/2017 07:23:00 PM,Municipality,N WASHINGTON ST,W MONTGOMERY AVE,,ROCKVILLE,PEDESTRIAN,SINGLE VEHICLE,CLEAR,DRY,DARK LIGHTS ON,TRAFFIC SIGNAL,N/A,NONE DETECTED,55F834D1-849B-46BB-9515-40E73E309836,PEDESTRIAN,Cross/Enter at Intersection,N/A,AT INTERSECTION MARKED CROSSWALK,No,POSSIBLE INJURY,N/A,39.08423818,-77.15292424,"(39.08423818, -77.15292424)"
MCP28590065,180061198,Montgomery County Police,Injury Crash,12/07/2018 07:10:00 AM,Municipality,STORY DR,SCHOOL DR,,GAITHERSBURG,PEDESTRIAN,OTHER,CLEAR,DRY,DARK LIGHTS ON,STOP SIGN,NONE DETECTED,NONE DETECTED,41BCD5DD-7889-41B6-8C04-69576DA1463E,PEDESTRIAN,Cross/Enter at Intersection,NO IMPROPER ACTIONS,ON ROADWAY AT CROSSWALK,No,POSSIBLE INJURY,NONE,39.1191131,-77.21297291,"(39.1191131, -77.21297291)"
MCP29360020,170544390,Montgomery County Police,Injury Crash,11/22/2017 07:18:00 PM,,,,"PARKING LOT OF HARRIS TEETER @ 11845 OLD GEORGETOWN RD ROCKVILLE, MD 20852",,PEDESTRIAN,OTHER,CLEAR,,DARK LIGHTS ON,NO CONTROLS,NONE DETECTED,NONE DETECTED,B6707D9D-50C0-450B-8662-628E290ABEDD,PEDESTRIAN,Other,N/A,OTHER,No,SUSPECTED MINOR INJURY,N/A,39.049665,-77.10888833,"(39.049665, -77.10888833)"
MCP2853002V,16066624,Montgomery County Police,Injury Crash,12/27/2016 05:40:00 PM,Maryland (State),NEW HAMPSHIRE AVE,OAKVIEW DR,,N/A,PEDESTRIAN,SINGLE VEHICLE,CLEAR,DRY,DARK LIGHTS ON,TRAFFIC SIGNAL,N/A,N/A,AECE3FB1-ABBF-419C-A198-D6BE4B0CFCF4,PEDESTRIAN,Cross/Enter at Intersection,FAILURE TO YIELD RIGHT OF WAY,AT INTERSECTION MARKED CROSSWALK,Yes,SUSPECTED SERIOUS INJURY,N/A,39.01562167,-76.97778333,"(39.01562167, -76.97778333)"
DD5595003T,170500400,Rockville Police Departme,Injury Crash,04/04/2017 06:17:00 PM,Municipality,E MIDDLE LA,MONROE ST,,ROCKVILLE,PEDESTRIAN,OTHER,CLEAR,DRY,DAYLIGHT,OTHER,NONE DETECTED,NONE DETECTED,3B0DA91C-E5AB-449D-B6C4-7083ECD25DEC,PEDESTRIAN,Cross/Enter at Intersection,NO IMPROPER ACTIONS,ON ROADWAY AT CROSSWALK,No,POSSIBLE INJURY,NONE,39.08516617,-77.14921633,"(39.08516617, -77.14921633)"
MCP1301001F,200036830,Montgomery County Police,Fatal Crash,09/20/2020 12:49:00 AM,County,CARROLL AVE,PINEY BRANCH RD,,N/A,PEDESTRIAN,SINGLE VEHICLE,CLEAR,DRY,DARK LIGHTS ON,NO CONTROLS,UNKNOWN,ALCOHOL PRESENT,EAA7F008-5731-434E-82DE-5E6CBC4C825E,PEDESTRIAN,Unknown,UNKNOWN,ON ROADWAY NOT AT CROSSWALK,Unknown,FATAL INJURY,NONE,38.998765,-76.99098833,"(38.998765, -76.99098833)"
EJ78880055,230061130,Gaithersburg Police Depar,Injury Crash,10/17/2023 06:45:00 PM,Municipality,MAIN ST,KENTLANDS BLVD,,GAITHERSBURG,PEDESTRIAN,OTHER,CLEAR,DRY,DARK LIGHTS ON,YIELD SIGN,NONE DETECTED,NONE DETECTED,782AE1B2-90BA-4916-B457-463A8761CF58,PEDESTRIAN,Cross/Enter at Intersection,IN ROADWAY IMPROPERLY,ON ROADWAY NOT AT CROSSWALK,No,POSSIBLE INJURY,NONE,39.12315263,-77.2385025,"(39.12315263, -77.2385025)"
MCP209400GR,200049485,Montgomery County Police,Injury Crash,12/16/2020 10:33:00 AM,County,WELLINGTON DR,STRATHMORE ST,,N/A,PEDESTRIAN,OTHER,SNOW,WET,DAYLIGHT,NO CONTROLS,NONE DETECTED,NONE DETECTED,01EC9BD3-E482-4A5E-8712-02CE29B1CD96,PEDESTRIAN,Cross/Enter at Intersection,NO IMPROPER ACTIONS,ON ROADWAY AT CROSSWALK,No,POSSIBLE INJURY,N/A,38.97928,-77.09307,"(38.97928, -77.09307)"
MCP1500001R,190053468,Montgomery County Police,Injury Crash,11/05/2019 09:00:00 PM,,,,"PARKING LOT OF 2509 UNIVERSITY BLVD WEST, SILVER SPRING, MD 20902",,PEDESTRIAN,SAME DIR REAR END,UNKNOWN,,DARK -- UNKNOWN LIGHTING,NO CONTROLS,UNKNOWN,UNKNOWN,CA629DA1-3F0C-4BF9-AE5F-F43ED4FEBB2A,PEDESTRIAN,Standing,NO IMPROPER ACTIONS,OTHER,No,SUSPECTED MINOR INJURY,N/A,39.04164357,-77.05209187,"(39.04164357, -77.05209187)"
MCP2635007G,220040955,Montgomery County Police,Injury Crash,09/20/2022 02:43:00 PM,Maryland (State),OLNEY SANDY SPRING RD,VILLAGE CENTER DR,,N/A,PEDESTRIAN,SINGLE VEHICLE,CLEAR,DRY,DAYLIGHT,TRAFFIC SIGNAL,N/A,N/A,67E16AF7-676C-44B8-B3F3-867649F562EB,PEDESTRIAN,Cross/Enter at Intersection,NO IMPROPER ACTIONS,ON ROADWAY AT CROSSWALK,No,SUSPECTED MINOR INJURY,NONE,39.15175167,-77.06418167,"(39.15175167, -77.06418167)"
MCP2962008G,230065146,Montgomery County Police,Property Damage Crash,11/08/2023 02:05:00 PM,County,FATHER HURLEY BLVD,CRYSTAL ROCK DR,,N/A,BICYCLIST,OTHER,CLEAR,DRY,DAYLIGHT,TRAFFIC SIGNAL,NONE DETECTED,NONE DETECTED,F7E4DB06-2A8F-4F33-8266-9A051B325DF9,BICYCLIST,Cross/Enter at Intersection,NO IMPROPER ACTIONS,AT INTERSECTION MARKED CROSSWALK,No,NO APPARENT INJURY,NONE,39.19356016,-77.2699489,"(39.19356016, -77.2699489)"
MCP3063001B,180060695,Montgomery County Police,Injury Crash,12/04/2018 07:52:00 PM,County,MCKNEW RD,CEDAR TREE DR,,N/A,PEDESTRIAN,N/A,CLEAR,N/A,DARK NO LIGHTS,STOP SIGN,N/A,N/A,EDBB1CEB-E55A-4CBA-8346-DB861FBE1859,PEDESTRIAN,Cross/Enter at Intersection,INATTENTIVE,ON ROADWAY AT CROSSWALK,No,SUSPECTED MINOR INJURY,N/A,39.10219698,-76.92280968,"(39.10219698, -76.92280968)"
DM8421002K,200022716,Takoma Park Police Depart,Injury Crash,06/09/2020 07:20:00 PM,Municipality,LINCOLN AVE,JEFFERSON AVE,,TAKOMA PARK,BICYCLIST,SINGLE VEHICLE,N/A,DRY,DAYLIGHT,N/A,N/A,N/A,3275896D-FF6E-4E01-8929-FEA4F184FB23,BICYCLIST,Cross/Enter not at Intersection,IN ROADWAY IMPROPERLY,ON ROADWAY NOT AT CROSSWALK,Yes,POSSIBLE INJURY,NONE,38.98308333,-77.00445667,"(38.98308333, -77.00445667)"
EJ78810016,210024873,Gaithersburg Police Depar,Injury Crash,06/29/2021 04:30:00 AM,Maryland (State),FREDERICK RD,S WESTLAND DR,,GAITHERSBURG,BICYCLIST,OTHER,CLEAR,DRY,DARK NO LIGHTS,NO CONTROLS,NONE DETECTED,NONE DETECTED,7B60B7C4-0EE0-41C1-8EED-5C057F59948F,BICYCLIST,Walking/Riding w/Traffic,NOT VISIBLE,ON ROADWAY NOT AT CROSSWALK,Yes,SUSPECTED MINOR INJURY,NONE,39.12508925,-77.18167297,"(39.12508925, -77.18167297)"
MCP3040002X,190000948,Montgomery County Police,Injury Crash,01/06/2019 04:00:00 PM,County,CASHELL RD,BOWIE MILL RD,,N/A,PEDESTRIAN,SINGLE VEHICLE,CLEAR,DRY,DAYLIGHT,TRAFFIC SIGNAL,N/A,N/A,EB72C093-9957-4789-A9C5-5841B0007F01,PEDESTRIAN,Cross/Enter at Intersection,N/A,ON ROADWAY AT CROSSWALK,No,POSSIBLE INJURY,N/A,39.15498167,-77.09481167,"(39.15498167, -77.09481167)"
MCP229800LW,180061068,Montgomery County Police,Injury Crash,12/06/2018 05:43:00 PM,Maryland (State),FREDERICK RD,ENT TO FOX CHAPEL CENTER,,N/A,PEDESTRIAN,OTHER,CLOUDY,DRY,DARK LIGHTS ON,TRAFFIC SIGNAL,NONE DETECTED,NONE DETECTED,270C43B8-0A84-498E-AE61-5B51B0C51963,PEDESTRIAN,Cross/Enter at Intersection,NO IMPROPER ACTIONS,ON ROADWAY AT CROSSWALK,No,POSSIBLE INJURY,NONE,39.17849817,-77.238437,"(39.17849817, -77.238437)"
MCP1443000N,180020172,Montgomery County Police,Injury Crash,04/25/2018 12:05:00 AM,,,,PARKING LOT NEAR 19388 MONTGOMERY VILLAGE AVENUE,,PEDESTRIAN,SINGLE VEHICLE,RAINING,,DARK LIGHTS ON,STOP SIGN,NONE DETECTED,NONE DETECTED,C9E50A3A-7B61-4613-B8BF-902394D29502,PEDESTRIAN,Cross/Enter at Intersection,NO IMPROPER ACTIONS,AT INTERSECTION BUT NO CROSSWALK,No,POSSIBLE INJURY,N/A,39.17360833,-77.20497333,"(39.17360833, -77.20497333)"
MCP2586005K,210035517,Montgomery County Police,Injury Crash,09/09/2021 07:39:00 PM,County,WEST OLD BALTIMORE RD,CLARKSBURG RD,,N/A,PEDESTRIAN,OTHER,CLEAR,DRY,DARK NO LIGHTS,NO CONTROLS,UNKNOWN,NONE DETECTED,FAE3F322-5BF1-4173-8099-652DBCF9E491,PEDESTRIAN,Walking/Riding w/Traffic,NOT VISIBLE,SHOULDER,No,SUSPECTED MINOR INJURY,N/A,39.2196362,-77.286263,"(39.2196362, -77.286263)"
MCP3121003M,200039969,Montgomery County Police,Property Damage Crash,10/10/2020 08:00:00 PM,,,,IFO 19508 BURLINGAME WAY MONTGOMERY VILLAGE MD 20886,,PEDESTRIAN,HEAD ON,CLEAR,,DARK LIGHTS ON,NO CONTROLS,UNKNOWN,NONE DETECTED,EF6D5B66-CC0D-4EC2-B874-4F99FC547351,PEDESTRIAN,Standing,NO IMPROPER ACTIONS,OTHER,No,NO APPARENT INJURY,NONE,39.17551415,-77.21163542,"(39.17551415, -77.21163542)"
MCP25970015,15003230,Montgomery County Police,Injury Crash,01/20/2015 05:46:00 PM,County,WAYNE AVE,RAMSEY AVE,,N/A,PEDESTRIAN,OTHER,CLEAR,DRY,DARK LIGHTS ON,TRAFFIC SIGNAL,NONE DETECTED,ALCOHOL PRESENT,D40E853D-4DD8-4833-9A6A-E4358E0384D7,PEDESTRIAN,Cross/Enter at Intersection,IN ROADWAY IMPROPERLY,ON ROADWAY NOT AT CROSSWALK,,SUSPECTED MINOR INJURY,NONE,38.99450598,-77.02920198,"(38.99450598, -77.02920198)"
MCP30580033,190049692,Montgomery County Police,Injury Crash,10/16/2019 07:00:00 PM,County,SEVEN LOCKS RD,GOYA DR,,N/A,PEDESTRIAN,OTHER,CLOUDY,WET,DARK LIGHTS ON,NO CONTROLS,NONE DETECTED,NONE DETECTED,882D6A32-BCD3-45EA-8091-E46CD8267E77,PEDESTRIAN,Cross/Enter at Intersection,INATTENTIVE,ON ROADWAY AT CROSSWALK,Yes,SUSPECTED MINOR INJURY,NONE,39.05513667,-77.16234833,"(39.05513667, -77.16234833)"
DD56310025,190027912,Rockville Police Departme,Property Damage Crash,06/11/2019 04:35:00 PM,Other Public Roadway,ELMCROFT BLVD,CORK TREE LA,,N/A,PEDESTRIAN,OTHER,CLEAR,DRY,DAYLIGHT,NO CONTROLS,NONE DETECTED,NONE DETECTED,A6680F48-E360-49CF-BD73-28B9B3623BB6,PEDESTRIAN,Cross/Enter at Intersection,NO IMPROPER ACTIONS,CURB,No,NO APPARENT INJURY,NONE,39.11392333,-77.16615167,"(39.11392333, -77.16615167)"
DM8456001L,180010667,Takoma Park Police Depart,Injury Crash,03/01/2018 06:30:00 PM,,,,1300 HOLTON LN (PARKING LOT),,PEDESTRIAN,SINGLE VEHICLE,RAINING,,DUSK,NO CONTROLS,N/A,NONE DETECTED,CDC6C6A5-8810-4A0E-A1CB-E842E24A772A,PEDESTRIAN,Other,NO IMPROPER ACTIONS,OTHER,No,SUSPECTED MINOR INJURY,NONE,38.98627833,-76.98751833,"(38.98627833, -76.98751833)"
MCP1148000T,15028925,Montgomery County Police,Injury Crash,06/14/2015 10:24:00 AM,County,CLARENDON RD,BETHESDA AVE,,N/A,PEDESTRIAN,SINGLE VEHICLE,N/A,DRY,DAYLIGHT,STOP SIGN,NONE DETECTED,NONE DETECTED,77614759-64DB-477A-8239-97342879CA7A,PEDESTRIAN,Cross/Enter at Intersection,IN ROADWAY IMPROPERLY,ON ROADWAY NOT AT CROSSWALK,,SUSPECTED MINOR INJURY,NONE,38.98095833,-77.10093667,"(38.98095833, -77.10093667)"
DM84900026,220042035,Takoma Park Police Depart,Injury Crash,09/27/2022 07:41:00 AM,Municipality,FLOWER AVE,SLIGO CREEK PKWY,,N/A,BICYCLIST,OTHER,CLEAR,DRY,DAYLIGHT,STOP SIGN,N/A,N/A,F02A4D78-233F-402C-A672-1D4EC5E3743A,BICYCLIST,Cross/Enter at Intersection,N/A,ON ROADWAY NOT AT CROSSWALK,No,POSSIBLE INJURY,MC/BIKE HELMET,38.98090973,-76.99410789,"(38.98090973, -76.99410789)"
MCP1119007V,190053603,Montgomery County Police,Injury Crash,11/07/2019 08:00:00 AM,County,AMHERST AVE,WINDHAM LA,,N/A,BICYCLIST,OTHER,CLOUDY,DRY,DAYLIGHT,STOP SIGN,NONE DETECTED,NONE DETECTED,97F9444A-272C-4063-84C8-16C9996B5E81,BICYCLIST,Walking/Cycling on Sidewalk,DART DASH,AT INTERSECTION MARKED CROSSWALK,Yes,POSSIBLE INJURY,NONE,39.03197418,-77.04711387,"(39.03197418, -77.04711387)"
MCP28160011,15021152,Montgomery County Police,Property Damage Crash,05/04/2015 05:37:00 PM,Municipality,TWINBROOK PKWY,CHAPMAN AVE,,ROCKVILLE,BICYCLIST,SAME DIR REAR END,CLEAR,DRY,DAYLIGHT,NO CONTROLS,NONE DETECTED,NONE DETECTED,529F0C9B-A86B-4552-8C63-4D4B0D3412D0,BICYCLIST,Other,NO IMPROPER ACTIONS,SIDEWALK,,NO APPARENT INJURY,MC/BIKE HELMET,39.05886,-77.11837167,"(39.05886, -77.11837167)"
MCP94320035,220030117,Montgomery County Police,Injury Crash,07/13/2022 04:20:00 PM,Government,SLIGO CREEK PKWY,WAYNE AVE,,N/A,BICYCLIST,SAME DIRECTION SIDESWIPE,CLEAR,DRY,DAYLIGHT,NO CONTROLS,UNKNOWN,NONE DETECTED,0CFC5438-5400-4126-9B2F-54F9FD5F2A15,BICYCLIST,Walking/Riding w/Traffic,NO IMPROPER ACTIONS,ON ROADWAY NOT AT CROSSWALK,No,POSSIBLE INJURY,MC/BIKE HELMET,39.06635383,-77.1597625,"(39.06635383, -77.1597625)"
MCP3360000L,230046354,Montgomery County Police,Injury Crash,07/25/2023 10:12:00 AM,County,WATKINS MILL RD,STEDWICK RD,,N/A,BICYCLIST,SINGLE VEHICLE,CLEAR,DRY,DAYLIGHT,TRAFFIC SIGNAL,UNKNOWN,N/A,390AA256-2353-4FB7-92CB-4F3F61C6ED75,BICYCLIST,N/A,NO IMPROPER ACTIONS,AT INTERSECTION MARKED CROSSWALK,No,SUSPECTED MINOR INJURY,NONE,39.17055765,-77.20888876,"(39.17055765, -77.20888876)"
MCP2052001X,200001419,Montgomery County Police,Injury Crash,01/09/2020 12:16:00 AM,Maryland (State),FREDERICK RD,WATKINS MILL RD,,N/A,PEDESTRIAN,SINGLE VEHICLE,CLEAR,DRY,DARK LIGHTS ON,N/A,NONE DETECTED,ALCOHOL CONTRIBUTED,26F66E35-C77F-4D14-BC27-E87BC4355DEA,PEDESTRIAN,Other,IN ROADWAY IMPROPERLY,ON ROADWAY NOT AT CROSSWALK,Yes,SUSPECTED MINOR INJURY,NONE,39.1578164,-77.218591,"(39.1578164, -77.218591)"
MCP32390028,220027483,Montgomery County Police,Injury Crash,06/26/2022 09:35:00 AM,County,LOCKWOOD DR,HEATHER HOLLOW CIR,,N/A,PEDESTRIAN,SINGLE VEHICLE,CLEAR,DRY,DAYLIGHT,NO CONTROLS,NONE DETECTED,NONE DETECTED,AB23A77E-0FC1-4CD7-A24D-B008C2B32A97,PEDESTRIAN,Cross/Enter not at Intersection,INATTENTIVE,ON ROADWAY NOT AT CROSSWALK,No,POSSIBLE INJURY,NONE,39.04116277,-76.98640652,"(39.04116277, -76.98640652)"
MCP30100067,210046432,Montgomery County Police,Injury Crash,11/16/2021 06:29:00 AM,County,TUCKERMAN LA,GROSVENOR PL,,N/A,PEDESTRIAN,OTHER,CLEAR,DRY,DUSK,TRAFFIC SIGNAL,N/A,N/A,6605DF0F-EF7F-45F3-B52D-4D96814BDCC8,PEDESTRIAN,Cross/Enter at Intersection,NO IMPROPER ACTIONS,ON ROADWAY AT CROSSWALK,No,SUSPECTED MINOR INJURY,NONE,39.02901167,-77.10838167,"(39.02901167, -77.10838167)"
MCP3004002C,180006573,Montgomery County Police,Injury Crash,02/07/2018 06:27:00 PM,Maryland (State),RIVER RD,LANDY LA,,N/A,PEDESTRIAN,OTHER,RAINING,WET,DARK LIGHTS ON,N/A,NONE DETECTED,NONE DETECTED,5B99E45A-1692-4B5C-B25A-0E92488F2F60,PEDESTRIAN,Cross/Enter at Intersection,NO IMPROPER ACTIONS,ON ROADWAY AT CROSSWALK,No,SUSPECTED MINOR INJURY,NONE,38.964715,-77.10358833,"(38.964715, -77.10358833)"
MCP2437002Q,170513484,Montgomery County Police,Injury Crash,06/13/2017 06:21:00 PM,Maryland (State),GEORGIA AVE,HEWITT AVE,,N/A,PEDESTRIAN,SINGLE VEHICLE,CLEAR,DRY,DAYLIGHT,TRAFFIC SIGNAL,NONE DETECTED,NONE DETECTED,D0FF4FC1-A35B-43EA-AB3D-3845578848AD,PEDESTRIAN,Cross/Enter at Intersection,NO IMPROPER ACTIONS,ON ROADWAY AT CROSSWALK,No,SUSPECTED MINOR INJURY,NONE,39.0777,-77.070905,"(39.0777, -77.070905)"
MCP3200001F,200006881,Montgomery County Police,Property Damage Crash,02/11/2020 07:36:00 AM,Maryland (State),ROCKVILLE PIKE,MARINELLI RD,,N/A,PEDESTRIAN,OTHER,RAINING,WET,DAWN,NO CONTROLS,NONE DETECTED,NONE DETECTED,41185652-81EC-4A3F-939A-6C7E4865D542,PEDESTRIAN,Walking/Cycling on Sidewalk,NO IMPROPER ACTIONS,SIDEWALK,No,NO APPARENT INJURY,NONE,39.04611433,-77.11285967,"(39.04611433, -77.11285967)"
MCP31810015,190048656,Montgomery County Police,Injury Crash,10/10/2019 12:18:00 PM,County,ARCOLA AVE,CHANNING DR,,N/A,BICYCLIST,STRAIGHT MOVEMENT ANGLE,CLEAR,DRY,DAYLIGHT,OTHER,N/A,N/A,9AC9E812-E25C-4CDC-A670-67EA2C4E0C3E,BICYCLIST,Cross/Enter at Intersection,NO IMPROPER ACTIONS,ON ROADWAY AT CROSSWALK,No,SUSPECTED MINOR INJURY,MC/BIKE HELMET,39.04758833,-77.040925,"(39.04758833, -77.040925)"
MCP2182000D,15061921,MONTGOMERY,Injury Crash,12/03/2015 07:30:00 AM,,,,"Rear parking lot of Sherwood High School
300 Olney Sandy Spring Rd. Olney, MD 20860",,PEDESTRIAN,SINGLE VEHICLE,CLEAR,,DAYLIGHT,N/A,NONE DETECTED,NONE DETECTED,0F5F17EB-81A4-476A-9B08-845FB9C85A73,PEDESTRIAN,Playing,OTHER,CURB,No,SUSPECTED MINOR INJURY,N/A,39.04169,-77.05867833,"(39.04169, -77.05867833)"
MCP12330052,230004363,Montgomery County Police,Injury Crash,01/26/2023 07:05:00 PM,,,,5500 BLK OF RANDOLPH RD.,,PEDESTRIAN,STRAIGHT MOVEMENT ANGLE,N/A,,DARK NO LIGHTS,NO CONTROLS,NONE DETECTED,NONE DETECTED,784D8F3C-C096-488E-8AF8-E050C903FF5E,PEDESTRIAN,Other,NO IMPROPER ACTIONS,OTHER,No,POSSIBLE INJURY,N/A,39.05255167,-77.111165,"(39.05255167, -77.111165)"
DD5605005Q,180045675,Rockville Police Departme,Property Damage Crash,09/13/2018 07:45:00 AM,Municipality,GREAT FALLS RD,MONUMENT ST,,ROCKVILLE,PEDESTRIAN,OTHER,CLEAR,DRY,DAYLIGHT,OTHER,NONE DETECTED,NONE DETECTED,4CECB962-DB8B-4EFD-91AF-D5541D7BAA52,PEDESTRIAN,Cross/Enter at Intersection,NO IMPROPER ACTIONS,AT INTERSECTION MARKED CROSSWALK,No,NO APPARENT INJURY,NONE,39.08011633,-77.16110017,"(39.08011633, -77.16110017)"
MCP2891000P,15015117,Montgomery County Police,Injury Crash,04/02/2015 08:08:00 AM,County,GIST AVE,TAKOMA AVE,,N/A,BICYCLIST,SAME DIR REAR END,CLEAR,DRY,DAYLIGHT,N/A,,NONE DETECTED,2C39B891-958C-492A-939C-0CF0F2C47A62,BICYCLIST,Walking/Riding w/Traffic,NO IMPROPER ACTIONS,OTHER,,SUSPECTED MINOR INJURY,MC/BIKE HELMET,38.98839833,-77.01766833,"(38.98839833, -77.01766833)"
MCP2846007Z,220021835,Montgomery County Police,Injury Crash,05/22/2022 03:15:00 PM,Maryland (State),GEORGIA AVE,BLUERIDGE AVE,,N/A,PEDESTRIAN,HEAD ON LEFT TURN,CLEAR,DRY,DAYLIGHT,PERSON,NONE DETECTED,NONE DETECTED,C59007E7-C2ED-4EE1-BED0-A0BD62A7BA59,PEDESTRIAN,Cross/Enter at Intersection,NO IMPROPER ACTIONS,ON ROADWAY AT CROSSWALK,No,POSSIBLE INJURY,N/A,39.04295333,-77.05214333,"(39.04295333, -77.05214333)"
MCP2891009K,200045188,Montgomery County Police,Injury Crash,11/16/2020 08:26:00 AM,County,PINECREST CIR,HIGHLAND DR,,N/A,PEDESTRIAN,SINGLE VEHICLE,CLEAR,DRY,DAYLIGHT,N/A,NONE DETECTED,NONE DETECTED,83C66713-780F-42DF-99BA-1260A0B7BCE1,PEDESTRIAN,Other Working,NO IMPROPER ACTIONS,OTHER,Unknown,POSSIBLE INJURY,REFLECTIVE CLOTHING,39.00563667,-77.02952333,"(39.00563667, -77.02952333)"
DM8270000C,170503423,Takoma Park Police Depart,Injury Crash,04/23/2017 06:01:00 PM,Maryland (State),ETHAN ALLEN AVE,PRINCE GEORGES AVE,,TAKOMA PARK,PEDESTRIAN,OTHER,CLOUDY,WET,DAYLIGHT,N/A,NONE DETECTED,NONE DETECTED,62F981C6-1B80-41FE-A578-BBF867DDC83A,PEDESTRIAN,Cross/Enter not at Intersection,IN ROADWAY IMPROPERLY,ON ROADWAY NOT AT CROSSWALK,Unknown,SUSPECTED SERIOUS INJURY,N/A,38.97713471,-76.99922562,"(38.97713471, -76.99922562)"
MCP31230025,210019038,Montgomery County Police,Injury Crash,05/20/2021 12:58:00 PM,County,WILLOW TREE TERR,WILLOW TREE TERR,,N/A,PEDESTRIAN,OTHER,CLEAR,DRY,DAYLIGHT,N/A,NONE DETECTED,NONE DETECTED,4FAA6C44-DA31-4522-937B-ECEC7F8BA4AA,PEDESTRIAN,Walking/Cycling on Sidewalk,N/A,SIDEWALK,No,SUSPECTED SERIOUS INJURY,N/A,39.086165,-77.20297583,"(39.086165, -77.20297583)"
MCP2094007Z,17010504,Montgomery County Police,Injury Crash,02/27/2017 02:11:00 PM,,,,"PARKING LOT OF 

10100 RIVER RD",,PEDESTRIAN,OTHER,CLOUDY,,DAYLIGHT,N/A,NONE DETECTED,NONE DETECTED,6BD704BD-F065-44EB-8F8E-FA33E5FF54FD,PEDESTRIAN,Other,NO IMPROPER ACTIONS,OTHER,No,SUSPECTED SERIOUS INJURY,N/A,39.01692,-77.20789333,"(39.01692, -77.20789333)"
MCP30380063,230011465,Montgomery County Police,Injury Crash,03/08/2023 07:41:00 PM,Maryland (State),GEORGIA AVE,COLESVILLE RD,,N/A,PEDESTRIAN,OTHER,CLEAR,DRY,DARK LIGHTS ON,TRAFFIC SIGNAL,UNKNOWN,NONE DETECTED,A328DEDC-EFED-4A36-828A-1EDA76178D3F,PEDESTRIAN,Cross/Enter at Intersection,NO IMPROPER ACTIONS,AT INTERSECTION MARKED CROSSWALK,No,POSSIBLE INJURY,N/A,38.99594489,-77.02803686,"(38.99594489, -77.02803686)"
MCP28920051,180033558,Montgomery County Police,Injury Crash,07/07/2018 03:26:00 PM,,,,"PARKING LOT

9159 BROOKVILLE ROAD SILVER SPRING, MD",,PEDESTRIAN,SINGLE VEHICLE,CLEAR,,DAYLIGHT,NO CONTROLS,UNKNOWN,NONE DETECTED,F065DD49-61AE-404D-AB3C-8C4C30878335,PEDESTRIAN,Standing,NO IMPROPER ACTIONS,OTHER,No,POSSIBLE INJURY,N/A,39.00583712,-77.05005884,"(39.00583712, -77.05005884)"
MCP21070017,170523851,Montgomery County Police,Injury Crash,08/10/2017 11:05:00 AM,Maryland (State),BEALLSVILLE RD,SELLMAN RD,,N/A,MACHINE OPERATOR/RIDER,OTHER,CLEAR,DRY,DAYLIGHT,NO CONTROLS,NONE DETECTED,NONE DETECTED,615971BA-6A17-418C-81B4-3533ABF3A8A0,MACHINE OPERATOR/RIDER,Other,FAILURE TO YIELD RIGHT OF WAY,OTHER,Yes,SUSPECTED MINOR INJURY,N/A,39.22051263,-77.37774298,"(39.22051263, -77.37774298)"
MCP229800R2,200010640,Montgomery County Police,Injury Crash,03/03/2020 06:36:00 PM,,,,"19707 GERMANTOWN ROAD, DRIVE WAY AREA OF BANK OF AMERICA",,PEDESTRIAN,SINGLE VEHICLE,RAINING,,DARK LIGHTS ON,STOP SIGN,NONE DETECTED,NONE DETECTED,5F244E14-0E37-4807-923F-DAC403CB535A,PEDESTRIAN,Other,UNKNOWN,OTHER,Unknown,POSSIBLE INJURY,NONE,39.17858393,-77.26645455,"(39.17858393, -77.26645455)"