Report Number,Local Case Number,Agency Name,ACRS Report Type,Crash Date/Time,Route Type,Road Name,Cross-Street Name,Off-Road Description,Municipality,Related Non-Motorist,Collision Type,Weather,Surface Condition,Light,Traffic Control,Driver Substance Abuse,Non-Motorist Substance Abuse,Person ID,Pedestrian Type,Pedestrian Movement,Pedestrian Actions,Pedestrian Location,At Fault,Injury Severity,Safety Equipment,Latitude,Longitude,Location
MCP2594000H,15002555,Montgomery County Police,Injury Crash,01/16/2015 11:59:00 AM,County,PRINCE PHILIP DR,OLNEY SANDY SPRING RD,,N/A,PEDESTRIAN,STRAIGHT MOVEMENT ANGLE,CLEAR,DRY,DAYLIGHT,STOP SIGN,NONE DETECTED,NONE DETECTED,377C523C-DE00-4D27-AB30-62F9CC5E49F7,PEDESTRIAN,Cross/Enter at Intersection,NO IMPROPER ACTIONS,ON ROADWAY AT CROSSWALK,,SUSPECTED MINOR INJURY,N/A,39.153095,-77.05558833,"(39.153095, -77.05558833)"
MCP1151005F,16053496,Montgomery County Police,Injury Crash,10/18/2016 08:10:00 AM,Maryland (State),FREDERICK RD,RUNNING BROOK DR,,N/A,BICYCLIST,HEAD ON LEFT TURN,CLEAR,DRY,DAYLIGHT,NO CONTROLS,NONE DETECTED,NONE DETECTED,8D15013E-E403-4B1C-9A1F-54AB6996C8EE,BICYCLIST,Walking/Riding w/Traffic,FAILURE TO YIELD RIGHT OF WAY,SHOULDER,Yes,SUSPECTED MINOR INJURY,MC/BIKE HELMET,39.22517167,-77.26275333,"(39.22517167, -77.26275333)"
DD5653002M,230053356,Rockville Police Departme,Injury Crash,09/05/2023 06:00:00 PM,,,,"SIDEWALK BESIDE  168 ROLLINS AVE, ROCKVILLE MD.",,OTHER CONVEYANCE,STRAIGHT MOVEMENT ANGLE,CLEAR,,DAYLIGHT,NO CONTROLS,N/A,NONE DETECTED,5DAE2EC1-C1F3-4FC8-9B50-A5588237453F,OTHER CONVEYANCE,Walking/Riding against Traffic,NO IMPROPER ACTIONS,SIDEWALK,No,SUSPECTED MINOR INJURY,NONE,39.05855949,-77.12512477,"(39.05855949, -77.12512477)"
MCP9130002M,16041699,Montgomery County Police,Injury Crash,08/17/2016 08:39:00 AM,County,FOREST GLEN RD,SLIGO CREEK PKWY,,N/A,BICYCLIST,SINGLE VEHICLE,CLEAR,DRY,DAYLIGHT,TRAFFIC SIGNAL,NONE DETECTED,NONE DETECTED,6DC14489-E1F4-4DEC-9B42-6A6A0452CBB4,BICYCLIST,Cross/Enter at Intersection,NO IMPROPER ACTIONS,ON ROADWAY AT CROSSWALK,No,SUSPECTED MINOR INJURY,NONE,39.01609333,-77.032545,"(39.01609333, -77.032545)"
MCP28920083,200008379,Montgomery County Police,Property Damage Crash,02/19/2020 08:31:00 PM,Maryland (State),16TH ST,EAST WEST HWY,,N/A,PEDESTRIAN,HEAD ON LEFT TURN,CLEAR,DRY,DARK LIGHTS ON,TRAFFIC SIGNAL,NONE DETECTED,NONE DETECTED,E5165965-7461-44F9-91FB-6E2762D01162,PEDESTRIAN,Cross/Enter at Intersection,NO IMPROPER ACTIONS,ON ROADWAY AT CROSSWALK,No,NO APPARENT INJURY,NONE,38.99472167,-77.036325,"(38.99472167, -77.036325)"
MCP3335001D,220056813,Montgomery County Police,Injury Crash,12/22/2022 01:51:00 PM,Maryland (State),UNIVERSITY BLVD E,COLESVILLE RD,,N/A,PEDESTRIAN,OTHER,RAINING,WET,DAYLIGHT,TRAFFIC SIGNAL,N/A,N/A,ED874830-680E-4655-9A06-2CEE1F9C5FD3,PEDESTRIAN,Cross/Enter at Intersection,UNKNOWN,ON ROADWAY NOT AT CROSSWALK,Unknown,SUSPECTED MINOR INJURY,NONE,39.019375,-77.01397833,"(39.019375, -77.01397833)"
MCP26930027,170539688,Montgomery County Police,Injury Crash,10/29/2017 06:25:00 PM,Maryland (State),GEORGIA AVE,HEWITT AVE,,N/A,PEDESTRIAN,SINGLE VEHICLE,RAINING,WET,DARK LIGHTS ON,TRAFFIC SIGNAL,NONE DETECTED,NONE DETECTED,17F66616-1EAB-4E9E-918C-BA808236038B,PEDESTRIAN,Cross/Enter at Intersection,NO IMPROPER ACTIONS,ON ROADWAY AT CROSSWALK,No,POSSIBLE INJURY,N/A,39.07737167,-77.07084833,"(39.07737167, -77.07084833)"
MCP2991005F,210027133,Montgomery County Police,Injury Crash,07/14/2021 11:00:00 AM,County,HEADWATERS DR,CARRISA LA,,N/A,PEDESTRIAN,N/A,CLEAR,DRY,DAYLIGHT,NO CONTROLS,NONE DETECTED,NONE DETECTED,BEA6B49B-5A14-4C01-8C3C-5B4E867AB33E,PEDESTRIAN,Other Working,UNKNOWN,N/A,Unknown,POSSIBLE INJURY,N/A,39.10261783,-77.01725217,"(39.10261783, -77.01725217)"
MCP2531000C,15065793,MONTGOMERY,Injury Crash,12/23/2015 05:00:00 PM,Municipality,WASHINGTONIAN BLVD,RIO BLVD,,GAITHERSBURG,PEDESTRIAN,SINGLE VEHICLE,RAINING,WET,DARK -- UNKNOWN LIGHTING,YIELD SIGN,N/A,N/A,AFBFC24B-E0FC-4FD0-8591-AF34BFE7E5FB,PEDESTRIAN,Cross/Enter at Intersection,NO IMPROPER ACTIONS,AT INTERSECTION MARKED CROSSWALK,No,SUSPECTED SERIOUS INJURY,NONE,39.116915,-77.20144,"(39.116915, -77.20144)"
MCP2935001S,190007777,Montgomery County Police,Injury Crash,02/17/2019 08:00:00 PM,,,,"INSIDE MONTGOMERY COUNTY PARKING GARAGE #4 ON 2ND LEVEL, LOCATED AT 8110 FENTON STREET",,PEDESTRIAN,OTHER,N/A,,DARK LIGHTS ON,N/A,,NONE DETECTED,DC6AA1C0-7818-482F-8723-F59A499D4850,PEDESTRIAN,Getting off/on Vehicle,NO IMPROPER ACTIONS,OTHER,No,SUSPECTED MINOR INJURY,NONE,38.99167,-77.02514667,"(38.99167, -77.02514667)"
MCP1202001V,16055277,Montgomery County Police,Injury Crash,10/27/2016 11:00:00 AM,County,FRIENDSHIP BLVD,WILLARD AVE,,N/A,MACHINE OPERATOR/RIDER,STRAIGHT MOVEMENT ANGLE,CLEAR,DRY,DAYLIGHT,TRAFFIC SIGNAL,NONE DETECTED,NONE DETECTED,381BDC01-30E6-41DD-BB0C-181D7D0BC28C,MACHINE OPERATOR/RIDER,Cross/Enter at Intersection,NO IMPROPER ACTIONS,AT INTERSECTION MARKED CROSSWALK,No,SUSPECTED MINOR INJURY,NONE,38.96195,-77.08886167,"(38.96195, -77.08886167)"
DM8336001G,180000956,Takoma Park Police Depart,Property Damage Crash,01/07/2018 07:30:00 AM,Municipality,RITCHIE AVE,MAPLE AVE,,TAKOMA PARK,OTHER,SINGLE VEHICLE,CLEAR,DRY,DAYLIGHT,N/A,NONE DETECTED,N/A,351D97BC-392B-4A74-982A-938DC1438D47,OTHER,Other,NO IMPROPER ACTIONS,SIDEWALK,No,NO APPARENT INJURY,N/A,38.98356833,-77.00642,"(38.98356833, -77.00642)"
MCP1575003J,15061927,MONTGOMERY,Injury Crash,12/04/2015 10:16:00 AM,County,SHADY GROVE RD,TRAVILLE  GATEWAY DR,,N/A,PEDESTRIAN,OTHER,N/A,DRY,DAYLIGHT,TRAFFIC SIGNAL,NONE DETECTED,NONE DETECTED,ED59A379-0930-455E-A395-66ACA65A31D3,PEDESTRIAN,Cross/Enter at Intersection,IN ROADWAY IMPROPERLY,ON ROADWAY AT CROSSWALK,Yes,SUSPECTED SERIOUS INJURY,NONE,39.09114667,-77.20452833,"(39.09114667, -77.20452833)"
MCP1094000T,190038544,Montgomery County Police,Injury Crash,08/13/2019 12:06:00 AM,,,,IN PARKING LOT,,PEDESTRIAN,OTHER,CLEAR,,DARK LIGHTS ON,N/A,"ALCOHOL CONTRIBUTED, N/A",ALCOHOL PRESENT,25AD6D6C-4EC1-405D-80F5-215E3BFD4A5F,PEDESTRIAN,Other,INATTENTIVE,OTHER,Yes,SUSPECTED MINOR INJURY,N/A,39.14189614,-77.22310078,"(39.14189614, -77.22310078)"
MCP2586002L,17008486,Montgomery County Police,Injury Crash,02/16/2017 06:36:00 PM,Maryland (State),SANDY SPRING RD,MCKNEW RD,,N/A,PEDESTRIAN,OTHER,CLEAR,DRY,DARK LIGHTS ON,TRAFFIC SIGNAL,NONE DETECTED,NONE DETECTED,568D25D5-E0FB-4958-975A-E3D980599D07,PEDESTRIAN,Unknown,IN ROADWAY IMPROPERLY,ON ROADWAY NOT AT CROSSWALK,Yes,SUSPECTED MINOR INJURY,N/A,39.10613667,-76.918495,"(39.10613667, -76.918495)"
MCP23850019,170512209,Montgomery County Police,Injury Crash,06/06/2017 11:24:00 AM,,,,PARKING LOT OF 18701 LIBERTY MILL RD (SUNOCO GAS STATION),,PEDESTRIAN,SINGLE VEHICLE,CLEAR,,DARK LIGHTS ON,NO CONTROLS,NONE DETECTED,NONE DETECTED,CB76D08F-0917-4641-BF73-F7C234F0CEC5,PEDESTRIAN,Other,NO IMPROPER ACTIONS,OTHER,No,POSSIBLE INJURY,NONE,39.16229,-77.28059,"(39.16229, -77.28059)"
MCP3050000C,17007929,Montgomery County Police,Injury Crash,02/13/2017 07:00:00 PM,Other Public Roadway,GLENMONT CIR #1,GLENMONT CIR #2,,N/A,PEDESTRIAN,SINGLE VEHICLE,OTHER,DRY,DARK LIGHTS ON,NO CONTROLS,NONE DETECTED,NONE DETECTED,82C88819-8BAF-4971-9F79-19D468324430,PEDESTRIAN,Other,NO IMPROPER ACTIONS,OTHER,No,SUSPECTED SERIOUS INJURY,N/A,39.05893754,-77.04736322,"(39.05893754, -77.04736322)"
EJ7833001K,15065800,Gaithersburg Police Depar,Injury Crash,12/23/2015 05:20:00 PM,Municipality,CHESTERTOWN ST,TSCHIFFELY SQUARE RD,,GAITHERSBURG,PEDESTRIAN,OTHER,CLOUDY,WET,DARK LIGHTS ON,NO CONTROLS,NONE DETECTED,NONE DETECTED,F814F2D7-40B0-4564-BF8F-82264EFC4CB6,PEDESTRIAN,Cross/Enter at Intersection,NOT VISIBLE,ON ROADWAY AT CROSSWALK,No,SUSPECTED MINOR INJURY,NONE,39.12399333,-77.24435667,"(39.12399333, -77.24435667)"
MCP2545000H,170545137,Montgomery County Police,Injury Crash,11/27/2017 11:35:00 AM,,,,PARKING LOT OF 11190 VEIRS MILL RD,,PEDESTRIAN,OTHER,CLEAR,,DAYLIGHT,NO CONTROLS,NONE DETECTED,N/A,8247C645-4BC6-4040-8364-55E94ECAB03E,PEDESTRIAN,Other,N/A,CURB,No,POSSIBLE INJURY,N/A,39.14903833,-77.06954333,"(39.14903833, -77.06954333)"
DD5642002T,220008716,Rockville Police Departme,Injury Crash,02/28/2022 07:25:00 PM,Municipality,MARYLAND AVE,S WASHINGTON ST,,ROCKVILLE,PEDESTRIAN,STRAIGHT MOVEMENT ANGLE,CLEAR,DRY,DARK LIGHTS ON,TRAFFIC SIGNAL,NONE DETECTED,NONE DETECTED,5FB85111-1F0F-4BFD-B743-FCB18EE99981,PEDESTRIAN,Cross/Enter at Intersection,NO IMPROPER ACTIONS,ON ROADWAY AT CROSSWALK,No,SUSPECTED SERIOUS INJURY,NONE,39.08041617,-77.15270717,"(39.08041617, -77.15270717)"
MCP32120009,190041582,Montgomery County Police,Injury Crash,08/30/2019 04:51:00 PM,Maryland (State),EAST WEST HWY,COLESVILLE RD,,N/A,PEDESTRIAN,SINGLE VEHICLE,N/A,N/A,DAYLIGHT,TRAFFIC SIGNAL,NONE DETECTED,NONE DETECTED,2323F65E-4083-4DD4-94CE-5386D8AA585C,PEDESTRIAN,Cross/Enter at Intersection,FAILURE TO OBEY TRAFFIC SIGNS SIGNALS OR OFFICER,ON ROADWAY NOT AT CROSSWALK,Yes,SUSPECTED MINOR INJURY,NONE,38.99297393,-77.0317158,"(38.99297393, -77.0317158)"
MCP1182001C,16039810,Montgomery County Police,Injury Crash,08/06/2016 09:37:00 AM,County,BEECH AVE,OLD GEORGETOWN RD,,N/A,PEDESTRIAN,OTHER,CLEAR,DRY,DAYLIGHT,TRAFFIC SIGNAL,NONE DETECTED,NONE DETECTED,25457A34-F52F-4989-A32C-74475A44C9BE,PEDESTRIAN,Cross/Enter not at Intersection,NO IMPROPER ACTIONS,AT INTERSECTION BUT NO CROSSWALK,No,SUSPECTED MINOR INJURY,NONE,39.00998833,-77.11470833,"(39.00998833, -77.11470833)"
EJ7847002D,200013331,Gaithersburg Police Depar,Injury Crash,03/19/2020 08:00:00 PM,Maryland (State),QUINCE ORCHARD RD,GREAT SENECA HWY,,N/A,BICYCLIST,STRAIGHT MOVEMENT ANGLE,RAINING,WET,DARK LIGHTS ON,TRAFFIC SIGNAL,N/A,NONE DETECTED,4005E3FD-517A-4963-B086-0737BC0BE74C,BICYCLIST,Cross/Enter at Intersection,UNKNOWN,AT INTERSECTION MARKED CROSSWALK,Unknown,SUSPECTED MINOR INJURY,NONE,39.12853456,-77.2376771,"(39.12853456, -77.2376771)"
MCP1220006C,180005659,Montgomery County Police,Injury Crash,02/02/2018 09:00:00 AM,County,CARROLL LA,SILVER SPRING AVE,,N/A,PEDESTRIAN,SINGLE VEHICLE,CLEAR,DRY,DAYLIGHT,N/A,NONE DETECTED,NONE DETECTED,538333A6-FA5D-4374-9AD9-B1EFFC964C1B,PEDESTRIAN,Cross/Enter at Intersection,NO IMPROPER ACTIONS,AT INTERSECTION BUT NO CROSSWALK,No,POSSIBLE INJURY,N/A,38.99186833,-77.01642,"(38.99186833, -77.01642)"
MCP2963000X,16064726,Montgomery County Police,Injury Crash,12/17/2016 01:42:00 PM,US (State),GEORGIA AVE,THAYER AVE,,N/A,PEDESTRIAN,SINGLE VEHICLE,WINTRY MIX,ICE,DAYLIGHT,TRAFFIC SIGNAL,NONE DETECTED,NONE DETECTED,57D179FB-2BC3-4981-A27C-B14CA803D05A,PEDESTRIAN,Cross/Enter at Intersection,NO IMPROPER ACTIONS,ON ROADWAY AT CROSSWALK,No,SUSPECTED MINOR INJURY,N/A,38.99273333,-77.026605,"(38.99273333, -77.026605)"
MCP2720001L,15052916,MONTGOMERY,Injury Crash,10/18/2015 06:40:00 PM,Maryland (State),GEORGIA AVE,CROSSOVER,,N/A,BICYCLIST,HEAD ON LEFT TURN,CLEAR,DRY,DARK -- UNKNOWN LIGHTING,NO CONTROLS,N/A,N/A,63ED35C0-FB40-496C-84FC-636B61148DBE,BICYCLIST,Walking/Riding w/Traffic,IN ROADWAY IMPROPERLY,ON ROADWAY NOT AT CROSSWALK,Yes,SUSPECTED MINOR INJURY,MC/BIKE HELMET,39.08553333,-77.07890333,"(39.08553333, -77.07890333)"
DD5617000T,170506125,Rockville Police Departme,Injury Crash,05/05/2017 06:01:00 PM,Municipality,BAYLOR AVE,PRINCETON PL,,ROCKVILLE,BICYCLIST,OTHER,CLOUDY,DRY,DAYLIGHT,NO CONTROLS,NONE DETECTED,N/A,09754351-FBE4-4CC3-81BE-542870901319,BICYCLIST,Cross/Enter not at Intersection,DART DASH,ON ROADWAY NOT AT CROSSWALK,Yes,SUSPECTED MINOR INJURY,NONE,39.10110833,-77.166145,"(39.10110833, -77.166145)"
MCP2798002Y,170507244,Montgomery County Police,Property Damage Crash,05/11/2017 03:39:00 PM,County,CHERRY HILL RD,PLUM ORCHARD DR,,N/A,PEDESTRIAN,SINGLE VEHICLE,RAINING,WET,DAYLIGHT,TRAFFIC SIGNAL,NONE DETECTED,NONE DETECTED,48F63274-57BE-4CC8-BA52-B1A2B340CCC5,PEDESTRIAN,Cross/Enter at Intersection,FAILURE TO OBEY TRAFFIC SIGNS SIGNALS OR OFFICER,AT INTERSECTION MARKED CROSSWALK,Yes,NO APPARENT INJURY,NONE,39.05293167,-76.95316333,"(39.05293167, -76.95316333)"
MCP29190099,220018434,Montgomery County Police,Injury Crash,04/30/2022 08:20:00 PM,Maryland (State),UNIVERSITY BLVD E,E SCHUYLER RD,,N/A,PEDESTRIAN,OTHER,CLEAR,DRY,DARK LIGHTS ON,N/A,NONE DETECTED,ALCOHOL PRESENT,D3037BAD-F845-493E-8E52-2348BBC0AC0D,PEDESTRIAN,Cross/Enter not at Intersection,IN ROADWAY IMPROPERLY,ON ROADWAY NOT AT CROSSWALK,Yes,POSSIBLE INJURY,N/A,39.00879833,-76.99838333,"(39.00879833, -76.99838333)"
MCP1433004W,230010738,Montgomery County Police,Injury Crash,03/03/2023 11:45:00 PM,,,,PARKING LOT OF LAYHILL SHOPPING CENTER AT 14300 LAYHILL RD.,,PEDESTRIAN,OTHER,CLOUDY,,DARK LIGHTS ON,N/A,UNKNOWN,UNKNOWN,6E6BDFC5-6071-4D07-AE66-092FE3EF4F76,PEDESTRIAN,Other,OTHER,OTHER,No,POSSIBLE INJURY,NONE,39.09186046,-77.04556559,"(39.09186046, -77.04556559)"
MCP3109005F,210016670,Montgomery County Police,Injury Crash,05/04/2021 08:28:00 AM,US (State),COLESVILLE RD,SLIGO CREEK PKWY,,N/A,BICYCLIST,STRAIGHT MOVEMENT ANGLE,CLEAR,DRY,DAYLIGHT,TRAFFIC SIGNAL,NONE DETECTED,NONE DETECTED,45E53F3E-82B1-48E0-B292-E6E498F073F4,BICYCLIST,Cross/Enter at Intersection,NO IMPROPER ACTIONS,ON ROADWAY AT CROSSWALK,No,POSSIBLE INJURY,MC/BIKE HELMET,39.00775,-77.01983133,"(39.00775, -77.01983133)"
MCP2991002C,180002185,Montgomery County Police,Injury Crash,01/14/2018 12:15:00 PM,,,,DRIVEWAY OF 2311 NORBECK ROAD,,PEDESTRIAN,SINGLE VEHICLE,CLEAR,,DAYLIGHT,NO CONTROLS,NONE DETECTED,NONE DETECTED,1E21EBB8-1E87-4616-9B91-D7B2410E6B4B,PEDESTRIAN,Other,NO IMPROPER ACTIONS,N/A,No,SUSPECTED SERIOUS INJURY,N/A,39.11856833,-77.04991167,"(39.11856833, -77.04991167)"
EJ7877000F,190022435,Gaithersburg Police Depar,Injury Crash,05/12/2019 09:20:00 PM,County,ODENDHAL AVE,CONTOUR RD,,N/A,PEDESTRIAN,SINGLE VEHICLE,RAINING,WET,DARK LIGHTS ON,TRAFFIC SIGNAL,N/A,N/A,5822239A-F508-4B41-A406-7051C7F2E0CA,PEDESTRIAN,Cross/Enter at Intersection,NO IMPROPER ACTIONS,ON ROADWAY AT CROSSWALK,Unknown,SUSPECTED MINOR INJURY,NONE,39.15230667,-77.19588167,"(39.15230667, -77.19588167)"
MCP271700XF,230003968,Montgomery County Police,Injury Crash,01/24/2023 07:05:00 PM,County,NORMANDY CROSSING DR,NORMANDY SQUARE DR,,N/A,PEDESTRIAN,OTHER,CLEAR,DRY,DARK LIGHTS ON,NO CONTROLS,NONE DETECTED,NONE DETECTED,CA77BA87-00F2-442C-B13C-0E44E19A6691,PEDESTRIAN,Cross/Enter at Intersection,NO IMPROPER ACTIONS,ON ROADWAY NOT AT CROSSWALK,No,SUSPECTED MINOR INJURY,NONE,39.10208817,-77.05068733,"(39.10208817, -77.05068733)"
MCP21180009,170539100,Montgomery County Police,Property Damage Crash,10/27/2017 04:33:00 AM,County,JOHNSON DR,BETHESDA CHURCH RD,,N/A,OTHER,SINGLE VEHICLE,CLEAR,DRY,DARK LIGHTS ON,N/A,NONE DETECTED,N/A,7F57979E-F00F-4B6B-A47C-7BD504FA61AF,OTHER,N/A,NO IMPROPER ACTIONS,N/A,No,NO APPARENT INJURY,N/A,39.29061167,-77.22294333,"(39.29061167, -77.22294333)"
MCP271700R8,190058101,Montgomery County Police,Injury Crash,12/02/2019 05:50:00 PM,County,PARKLAWN DR,BOILING BROOK PKWY,,N/A,PEDESTRIAN,SINGLE VEHICLE,RAINING,WET,DARK LIGHTS ON,NO CONTROLS,NONE DETECTED,NONE DETECTED,516C9671-0C18-4B39-92CC-31FA999C7B61,PEDESTRIAN,Cross/Enter not at Intersection,DART DASH,ON ROADWAY NOT AT CROSSWALK,Yes,SUSPECTED MINOR INJURY,NONE,39.051108,-77.10514633,"(39.051108, -77.10514633)"
MCP3080003Q,230051913,Montgomery County Police,Injury Crash,08/28/2023 03:22:00 PM,,,,PARKING LOT OF WALMART LOCATED AT 20910 FREDERICK RD,,PEDESTRIAN,OTHER,CLEAR,,DAYLIGHT,N/A,NONE DETECTED,NONE DETECTED,967E9BC7-FC77-402D-AD2E-CC0E5060D85F,PEDESTRIAN,Cross/Enter not at Intersection,UNKNOWN,ON ROADWAY AT CROSSWALK,Unknown,POSSIBLE INJURY,NONE,39.19838897,-77.25139036,"(39.19838897, -77.25139036)"
MCP30570027,20007797,Montgomery County Police,Property Damage Crash,02/16/2020 09:21:00 AM,County,CENTURY BLVD,CENTURY BLVD (BACK),,N/A,PEDESTRIAN,OTHER,CLOUDY,DRY,DAYLIGHT,N/A,NONE DETECTED,NONE DETECTED,8F0031B0-CF78-4D91-8C1A-A7AFC56330ED,PEDESTRIAN,Cross/Enter at Intersection,INATTENTIVE,AT INTERSECTION BUT NO CROSSWALK,No,NO APPARENT INJURY,N/A,39.18456052,-77.25964105,"(39.18456052, -77.25964105)"
MCP22910067,220040461,Montgomery County Police,Injury Crash,09/17/2022 02:48:00 PM,,,,PARKING LOT OF 10500 ROCKVILLE PIKE,,PEDESTRIAN,SINGLE VEHICLE,CLEAR,,DAYLIGHT,NO CONTROLS,NONE DETECTED,NONE DETECTED,1BD1CB6D-A0D3-46E6-83BD-081137FB7D67,PEDESTRIAN,Cross/Enter at Intersection,NO IMPROPER ACTIONS,AT INTERSECTION BUT NO CROSSWALK,No,SUSPECTED SERIOUS INJURY,N/A,39.03014,-77.10501,"(39.03014, -77.10501)"
MCP3242000P,190057343,Montgomery County Police,Injury Crash,11/27/2019 05:53:00 PM,Maryland (State),NEW HAMPSHIRE AVE,NORTHAMPTON DR,,N/A,PEDESTRIAN,STRAIGHT MOVEMENT ANGLE,CLEAR,DRY,DUSK,TRAFFIC SIGNAL,NONE DETECTED,NONE DETECTED,F3922533-7075-482C-B902-713DE35D3CDB,PEDESTRIAN,Cross/Enter not at Intersection,DART DASH,MEDIAN,Yes,SUSPECTED SERIOUS INJURY,NONE,39.00703333,-76.980155,"(39.00703333, -76.980155)"
MCP3022000R,17510254,Montgomery County Police,Property Damage Crash,05/27/2017 04:45:00 PM,,,,PARKING LOT OF 19900 BLOCK OF CENTURY BLVD,,PEDESTRIAN,OTHER,CLEAR,,DAYLIGHT,STOP SIGN,N/A,N/A,DE111010-87A4-402B-AD00-5AF6F7A5E5BF,PEDESTRIAN,Unknown,UNKNOWN,AT INTERSECTION BUT NO CROSSWALK,Unknown,NO APPARENT INJURY,N/A,39.18317167,-77.26259167,"(39.18317167, -77.26259167)"
MCP3192003S,230015684,Montgomery County Police,Injury Crash,04/01/2023 04:56:00 PM,,,,IN THE DRIVEWAY OF 907 KENBROOK DRIVE,,PEDESTRIAN,SINGLE VEHICLE,CLEAR,,DAYLIGHT,NO CONTROLS,UNKNOWN,NONE DETECTED,11E2E361-1D10-486A-84BA-75B4EBAB7714,PEDESTRIAN,Standing,IN ROADWAY IMPROPERLY,OTHER,No,POSSIBLE INJURY,NONE,39.03936487,-77.02629433,"(39.03936487, -77.02629433)"
MCP29300031,230014856,Montgomery County Police,Injury Crash,03/27/2023 08:12:00 PM,,,,DRIVEWAY/SIDE WALK IN FRONT OF 2603 RANDOLPH RD,,OTHER PEDALCYCLIST,STRAIGHT MOVEMENT ANGLE,CLEAR,,DARK LIGHTS ON,N/A,NONE DETECTED,NONE DETECTED,39BA5B84-568A-41F2-963C-D527EA37488D,OTHER PEDALCYCLIST,Walking/Cycling on Sidewalk,NO IMPROPER ACTIONS,SIDEWALK,No,SUSPECTED MINOR INJURY,NONE,39.05836333,-77.04811333,"(39.05836333, -77.04811333)"
MCP3005003R,180019538,Montgomery County Police,Injury Crash,04/21/2018 02:45:00 PM,Maryland (State),GEORGIA AVE,REEDIE DR,,N/A,PEDESTRIAN,SINGLE VEHICLE,CLEAR,DRY,DAYLIGHT,TRAFFIC SIGNAL,NONE DETECTED,NONE DETECTED,A5894409-B5BC-4E5B-A443-B89B37D787B3,PEDESTRIAN,Cross/Enter at Intersection,NO IMPROPER ACTIONS,AT INTERSECTION MARKED CROSSWALK,No,POSSIBLE INJURY,NONE,39.03816667,-77.050815,"(39.03816667, -77.050815)"
MCP15750092,190037266,Montgomery County Police,Injury Crash,08/05/2019 01:08:00 PM,,,,PK LOT 12600 TWINBROOK PKWY,,PEDESTRIAN,OTHER,CLEAR,,DAYLIGHT,NO CONTROLS,NONE DETECTED,NONE DETECTED,57BE7E3C-20E5-4427-8782-A8EF61732AB2,PEDESTRIAN,Other,OTHER,OTHER,No,POSSIBLE INJURY,NONE,39.06307333,-77.11688167,"(39.06307333, -77.11688167)"
MCP2425004W,15017200,Montgomery County Police,Injury Crash,04/14/2015 06:40:00 AM,Maryland (State),GEORGIA AVE,FOREST GLEN RD,,N/A,PEDESTRIAN,OTHER,RAINING,WET,DARK LIGHTS ON,TRAFFIC SIGNAL,NONE DETECTED,NONE DETECTED,2AC6DAB7-BB51-4779-8960-809AACB56A80,PEDESTRIAN,Cross/Enter at Intersection,DART DASH,ON ROADWAY AT CROSSWALK,,SUSPECTED MINOR INJURY,NONE,39.01564833,-77.04175,"(39.01564833, -77.04175)"
MCP2251001F,16007635,Montgomery County Police,Injury Crash,02/15/2016 05:38:00 AM,Maryland (State),VEIRS MILL RD,PARKLAND DR,,N/A,PEDESTRIAN,OTHER,SNOW,SNOW,DARK -- UNKNOWN LIGHTING,NO CONTROLS,UNKNOWN,NONE DETECTED,06C6A35D-1BFE-4D7E-A7D3-BF2773EB9A38,PEDESTRIAN,Standing,NO IMPROPER ACTIONS,SIDEWALK,No,SUSPECTED MINOR INJURY,N/A,39.057305,-77.08481833,"(39.057305, -77.08481833)"
DM8479000C,190050537,Takoma Park Police Depart,Injury Crash,10/21/2019 06:01:00 PM,Maryland (State),NEW HAMPSHIRE AVE,EAST WEST HWY (PG CO),,N/A,PEDESTRIAN,N/A,CLEAR,DRY,DAYLIGHT,N/A,NONE DETECTED,N/A,3C32052F-6239-4BCF-BE71-B75A94BF3C11,PEDESTRIAN,Cross/Enter not at Intersection,IN ROADWAY IMPROPERLY,ON ROADWAY NOT AT CROSSWALK,Yes,SUSPECTED MINOR INJURY,NONE,38.97544311,-76.99317964,"(38.97544311, -76.99317964)"
MCP3019001D,170543446,Montgomery County Police,Injury Crash,11/17/2017 05:15:00 PM,County,SANGAMORE RD,MADAWASKA RD,,N/A,BICYCLIST,OTHER,CLEAR,DRY,DUSK,NO CONTROLS,UNKNOWN,NONE DETECTED,6046258E-F858-4594-9B04-BD5D7D065201,BICYCLIST,Walking/Riding w/Traffic,NO IMPROPER ACTIONS,ON ROADWAY NOT AT CROSSWALK,No,SUSPECTED SERIOUS INJURY,MC/BIKE HELMET,38.99764667,-77.10964,"(38.99764667, -77.10964)"
MCP2116001B,15001974,Montgomery County Police,Injury Crash,01/13/2015 09:17:00 AM,Municipality,BALTIMORE RD,BALTIMORE RD (AHEAD),,N/A,PEDESTRIAN,SINGLE VEHICLE,CLEAR,DRY,DAYLIGHT,N/A,NONE DETECTED,NONE DETECTED,2B715340-4EB8-43CE-8250-72BB978C78D2,PEDESTRIAN,Walking/Riding w/Traffic,NO IMPROPER ACTIONS,SHOULDER,,SUSPECTED MINOR INJURY,REFLECTIVE CLOTHING,39.09107,-77.114849,"(39.09107, -77.114849)"
MCP3201003Q,230004200,Montgomery County Police,Injury Crash,01/26/2023 06:25:00 AM,County,CRYSTAL ROCK DR,CRYSTAL ROCK DR (AHEAD),,N/A,PEDESTRIAN,OTHER,CLEAR,WET,DARK NO LIGHTS,STOP SIGN,NONE DETECTED,NONE DETECTED,D23C1EA6-D6D4-413B-866E-79F349CC666F,PEDESTRIAN,Cross/Enter at Intersection,NOT VISIBLE,ON ROADWAY AT CROSSWALK,No,POSSIBLE INJURY,NONE,39.17916533,-77.26167533,"(39.17916533, -77.26167533)"