Report Number,Local Case Number,Agency Name,ACRS Report Type,Crash Date/Time,Route Type,Road Name,Cross-Street Name,Off-Road Description,Municipality,Related Non-Motorist,Collision Type,Weather,Surface Condition,Light,Traffic Control,Driver Substance Abuse,Non-Motorist Substance Abuse,Person ID,Pedestrian Type,Pedestrian Movement,Pedestrian Actions,Pedestrian Location,At Fault,Injury Severity,Safety Equipment,Latitude,Longitude,Location
DM83860014,180043329,Takoma Park Police Depart,Injury Crash,08/30/2018 07:15:00 PM,Municipality,MAPLE AVE,LINCOLN AVE,,TAKOMA PARK,BICYCLIST,SAME DIRECTION LEFT TURN,CLEAR,DRY,DAWN,NO CONTROLS,NONE DETECTED,NONE DETECTED,A63D5700-F3DD-42B8-B9A8-4CF8C1086878,BICYCLIST,Cross/Enter not at Intersection,NOT VISIBLE,SIDEWALK,No,SUSPECTED SERIOUS INJURY,NONE,38.98424833,-77.004625,"(38.98424833, -77.004625)"
MCP3045001S,190005685,Montgomery County Police,Injury Crash,01/31/2019 03:55:00 PM,County,FARMLAND DR,OLD STAGE RD,,N/A,PEDESTRIAN,OTHER,CLEAR,UNKNOWN,DAYLIGHT,SCHOOL ZONE SIGN DEVICE,UNKNOWN,N/A,19CA0FFE-F03F-4A7D-8A8F-AB6C2F84B0C3,PEDESTRIAN,Walking to/from school,IN ROADWAY IMPROPERLY,ON ROADWAY NOT AT CROSSWALK,Yes,SUSPECTED SERIOUS INJURY,NONE,39.0471,-77.1452,"(39.0471, -77.1452)"
DD56700009,230067477,Rockville Police Departme,Injury Crash,11/20/2023 05:03:00 PM,County,E GUDE DR,FREDERICK RD,,N/A,PEDESTRIAN,OTHER,N/A,DRY,DARK LIGHTS ON,TRAFFIC SIGNAL,UNKNOWN,NONE DETECTED,8F58F043-5BD9-4B07-9A66-BBB933C139D7,PEDESTRIAN,Cross/Enter at Intersection,NOT VISIBLE,AT INTERSECTION MARKED CROSSWALK,Unknown,SUSPECTED MINOR INJURY,NONE,39.10663751,-77.15834574,"(39.10663751, -77.15834574)"
MCP3073005V,220003650,Montgomery County Police,Injury Crash,01/27/2022 06:41:00 PM,County,GRENOBLE DR,ASPEN HILL RD,,N/A,PEDESTRIAN,OTHER,N/A,N/A,DARK LIGHTS ON,N/A,NONE DETECTED,NONE DETECTED,524D7E48-0AD5-4553-8C4B-683A98989AEE,PEDESTRIAN,Cross/Enter at Intersection,NO IMPROPER ACTIONS,AT INTERSECTION BUT NO CROSSWALK,No,POSSIBLE INJURY,N/A,39.07947,-77.08392,"(39.07947, -77.08392)"
MCP3200004H,210050607,Montgomery County Police,Injury Crash,12/13/2021 11:02:00 AM,Municipality,PLYERS MILL RD,METROPOLITAN AVE,,N/A,OTHER,SINGLE VEHICLE,CLEAR,DRY,DAYLIGHT,NO CONTROLS,,NONE DETECTED,CB709E8F-111B-4219-8EB3-84F1BF89C508,OTHER,Other,OTHER,OTHER,Yes,SUSPECTED MINOR INJURY,NONE,39.02931634,-77.07399464,"(39.02931634, -77.07399464)"
MCP21340016,170537943,Montgomery County Police,Fatal Crash,10/21/2017 02:33:00 AM,County,SHADY GROVE RD,CRABBS BRANCH WAY,,N/A,PEDESTRIAN,OTHER,CLEAR,DRY,DARK LIGHTS ON,N/A,N/A,UNKNOWN,EFE3A092-9D59-455F-9CCC-A38E2C7E8207,PEDESTRIAN,Other,UNKNOWN,ON ROADWAY NOT AT CROSSWALK,No,FATAL INJURY,NONE,39.129115,-77.16602167,"(39.129115, -77.16602167)"
EJ78890032,220045248,Gaithersburg Police Depar,Injury Crash,10/15/2022 04:20:00 PM,,,,THE PARKING LOT OF 12130 DARNESTOWN RD GAITHERSBURG MD 20878,,PEDESTRIAN,OTHER,CLEAR,,DAYLIGHT,NO CONTROLS,NONE DETECTED,NONE DETECTED,43C39D7C-9D9E-424C-8EDF-FEFAEFB18923,PEDESTRIAN,Other,NO IMPROPER ACTIONS,OTHER,No,POSSIBLE INJURY,NONE,39.11713547,-77.25148558,"(39.11713547, -77.25148558)"
DD5631001H,180059461,Rockville Police Departme,Injury Crash,11/28/2018 12:30:00 PM,Municipality,E MIDDLE LA,MARYLAND AVE,,ROCKVILLE,PEDESTRIAN,OTHER,CLEAR,DRY,DAYLIGHT,STOP SIGN,NONE DETECTED,NONE DETECTED,DA0BEF07-CF36-42F7-8289-9B531FC4987D,PEDESTRIAN,Cross/Enter at Intersection,NO IMPROPER ACTIONS,ON ROADWAY AT CROSSWALK,No,SUSPECTED MINOR INJURY,NONE,39.08479667,-77.15058,"(39.08479667, -77.15058)"
MCP3192003K,230001594,Montgomery County Police,Injury Crash,01/10/2023 08:02:00 PM,,,,PARKING LOT OF 12222 VEIRS MILL ROAD,,PEDESTRIAN,SINGLE VEHICLE,CLEAR,,DARK LIGHTS ON,NO CONTROLS,NONE DETECTED,NONE DETECTED,FE89AA6D-C79F-4C92-9254-64E8476CE848,PEDESTRIAN,Other,NO IMPROPER ACTIONS,OTHER,No,SUSPECTED MINOR INJURY,NONE,39.05735867,-77.08101134,"(39.05735867, -77.08101134)"
MCP2290000M,170509799,Montgomery County Police,Injury Crash,05/25/2017 12:05:00 PM,,,,PARKING LOT OF 12089 ROCKVILLE PIKE,,PEDESTRIAN,SINGLE VEHICLE,CLOUDY,,DAYLIGHT,NO CONTROLS,NONE DETECTED,NONE DETECTED,EE4F8BE4-3A3C-454D-8017-CCB72BAF907A,PEDESTRIAN,Other,NO IMPROPER ACTIONS,N/A,No,SUSPECTED SERIOUS INJURY,N/A,39.05568424,-77.11784363,"(39.05568424, -77.11784363)"
MCP229800LT,180059934,Montgomery County Police,Injury Crash,11/30/2018 03:48:00 PM,,,,PARKING LOT OF 26004 BRIGADIER PLACE,,OTHER,SINGLE VEHICLE,CLEAR,,N/A,NO CONTROLS,NONE DETECTED,NONE DETECTED,C085A63B-4CAF-4A45-A67B-9EEC1752DA87,OTHER,N/A,NO IMPROPER ACTIONS,N/A,No,NO APPARENT INJURY,N/A,39.28291042,-77.20547411,"(39.28291042, -77.20547411)"
MCP2944000J,15025733,Montgomery County Police,Injury Crash,05/28/2015 03:47:00 PM,Maryland (State),WISCONSIN AVE,SOMERSET TERRACE,,N/A,OTHER,SINGLE VEHICLE,CLEAR,DRY,DAYLIGHT,NO CONTROLS,NONE DETECTED,NONE DETECTED,08833B13-6208-462B-A281-E7AC1E186EFC,OTHER,N/A,NO IMPROPER ACTIONS,N/A,,NO APPARENT INJURY,NONE,38.96594913,-77.08818644,"(38.96594913, -77.08818644)"
MCP30020034,190004857,Montgomery County Police,Injury Crash,01/31/2019 08:34:00 AM,Maryland (State),BRADLEY BLVD,CROSSOVER,,N/A,PEDESTRIAN,OTHER,CLEAR,DRY,DAYLIGHT,FLASHING TRAFFIC SIGNAL,NONE DETECTED,NONE DETECTED,55C895EC-FF43-4F77-88CD-500F43FF5772,PEDESTRIAN,Cross/Enter not at Intersection,NO IMPROPER ACTIONS,ON ROADWAY AT CROSSWALK,No,SUSPECTED SERIOUS INJURY,NONE,38.97831917,-77.09415067,"(38.97831917, -77.09415067)"
MCP3038005R,220014558,Montgomery County Police,Property Damage Crash,04/05/2022 08:18:00 PM,US (State),GEORGIA AVE,THAYER AVE,,N/A,BICYCLIST,OTHER,RAINING,WET,DARK LIGHTS ON,TRAFFIC SIGNAL,NONE DETECTED,NONE DETECTED,65168208-9834-4331-A4F6-BC73683D2D1A,BICYCLIST,Cross/Enter at Intersection,FAILURE TO YIELD RIGHT OF WAY,AT INTERSECTION BUT NO CROSSWALK,Yes,NO APPARENT INJURY,NONE,38.99290105,-77.02658158,"(38.99290105, -77.02658158)"
MCP209400B9,180017399,Montgomery County Police,Injury Crash,04/10/2018 11:57:00 AM,,,,"PARKING LOT OF
10215 FERNWOOD RD",,PEDESTRIAN,OTHER,CLEAR,,DAYLIGHT,N/A,NONE DETECTED,NONE DETECTED,811BE290-D9A6-4769-B2EC-EAAFF1753E95,PEDESTRIAN,Other,INATTENTIVE,OTHER,Yes,SUSPECTED MINOR INJURY,N/A,39.023845,-77.135055,"(39.023845, -77.135055)"
MCP3107001D,190056156,Montgomery County Police,Injury Crash,11/20/2019 11:38:00 PM,Maryland (State),FREDERICK RD,ENT TO SHADY GROVE METRO STATION,,N/A,PEDESTRIAN,OTHER,CLEAR,DRY,DARK LIGHTS ON,TRAFFIC SIGNAL,NONE DETECTED,NONE DETECTED,5F4A9E2C-9063-430A-8C7C-144E6C4532C4,PEDESTRIAN,Cross/Enter at Intersection,NO IMPROPER ACTIONS,ON ROADWAY AT CROSSWALK,No,SUSPECTED MINOR INJURY,N/A,39.11736108,-77.16884318,"(39.11736108, -77.16884318)"
MCP31210043,210019391,Montgomery County Police,Injury Crash,05/22/2021 06:42:00 PM,,,,IFO 1514 TANYARD HILL ROAD GAITHERSBURG MD,,BICYCLIST,SINGLE VEHICLE,CLEAR,,DAYLIGHT,NO CONTROLS,NONE DETECTED,NONE DETECTED,68DAD175-49CD-44A1-8B34-0E7C89E9A08F,BICYCLIST,Playing,NO IMPROPER ACTIONS,OTHER,No,POSSIBLE INJURY,PROTECTIVE PADS,39.16037857,-77.21167762,"(39.16037857, -77.21167762)"
DD56060050,190005833,Rockville Police Departme,Injury Crash,02/06/2019 01:08:00 AM,Maryland (State),ROCKVILLE PIKE,MONROE PL,,ROCKVILLE,PEDESTRIAN,SINGLE VEHICLE,N/A,DRY,DARK LIGHTS ON,TRAFFIC SIGNAL,UNKNOWN,ALCOHOL PRESENT,1A1B8BB8-ABA5-4BD6-83C7-820C78854DFE,PEDESTRIAN,Cross/Enter at Intersection,UNKNOWN,ON ROADWAY NOT AT CROSSWALK,Unknown,POSSIBLE INJURY,NONE,39.10505743,-77.34341991,"(39.10505743, -77.34341991)"
MCP2954004Y,180011396,Montgomery County Police,Injury Crash,03/06/2018 03:34:00 PM,Maryland (State),PINEY BRANCH RD,ARLISS ST,,N/A,PEDESTRIAN,N/A,CLOUDY,WET,DAYLIGHT,NO CONTROLS,NONE DETECTED,NONE DETECTED,24977CF6-9A19-42DD-8AE1-657819924F20,PEDESTRIAN,Other,INATTENTIVE,N/A,Yes,SUSPECTED MINOR INJURY,NONE,38.99864593,-76.99937582,"(38.99864593, -76.99937582)"
MCP2919001H,16021979,Montgomery County Police,Injury Crash,05/04/2016 07:03:00 AM,County,FENWICK LA,SECOND AVE,,N/A,PEDESTRIAN,OTHER,CLEAR,DRY,DAYLIGHT,STOP SIGN,NONE DETECTED,NONE DETECTED,522EBCA0-C842-4DE3-BF9D-8345A852F0E1,PEDESTRIAN,Cross/Enter at Intersection,NO IMPROPER ACTIONS,ON ROADWAY AT CROSSWALK,No,SUSPECTED MINOR INJURY,N/A,38.99726833,-77.03342667,"(38.99726833, -77.03342667)"
EJ7851004R,190047966,Gaithersburg Police Depar,Injury Crash,10/06/2019 02:51:00 PM,Maryland (State),FREDERICK RD,MARYLAND AVE,,GAITHERSBURG,PEDESTRIAN,SINGLE VEHICLE,CLOUDY,DRY,DAYLIGHT,NO CONTROLS,NONE DETECTED,NONE DETECTED,257DF127-10F0-4697-B21E-2CE00D0F737D,PEDESTRIAN,Standing,N/A,ON ROADWAY NOT AT CROSSWALK,Yes,POSSIBLE INJURY,NONE,39.14538076,-77.20329128,"(39.14538076, -77.20329128)"
MCP2991005L,210029237,Montgomery County Police,Injury Crash,07/28/2021 11:51:00 AM,County,QUEEN ELIZABETH DR,HERITAGE HILLS DR,,N/A,BICYCLIST,STRAIGHT MOVEMENT ANGLE,CLEAR,DRY,DAYLIGHT,STOP SIGN,NONE DETECTED,NONE DETECTED,D0F9D303-6402-4F15-8692-282A4D54CE12,BICYCLIST,Cross/Enter at Intersection,UNKNOWN,ON ROADWAY NOT AT CROSSWALK,Unknown,POSSIBLE INJURY,MC/BIKE HELMET,39.16176683,-77.0710375,"(39.16176683, -77.0710375)"
DD5612002B,180014384,Rockville Police Departme,Injury Crash,03/23/2018 03:04:00 PM,,,,PARKING LOT OF 625 HUNGERFORD DR,,PEDESTRIAN,OTHER,CLEAR,,DAYLIGHT,NO CONTROLS,NONE DETECTED,NONE DETECTED,CE184A02-ABA8-4CC4-A75D-216FE7AA9224,PEDESTRIAN,Standing,NO IMPROPER ACTIONS,OTHER,No,POSSIBLE INJURY,N/A,39.09222667,-77.15240333,"(39.09222667, -77.15240333)"
MCP26770014,170515744,Montgomery County Police,Injury Crash,06/25/2017 10:02:00 PM,County,SCENERY DR,FREDERICK RD,,N/A,BICYCLIST,STRAIGHT MOVEMENT ANGLE,CLEAR,N/A,DARK LIGHTS ON,STOP SIGN,N/A,N/A,D10CAD68-7BB1-4040-9FC0-A2BA7537D10D,BICYCLIST,Cross/Enter at Intersection,IN ROADWAY IMPROPERLY,AT INTERSECTION MARKED CROSSWALK,Yes,SUSPECTED MINOR INJURY,NONE,39.17546992,-77.23792076,"(39.17546992, -77.23792076)"
MCP2608005D,230067146,Montgomery County Police,Injury Crash,11/18/2023 07:14:00 PM,Maryland (State),PINEY BRANCH RD,FLOWER AVE,,N/A,PEDESTRIAN,OTHER,CLEAR,DRY,DARK LIGHTS ON,NO CONTROLS,NONE DETECTED,ALCOHOL PRESENT,99682F4C-29D2-4B70-8D9D-DEA679255D26,PEDESTRIAN,Cross/Enter not at Intersection,NO IMPROPER ACTIONS,ON ROADWAY NOT AT CROSSWALK,Yes,POSSIBLE INJURY,N/A,38.99802893,-77.00402656,"(38.99802893, -77.00402656)"
MCP1123001D,16056831,Montgomery County Police,Injury Crash,11/04/2016 06:16:00 AM,Maryland (State),UNIVERSITY BLVD W,INWOOD AVE,,N/A,PEDESTRIAN,SINGLE VEHICLE,CLEAR,DRY,DARK LIGHTS ON,TRAFFIC SIGNAL,UNKNOWN,NONE DETECTED,02EB5EA1-D1E4-412C-A02A-DF3FB8C15212,PEDESTRIAN,Cross/Enter at Intersection,FAILURE TO YIELD RIGHT OF WAY,AT INTERSECTION MARKED CROSSWALK,Yes,SUSPECTED SERIOUS INJURY,NONE,39.03623167,-77.03778167,"(39.03623167, -77.03778167)"
MCP32330040,23001411,Montgomery County Police,Injury Crash,03/23/2023 05:35:00 PM,,,,PARKING LOT OF PARK MONTGOMERY APARTMENTS 8860 PINEY BRANCH ROAD,,PEDESTRIAN,SINGLE VEHICLE,CLEAR,,DAYLIGHT,NO CONTROLS,NONE DETECTED,NONE DETECTED,FF1586FB-3280-4D3B-8CC5-230DCE754414,PEDESTRIAN,Walking/Riding against Traffic,NO IMPROPER ACTIONS,MEDIAN,No,POSSIBLE INJURY,NONE,39.00006806,-76.9922138,"(39.00006806, -76.9922138)"
MCP1564004Y,200041970,Montgomery County Police,Injury Crash,10/24/2020 12:50:00 PM,Maryland (State),NEW HAMPSHIRE AVE,STONEGATE DR,,N/A,BICYCLIST,STRAIGHT MOVEMENT ANGLE,CLOUDY,DRY,DAYLIGHT,STOP SIGN,NONE DETECTED,NONE DETECTED,158952D7-CFCA-4205-B3CC-AC57BC1D1245,BICYCLIST,Cross/Enter at Intersection,NO IMPROPER ACTIONS,SHOULDER,No,POSSIBLE INJURY,MC/BIKE HELMET,39.09988988,-77.00380024,"(39.09988988, -77.00380024)"
MCP13500016,16064970,Montgomery County Police,Injury Crash,12/19/2016 07:56:00 AM,,,,PARKING LOT KINGSVIEW MIDDLE SCHOOL @ 16600 RAVEN ROCK DR,,PEDESTRIAN,OTHER,CLEAR,,DAYLIGHT,N/A,NONE DETECTED,N/A,A8F5654F-E5AF-4151-8152-C5226B78AC6C,PEDESTRIAN,Getting off/on Vehicle,ENTERING EXITING PARKED STANDING VEHICLE,OTHER,No,POSSIBLE INJURY,N/A,39.12687,-77.247905,"(39.12687, -77.247905)"
DD5594000P,15004227,Rockville Police Departme,Injury Crash,01/26/2015 06:25:00 PM,Municipality,MONROE ST,E JEFFERSON ST,,N/A,PEDESTRIAN,OTHER,SNOW,WET,DARK LIGHTS ON,TRAFFIC SIGNAL,NONE DETECTED,NONE DETECTED,B323E55E-FC12-48F0-94E8-D1747624025D,PEDESTRIAN,Cross/Enter at Intersection,NO IMPROPER ACTIONS,ON ROADWAY AT CROSSWALK,,POSSIBLE INJURY,N/A,39.082715,-77.15589167,"(39.082715, -77.15589167)"
MCP2875001R,16013916,MONTGOMERY,Injury Crash,03/21/2016 08:25:00 PM,County,CRYSTAL ROCK DR,MIDDLEBROOK RD,,N/A,PEDESTRIAN,OTHER,CLEAR,DRY,DARK LIGHTS ON,TRAFFIC SIGNAL,UNKNOWN,NONE DETECTED,788573A4-D25A-47D5-A48F-314E111B9102,PEDESTRIAN,Cross/Enter at Intersection,NO IMPROPER ACTIONS,SIDEWALK,No,SUSPECTED MINOR INJURY,N/A,39.17714,-77.26406833,"(39.17714, -77.26406833)"
MCP2975003Z,210035389,Montgomery County Police,Injury Crash,09/09/2021 05:40:00 AM,Maryland (State),NORWOOD RD,EXCALIBER LA,,N/A,PEDESTRIAN,SINGLE VEHICLE,RAINING,WET,DARK NO LIGHTS,NO CONTROLS,NONE DETECTED,NONE DETECTED,D336DD3C-91A8-4F6F-9F36-867880BD54E2,PEDESTRIAN,Walking/Riding w/Traffic,IN ROADWAY IMPROPERLY,ON ROADWAY NOT AT CROSSWALK,Yes,SUSPECTED MINOR INJURY,NONE,39.13260667,-77.03050833,"(39.13260667, -77.03050833)"
DD5567001K,230068677,Rockville Police Departme,Property Damage Crash,11/28/2023 10:42:00 AM,Maryland (State),ROCKVILLE PIKE,CROSSOVER,,N/A,BICYCLIST,STRAIGHT MOVEMENT ANGLE,CLEAR,DRY,DAYLIGHT,N/A,NONE DETECTED,NONE DETECTED,535002E1-B74A-4441-91AB-45BBE12D17A6,BICYCLIST,Cross/Enter at Intersection,NO IMPROPER ACTIONS,ON ROADWAY NOT AT CROSSWALK,Yes,NO APPARENT INJURY,MC/BIKE HELMET,39.07178998,-77.13258698,"(39.07178998, -77.13258698)"
MCP2203000M,15005131,Montgomery County Police,Injury Crash,02/01/2015 06:55:00 AM,Maryland (State),GEORGIA AVE,PRICHARD RD,,N/A,PEDESTRIAN,STRAIGHT MOVEMENT ANGLE,N/A,DRY,DARK LIGHTS ON,OTHER,NONE DETECTED,NONE DETECTED,DE59E9AD-736C-4A0C-9C77-6A5D4507DDF3,PEDESTRIAN,Cross/Enter at Intersection,FAILURE TO OBEY TRAFFIC SIGNS SIGNALS OR OFFICER,AT INTERSECTION MARKED CROSSWALK,,SUSPECTED SERIOUS INJURY,NONE,39.03660833,-77.05022833,"(39.03660833, -77.05022833)"
MCP2767008M,200040705,Montgomery County Police,Injury Crash,10/15/2020 05:30:00 PM,,,,"ON SIDEWALK IN FRONT OF 2624 WEISMAN RD., SILVER SPRING MD",,BICYCLIST,STRAIGHT MOVEMENT ANGLE,CLEAR,,DAYLIGHT,NO CONTROLS,NONE DETECTED,NONE DETECTED,739CFF5E-8C0E-4242-BF2C-1F9941D85FE9,BICYCLIST,Walking/Cycling on Sidewalk,NO IMPROPER ACTIONS,SIDEWALK,No,POSSIBLE INJURY,NONE,39.05484033,-77.05692455,"(39.05484033, -77.05692455)"
MCP3066000G,170539702,Montgomery County Police,Injury Crash,10/29/2017 09:39:00 PM,County,NORFOLK AVE,DEL RAY AVE,,N/A,PEDESTRIAN,OTHER,RAINING,WET,DARK LIGHTS ON,STOP SIGN,N/A,N/A,D4F61C36-F290-4B7B-A5DF-480699E3B8CF,PEDESTRIAN,Cross/Enter at Intersection,IN ROADWAY IMPROPERLY,ON ROADWAY NOT AT CROSSWALK,Yes,SUSPECTED MINOR INJURY,N/A,38.98974,-77.09905667,"(38.98974, -77.09905667)"
MCP27760043,220048469,Montgomery County Police,Injury Crash,11/03/2022 05:00:00 PM,Maryland (State),OLNEY SANDY SPRING RD,VILLAGE CENTER DR,,N/A,PEDESTRIAN,STRAIGHT MOVEMENT ANGLE,CLEAR,DRY,DAYLIGHT,TRAFFIC SIGNAL,NONE DETECTED,NONE DETECTED,A40CDCAC-E12F-4CB6-BF42-0C67FF823C9C,PEDESTRIAN,Cross/Enter at Intersection,UNKNOWN,ON ROADWAY AT CROSSWALK,No,SUSPECTED SERIOUS INJURY,UNKNOWN,39.15211167,-77.06453,"(39.15211167, -77.06453)"
MCP3226000R,200031559,Montgomery County Police,Property Damage Crash,08/13/2020 04:33:00 PM,County,EDNOR RD,HAW LA,,N/A,OTHER,SINGLE VEHICLE,CLEAR,DRY,DAYLIGHT,NO CONTROLS,NONE DETECTED,UNKNOWN,7DF41EA2-86B5-470B-A706-8BD8AAEFC6C8,OTHER,Unknown,UNKNOWN,UNKNOWN,No,NO APPARENT INJURY,N/A,39.13754267,-76.980728,"(39.13754267, -76.980728)"
MCP28680025,17002469,Montgomery County Police,Injury Crash,01/14/2017 05:35:00 PM,County,RUGBY AVE,WOODMONT AVE,,N/A,PEDESTRIAN,OTHER,RAINING,WET,DARK LIGHTS ON,STOP SIGN,NONE DETECTED,NONE DETECTED,AA688BA9-38C4-41F9-91FC-72947ABFC0BF,PEDESTRIAN,Cross/Enter at Intersection,NO IMPROPER ACTIONS,AT INTERSECTION MARKED CROSSWALK,No,POSSIBLE INJURY,NONE,38.99130391,-77.09679902,"(38.99130391, -77.09679902)"
MCP30440024,170546801,Montgomery County Police,Injury Crash,12/05/2017 06:24:00 PM,,,,PARKING LOT OF GIANT,,PEDESTRIAN,OTHER,RAINING,,DARK LIGHTS ON,NO CONTROLS,NONE DETECTED,NONE DETECTED,6260B6DB-BBC4-492F-96A6-2A343726AE7B,PEDESTRIAN,Other,OTHER,OTHER,No,POSSIBLE INJURY,NONE,39.04098628,-76.98896885,"(39.04098628, -76.98896885)"
MCP3077000G,170531385,Montgomery County Police,Injury Crash,09/18/2017 08:38:00 PM,County,CRYSTAL ROCK DR,GERMANTOWN RD,,N/A,PEDESTRIAN,STRAIGHT MOVEMENT ANGLE,CLEAR,DRY,DARK LIGHTS ON,NO CONTROLS,NONE DETECTED,N/A,B40402CC-8199-498D-830F-B8807469BFC3,PEDESTRIAN,Cross/Enter not at Intersection,IN ROADWAY IMPROPERLY,ON ROADWAY NOT AT CROSSWALK,Yes,SUSPECTED SERIOUS INJURY,NONE,39.17997976,-77.2614947,"(39.17997976, -77.2614947)"
DD5634000Z,180064599,Rockville Police Departme,Injury Crash,12/26/2018 06:00:00 PM,Maryland (State),HUNGERFORD DR,N WASHINGTON ST,,ROCKVILLE,PEDESTRIAN,OTHER,CLOUDY,DRY,DARK LIGHTS ON,TRAFFIC SIGNAL,NONE DETECTED,NONE DETECTED,FF9E8929-DF92-4282-8917-E26E3B421787,PEDESTRIAN,Cross/Enter at Intersection,NO IMPROPER ACTIONS,ON ROADWAY AT CROSSWALK,No,POSSIBLE INJURY,NONE,39.0920635,-77.15303667,"(39.0920635, -77.15303667)"
MCP26670027,16001316,Montgomery County Police,Injury Crash,01/08/2016 08:45:00 AM,,,,"PARKING LOT OF 8751 SNOUFFER SCHOOL RD 
(NEW PSTA)",,PEDESTRIAN,SINGLE VEHICLE,CLOUDY,,DAYLIGHT,NO CONTROLS,NONE DETECTED,NONE DETECTED,10CBDF7F-6B3A-4AD2-9BB6-2B22AA3F7C08,PEDESTRIAN,Standing,NO IMPROPER ACTIONS,OTHER,No,SUSPECTED MINOR INJURY,REFLECTIVE CLOTHING,39.171245,-77.17567,"(39.171245, -77.17567)"
MCP24280019,180043908,Montgomery County Police,Injury Crash,09/03/2018 09:35:00 AM,County,FISHER AVE,W WILLARD RD,,N/A,BICYCLIST,SAME DIR REAR END,CLEAR,DRY,DAYLIGHT,NO CONTROLS,UNKNOWN,NONE DETECTED,7563ABA2-8ECC-439C-B0C9-C21D5660EA86,BICYCLIST,Walking/Riding w/Traffic,NO IMPROPER ACTIONS,ON ROADWAY NOT AT CROSSWALK,No,SUSPECTED MINOR INJURY,MC/BIKE HELMET,39.1469928,-77.42542769,"(39.1469928, -77.42542769)"
MCP30690006,170530869,Montgomery County Police,Injury Crash,09/15/2017 10:37:00 PM,Maryland (State),RIVER RD,LANDY LA,,N/A,PEDESTRIAN,SINGLE VEHICLE,CLEAR,DRY,DARK LIGHTS ON,NO CONTROLS,NONE DETECTED,NONE DETECTED,053CD3E4-4C86-47E8-82C5-F79D9284F15A,PEDESTRIAN,Cross/Enter not at Intersection,NO IMPROPER ACTIONS,ON ROADWAY AT CROSSWALK,No,SUSPECTED SERIOUS INJURY,NONE,38.96464778,-77.10348845,"(38.96464778, -77.10348845)"
MCP24730004,15017267,Montgomery County Police,Property Damage Crash,04/13/2015 08:43:00 AM,County,OLNEY MILL RD,MT OLNEY LA,,N/A,OTHER,SINGLE VEHICLE,CLEAR,DRY,DAYLIGHT,N/A,N/A,N/A,A40B9701-4274-4757-9611-985037802365,OTHER,N/A,NO IMPROPER ACTIONS,N/A,,NO APPARENT INJURY,N/A,39.172903,-77.07902201,"(39.172903, -77.07902201)"
MCP2757000L,15022185,Montgomery County Police,Injury Crash,05/09/2015 10:07:00 PM,Maryland (State),VEIRS MILL RD,CLARIDGE RD,,N/A,BICYCLIST,HEAD ON LEFT TURN,N/A,N/A,DARK LIGHTS ON,TRAFFIC SIGNAL,UNKNOWN,NONE DETECTED,6C76793C-A639-4B42-B5A0-994C4FB0983D,BICYCLIST,Cross/Enter at Intersection,FAILURE TO OBEY TRAFFIC SIGNS SIGNALS OR OFFICER,ON ROADWAY AT CROSSWALK,,SUSPECTED MINOR INJURY,NONE,39.04842167,-77.06903167,"(39.04842167, -77.06903167)"
MCP27370032,180025601,Montgomery County Police,Injury Crash,05/24/2018 09:15:00 PM,County,BRIGHTWOOD RD,BOWIE MILL RD,,N/A,PEDESTRIAN,SINGLE VEHICLE,CLEAR,DRY,DARK LIGHTS ON,NO CONTROLS,NONE DETECTED,NONE DETECTED,936C9D41-EB4C-4B61-93D5-9A3763353318,PEDESTRIAN,Other,DART DASH,ON ROADWAY NOT AT CROSSWALK,Yes,SUSPECTED MINOR INJURY,NONE,39.156335,-77.09096333,"(39.156335, -77.09096333)"
MCP2291005S,220006216,Montgomery County Police,Injury Crash,02/12/2022 04:11:00 PM,Maryland (State),OLD GEORGETOWN RD,BEECH AVE,,N/A,BICYCLIST,HEAD ON LEFT TURN,CLEAR,DRY,DAYLIGHT,TRAFFIC SIGNAL,NONE DETECTED,NONE DETECTED,DEE0F2C1-D29C-450F-9CD6-2A278036DD0C,BICYCLIST,Standing,NO IMPROPER ACTIONS,SIDEWALK,No,SUSPECTED SERIOUS INJURY,MC/BIKE HELMET,39.01002068,-77.11475414,"(39.01002068, -77.11475414)"
DM85040015,230034514,Takoma Park Police Depart,Injury Crash,07/20/2023 09:20:00 AM,Maryland (State),PINEY BRANCH RD,PINEY BRANCH NW,,N/A,OTHER,SAME DIR REND LEFT TURN,CLEAR,DRY,DAYLIGHT,NO CONTROLS,N/A,NONE DETECTED,67C4E461-BA7F-450D-8C7A-2B04A6523D1A,OTHER,Walking/Riding w/Traffic,OTHER,OTHER,Unknown,SUSPECTED MINOR INJURY,NONE,38.98086834,-77.01648149,"(38.98086834, -77.01648149)"
MCP28000023,15028015,Montgomery County Police,Injury Crash,06/09/2015 05:45:00 PM,Maryland (State),OLD GEORGETOWN RD,ALTA VISTA RD,,N/A,BICYCLIST,OTHER,CLEAR,DRY,DAYLIGHT,NO CONTROLS,UNKNOWN,NONE DETECTED,522C1BD4-65E5-488F-BDDF-A8771DCA07FE,BICYCLIST,Cross/Enter at Intersection,NO IMPROPER ACTIONS,ON ROADWAY AT CROSSWALK,,SUSPECTED MINOR INJURY,MC/BIKE HELMET,39.00713667,-77.11219,"(39.00713667, -77.11219)"
MCP2919001Z,16046694,Montgomery County Police,Injury Crash,09/12/2016 09:50:00 AM,Maryland (State),GEORGIA AVE,LINDELL ST,,N/A,PEDESTRIAN,OTHER,CLEAR,DRY,DAYLIGHT,STOP SIGN,NONE DETECTED,NONE DETECTED,9D9A48BE-08BA-4FB4-ABB5-E314B87652DF,PEDESTRIAN,Cross/Enter at Intersection,NO IMPROPER ACTIONS,AT INTERSECTION BUT NO CROSSWALK,No,POSSIBLE INJURY,N/A,38.98545667,-77.02731,"(38.98545667, -77.02731)"