Report Number,Local Case Number,Agency Name,ACRS Report Type,Crash Date/Time,Route Type,Road Name,Cross-Street Name,Off-Road Description,Municipality,Related Non-Motorist,Collision Type,Weather,Surface Condition,Light,Traffic Control,Driver Substance Abuse,Non-Motorist Substance Abuse,Person ID,Pedestrian Type,Pedestrian Movement,Pedestrian Actions,Pedestrian Location,At Fault,Injury Severity,Safety Equipment,Latitude,Longitude,Location
MCP3134003C,220011182,Montgomery County Police,Property Damage Crash,03/15/2022 03:51:00 PM,County,GREENCASTLE RD,TURBRIDGE DR,,N/A,MACHINE OPERATOR/RIDER,OTHER,CLEAR,DRY,DAYLIGHT,PERSON,N/A,NONE DETECTED,A584D558-CF59-40A9-81E5-25FE0C57337D,MACHINE OPERATOR/RIDER,Other Working,INATTENTIVE,SHOULDER,No,NO APPARENT INJURY,N/A,39.088662,-76.93069983,"(39.088662, -76.93069983)"
MCP1550001T,15065798,MONTGOMERY,Injury Crash,12/23/2015 05:25:00 PM,Municipality,FREDERICK AVE,KENSINGTON PKWY,,KENSINGTON,PEDESTRIAN,OTHER,RAINING,WET,DARK LIGHTS ON,NO CONTROLS,NONE DETECTED,NONE DETECTED,16686E31-762F-4331-A2BB-39141E265109,PEDESTRIAN,Other,NO IMPROPER ACTIONS,OTHER,No,SUSPECTED MINOR INJURY,N/A,39.02557667,-77.07174833,"(39.02557667, -77.07174833)"
MCP1550003H,220033001,Montgomery County Police,Injury Crash,08/01/2022 12:35:00 PM,Maryland (State),EAST WEST HWY,GRUBB RD,,N/A,PEDESTRIAN,OTHER,CLEAR,DRY,DAYLIGHT,TRAFFIC SIGNAL,NONE DETECTED,NONE DETECTED,20AC2979-5630-49BC-A885-46FEEBEC86EB,PEDESTRIAN,Cross/Enter at Intersection,NO IMPROPER ACTIONS,ON ROADWAY AT CROSSWALK,No,SUSPECTED MINOR INJURY,NONE,38.99410167,-77.05247167,"(38.99410167, -77.05247167)"
MCP28980046,230058555,Montgomery County Police,Injury Crash,10/04/2023 06:23:00 PM,Other Public Roadway,OBSERVATION DR,GERMANTOWN RD,,N/A,BICYCLIST,STRAIGHT MOVEMENT ANGLE,CLEAR,DRY,DAYLIGHT,TRAFFIC SIGNAL,N/A,N/A,8F995F6C-63A4-45C8-8C62-C527768C2670,BICYCLIST,Cross/Enter at Intersection,NO IMPROPER ACTIONS,ON ROADWAY AT CROSSWALK,No,POSSIBLE INJURY,MC/BIKE HELMET,39.19080667,-77.24775667,"(39.19080667, -77.24775667)"
MCP271700R1,190052038,Montgomery County Police,Property Damage Crash,10/29/2019 12:15:00 PM,County,ST ELMO AVE,NORFOLK AVE,,N/A,OTHER,OTHER,CLEAR,OTHER,DAYLIGHT,PERSON,NONE DETECTED,NONE DETECTED,37021FDF-5E68-4912-8CEA-DFAFDDEFAFAB,OTHER,Other,NO IMPROPER ACTIONS,OTHER,No,NO APPARENT INJURY,REFLECTIVE CLOTHING,38.98913967,-77.09705917,"(38.98913967, -77.09705917)"
MCP22690006,15041510,MONTGOMERY,Injury Crash,08/19/2015 03:45:00 PM,,,,PARKING LOT IN AREA OF 9918 RIDGE LINE DRIVE,,BICYCLIST,OTHER,CLEAR,,DAYLIGHT,N/A,NONE DETECTED,NONE DETECTED,618AAC34-CA09-41A6-BE75-E70DFD0F6A3D,BICYCLIST,Other,INATTENTIVE,OTHER,Unknown,POSSIBLE INJURY,NONE,39.175048,-77.204355,"(39.175048, -77.204355)"
MCP3084005P,220012128,Montgomery County Police,Injury Crash,03/21/2022 11:24:00 AM,Maryland (State),CONNECTICUT AVE,PERRY AVE,,KENSINGTON,PEDESTRIAN,OTHER,CLEAR,DRY,DAYLIGHT,TRAFFIC SIGNAL,NONE DETECTED,NONE DETECTED,370766FA-7AE4-4839-BDBE-BD731F4EB474,PEDESTRIAN,Cross/Enter at Intersection,NO IMPROPER ACTIONS,ON ROADWAY AT CROSSWALK,No,POSSIBLE INJURY,N/A,39.03296333,-77.07479333,"(39.03296333, -77.07479333)"
MCP9386007N,200038221,Montgomery County Police,Injury Crash,09/29/2020 06:00:00 AM,County,CEDAR LA,BEACH DR,,N/A,BICYCLIST,STRAIGHT MOVEMENT ANGLE,CLOUDY,DRY,DARK LIGHTS ON,TRAFFIC SIGNAL,NONE DETECTED,NONE DETECTED,A8E8C181-E59B-42E1-9D45-100A474A9D74,BICYCLIST,Walking/Riding w/Traffic,N/A,ON ROADWAY NOT AT CROSSWALK,No,POSSIBLE INJURY,REFLECTIVE CLOTHING,39.01189,-77.09098167,"(39.01189, -77.09098167)"
MCP2755000R,16052925,Montgomery County Police,Injury Crash,10/14/2016 08:34:00 PM,Maryland (State),LAYHILL RD,GLENALLAN AVE,,N/A,PEDESTRIAN,OTHER,CLEAR,N/A,DARK -- UNKNOWN LIGHTING,TRAFFIC SIGNAL,NONE DETECTED,NONE DETECTED,C072AD5F-75F9-4C51-BB22-33ABAB1CD0F6,PEDESTRIAN,Cross/Enter at Intersection,NO IMPROPER ACTIONS,SIDEWALK,No,SUSPECTED MINOR INJURY,N/A,39.06315806,-77.0501259,"(39.06315806, -77.0501259)"
MCP3038005M,220002877,Montgomery County Police,Injury Crash,01/22/2022 06:40:00 PM,Maryland (State),FREDERICK RD,MARYLAND AVE,,GAITHERSBURG,PEDESTRIAN,OTHER,CLEAR,N/A,DARK LIGHTS ON,STOP SIGN,NONE DETECTED,NONE DETECTED,7DF6BD89-EF9F-49D3-A328-0E758FF01DB6,PEDESTRIAN,Cross/Enter not at Intersection,DART DASH,ON ROADWAY NOT AT CROSSWALK,Yes,SUSPECTED MINOR INJURY,NONE,39.14436011,-77.20207834,"(39.14436011, -77.20207834)"
DD56010010,15033268,ROCKVILLE,Injury Crash,07/07/2015 07:05:00 PM,Maryland (State),NORBECK RD,BALTIMORE RD,,N/A,BICYCLIST,STRAIGHT MOVEMENT ANGLE,CLEAR,DRY,DAYLIGHT,TRAFFIC SIGNAL,N/A,N/A,E98A687F-2E95-42B7-A90D-DEB4324A8DE3,BICYCLIST,Walking/Riding w/Traffic,NO IMPROPER ACTIONS,ON ROADWAY AT CROSSWALK,No,SUSPECTED MINOR INJURY,MC/BIKE HELMET,39.08491333,-77.13606167,"(39.08491333, -77.13606167)"
MCP3093003L,220003482,Montgomery County Police,Injury Crash,01/26/2022 07:08:00 PM,Municipality,ARMORY AVE,HOWARD AVE,,KENSINGTON,PEDESTRIAN,OTHER,CLEAR,DRY,DARK LIGHTS ON,N/A,N/A,N/A,5DB408C3-DD7E-42A0-87D8-4C32A88EE708,PEDESTRIAN,Cross/Enter at Intersection,NO IMPROPER ACTIONS,ON ROADWAY AT CROSSWALK,No,POSSIBLE INJURY,NONE,39.02786204,-77.07455551,"(39.02786204, -77.07455551)"
MCP2892008R,200038145,Montgomery County Police,Injury Crash,09/28/2020 02:41:00 PM,Other Public Roadway,PEBBLE RUN DR,UNIVERSITY BLVD W,,N/A,OTHER CONVEYANCE,OTHER,CLEAR,DRY,DAYLIGHT,NO CONTROLS,NONE DETECTED,NONE DETECTED,7A806691-6CAE-47E7-952A-DF6273265E9F,OTHER CONVEYANCE,Cross/Enter at Intersection,NO IMPROPER ACTIONS,ON ROADWAY AT CROSSWALK,No,POSSIBLE INJURY,NONE,39.03609551,-77.03480199,"(39.03609551, -77.03480199)"
MCP1174003S,190043113,Montgomery County Police,Injury Crash,09/09/2019 07:42:00 AM,,,,THE DRIVEWAY TO 9101 CEDAR LA. THE STONE RIDGE SCHOOL OF THE SACRED HEART.,,PEDESTRIAN,SINGLE VEHICLE,CLEAR,,DAYLIGHT,PERSON,NONE DETECTED,NONE DETECTED,AE3B8D6F-EDF8-4094-8C45-0DD45DAAD190,PEDESTRIAN,Other Working,NO IMPROPER ACTIONS,N/A,No,SUSPECTED MINOR INJURY,REFLECTIVE CLOTHING,39.00662868,-77.09501721,"(39.00662868, -77.09501721)"
DD5603003J,16064126,Rockville Police Departme,Injury Crash,12/14/2016 09:15:00 AM,,,,1600 BLK OF YALE PLACE (RESIDENTIAL PARKING LOT),,PEDESTRIAN,OTHER,CLEAR,,DAYLIGHT,NO CONTROLS,UNKNOWN,NONE DETECTED,20CD2DF7-BC07-4849-9FCF-821A4D3351D7,PEDESTRIAN,Walking to/from school,NO IMPROPER ACTIONS,OTHER,No,POSSIBLE INJURY,N/A,39.10448361,-77.16208801,"(39.10448361, -77.16208801)"
DD5593001B,15031012,Rockville Police Departme,Injury Crash,06/25/2015 01:09:00 PM,Municipality,WOOTTON PKWY,HURLEY AVE,,ROCKVILLE,BICYCLIST,ANGLE MEETS LEFT TURN,N/A,DRY,DAYLIGHT,TRAFFIC SIGNAL,N/A,N/A,2729A8B5-BA74-4753-BFCB-66DA13183975,BICYCLIST,Cross/Enter at Intersection,DART DASH,IN BIKEWAY,,SUSPECTED MINOR INJURY,N/A,39.080785,-77.18507,"(39.080785, -77.18507)"
MCP3073002T,180064023,Montgomery County Police,Injury Crash,12/22/2018 03:45:00 PM,County,ASPEN HILL RD,CONNECTICUT AVE,,N/A,PEDESTRIAN,OTHER,N/A,N/A,DAYLIGHT,TRAFFIC SIGNAL,N/A,N/A,B9B4CFA6-5AE9-41CE-96A9-13FC5AD551CE,PEDESTRIAN,Cross/Enter at Intersection,N/A,ON ROADWAY AT CROSSWALK,No,SUSPECTED MINOR INJURY,N/A,39.07981,-77.08098167,"(39.07981, -77.08098167)"
MCP3010008D,230034715,Montgomery County Police,Injury Crash,07/21/2023 09:30:00 AM,Maryland (State),WISCONSIN AVE,BETHESDA AVE,,N/A,OTHER PEDALCYCLIST,HEAD ON LEFT TURN,CLEAR,DRY,DAYLIGHT,TRAFFIC SIGNAL,N/A,N/A,4F828545-234A-4497-B435-E3E8A35146C7,OTHER PEDALCYCLIST,Cross/Enter at Intersection,NO IMPROPER ACTIONS,AT INTERSECTION MARKED CROSSWALK,No,SUSPECTED MINOR INJURY,MC/BIKE HELMET,38.98119833,-77.09230667,"(38.98119833, -77.09230667)"
MCP31900041,220028253,Montgomery County Police,Injury Crash,07/01/2022 09:00:00 AM,Maryland (State),GEORGIA AVE,QUEEN MARY DR,,N/A,PEDESTRIAN,OTHER,CLEAR,DRY,DAYLIGHT,OTHER,NONE DETECTED,NONE DETECTED,E0ABF675-E78C-4500-BD87-776FF3E97D4D,PEDESTRIAN,Cross/Enter at Intersection,NO IMPROPER ACTIONS,ON ROADWAY AT CROSSWALK,No,SUSPECTED MINOR INJURY,NONE,39.149255,-77.066515,"(39.149255, -77.066515)"
MCP2830003S,180025632,Montgomery County Police,Injury Crash,05/26/2018 05:54:00 AM,County,OAK HILL RD,SAHALEA TERR,,N/A,PEDESTRIAN,OTHER,CLEAR,DRY,DAYLIGHT,NO CONTROLS,UNKNOWN,NONE DETECTED,AF78BAD8-BE03-4290-A35B-BFB5CA25340D,PEDESTRIAN,Standing,N/A,OUTSIDE RIGHT OF WAY,No,SUSPECTED MINOR INJURY,N/A,39.12623802,-76.97171688,"(39.12623802, -76.97171688)"
MCP3215000N,200014392,Montgomery County Police,Injury Crash,03/29/2020 01:01:00 PM,County,GREENTREE RD,GRANT ST,,N/A,BICYCLIST,STRAIGHT MOVEMENT ANGLE,CLOUDY,DRY,DAYLIGHT,STOP SIGN,NONE DETECTED,NONE DETECTED,3F49C4C3-E4EB-44DA-90F8-DC787E27A287,BICYCLIST,Cross/Enter at Intersection,FAILURE TO OBEY TRAFFIC SIGNS SIGNALS OR OFFICER,AT INTERSECTION BUT NO CROSSWALK,Yes,SUSPECTED MINOR INJURY,MC/BIKE HELMET,38.991875,-77.098015,"(38.991875, -77.098015)"
MCP2923000Z,15045892,MONTGOMERY,Injury Crash,09/11/2015 08:32:00 AM,County,ASPEN HILL RD,VEIRS MILL RD,,N/A,PEDESTRIAN,OTHER,CLEAR,DRY,DAYLIGHT,TRAFFIC SIGNAL,NONE DETECTED,NONE DETECTED,B4A7CCF7-679C-4606-8EED-4C8BD17089BE,PEDESTRIAN,Cross/Enter at Intersection,NO IMPROPER ACTIONS,ON ROADWAY AT CROSSWALK,No,SUSPECTED MINOR INJURY,NONE,39.06912833,-77.104945,"(39.06912833, -77.104945)"
MCP2046009D,190000543,Montgomery County Police,Injury Crash,01/04/2019 07:12:00 AM,,,,REAR PARKING LOT OF 2 UNIVERSITY BLVD E,,PEDESTRIAN,STRAIGHT MOVEMENT ANGLE,CLEAR,,DAWN,STOP SIGN,NONE DETECTED,NONE DETECTED,FD7B509F-A204-4464-A076-B5CBEF844200,PEDESTRIAN,Walking/Cycling on Sidewalk,NO IMPROPER ACTIONS,SIDEWALK,No,POSSIBLE INJURY,NONE,39.02014667,-77.01345833,"(39.02014667, -77.01345833)"
MCP3232000F,200009619,Montgomery County Police,Property Damage Crash,02/26/2020 06:49:00 PM,County,BUSHEY DR,RANDOLPH RD,,N/A,PEDESTRIAN,OTHER,RAINING,WET,DARK LIGHTS ON,N/A,N/A,N/A,7B2061AB-6513-4FB9-82F2-2BD4F0DD2A04,PEDESTRIAN,Cross/Enter at Intersection,NO IMPROPER ACTIONS,AT INTERSECTION MARKED CROSSWALK,No,NO APPARENT INJURY,N/A,39.05764833,-77.077665,"(39.05764833, -77.077665)"
MCP2675002Q,200049963,Montgomery County Police,Injury Crash,12/19/2020 09:17:00 PM,County,FELDON ST,GREENLY ST,,N/A,OTHER,SAME DIRECTION SIDESWIPE,CLEAR,DRY,DARK LIGHTS ON,NO CONTROLS,ALCOHOL PRESENT,N/A,86CA2E51-49AE-4940-A9C3-B41A71CDA0B9,OTHER,Getting off/on Vehicle,DART DASH,OTHER,No,POSSIBLE INJURY,N/A,39.06109898,-77.07462942,"(39.06109898, -77.07462942)"
MCP2244002T,190002881,Montgomery County Police,Injury Crash,01/18/2019 02:41:00 PM,,,,PARKING LOT OF 8615 FENTON STREET,,PEDESTRIAN,OTHER,CLEAR,,DAYLIGHT,N/A,NONE DETECTED,NONE DETECTED,DB06ED22-0E21-42BF-B9BF-BD718DB1F2C9,PEDESTRIAN,Other,NO IMPROPER ACTIONS,SIDEWALK,No,SUSPECTED MINOR INJURY,N/A,38.99827333,-77.0285,"(38.99827333, -77.0285)"
MCP1148000Q,15009440,Montgomery County Police,Injury Crash,02/27/2015 01:24:00 PM,Maryland (State),WISCONSIN AVE,MONTGOMERY AVE,,N/A,PEDESTRIAN,OTHER,CLEAR,DRY,DAYLIGHT,TRAFFIC SIGNAL,NONE DETECTED,NONE DETECTED,04F4326F-1662-4F35-A58D-DAA0272DFE7F,PEDESTRIAN,Other Working,OTHER,ON ROADWAY NOT AT CROSSWALK,,SUSPECTED MINOR INJURY,NONE,38.98384333,-77.09389,"(38.98384333, -77.09389)"
MCP1397000T,170532168,Montgomery County Police,Injury Crash,09/22/2017 02:05:00 PM,Maryland (State),GERMANTOWN RD,MIDDLEBROOK RD,,N/A,PEDESTRIAN,OTHER,CLOUDY,DRY,DAYLIGHT,TRAFFIC SIGNAL,NONE DETECTED,NONE DETECTED,0F078856-AD68-4781-BCE6-8E4C0E921487,PEDESTRIAN,Cross/Enter at Intersection,NO IMPROPER ACTIONS,AT INTERSECTION MARKED CROSSWALK,No,SUSPECTED SERIOUS INJURY,NONE,39.1787151,-77.26738617,"(39.1787151, -77.26738617)"
MCP27960028,15053791,MONTGOMERY,Injury Crash,10/23/2015 10:51:00 AM,,,,"Parking lot of Citgo gas station located at 13615 Georgia Avenue, Silver Spring, MD 20906",,"OTHER, PEDESTRIAN",SINGLE VEHICLE,CLEAR,,DAYLIGHT,NO CONTROLS,NONE DETECTED,N/A,ADFF7424-9E2D-4ACF-9019-E6D099A8357C,OTHER,Other,OTHER,SIDEWALK,No,NO APPARENT INJURY,N/A,39.079155,-77.07244833,"(39.079155, -77.07244833)"
MCP2665001T,16056935,Montgomery County Police,Injury Crash,11/04/2016 05:59:00 PM,County,EDSON LA,WOODGLEN DR,,N/A,BICYCLIST,STRAIGHT MOVEMENT ANGLE,CLEAR,DRY,DUSK,STOP SIGN,N/A,N/A,71F7982F-B373-4BCD-913B-C4BC24ED42D2,BICYCLIST,Cross/Enter at Intersection,NO IMPROPER ACTIONS,ON ROADWAY AT CROSSWALK,No,SUSPECTED MINOR INJURY,NONE,39.04021333,-77.11300833,"(39.04021333, -77.11300833)"
MCP31480037,210030142,Montgomery County Police,Injury Crash,08/03/2021 04:40:00 PM,Maryland (State),BRADLEY BLVD,BRADMOOR DR,,N/A,BICYCLIST,STRAIGHT MOVEMENT ANGLE,CLEAR,DRY,DAYLIGHT,STOP SIGN,NONE DETECTED,NONE DETECTED,9A97C119-BAC3-4A22-8F68-0127F3D8A147,BICYCLIST,Walking/Riding w/Traffic,NO IMPROPER ACTIONS,OTHER,No,SUSPECTED MINOR INJURY,MC/BIKE HELMET,38.99339,-77.119005,"(38.99339, -77.119005)"
MCP0685005D,200006712,Montgomery County Police,Injury Crash,02/10/2020 06:41:00 AM,County,SHADY GROVE RD,CRABBS BRANCH WAY,,N/A,PEDESTRIAN,SINGLE VEHICLE,RAINING,WET,DARK LIGHTS ON,TRAFFIC SIGNAL,NONE DETECTED,NONE DETECTED,DE093DAD-8B8E-4114-B632-0EDB16D8162A,PEDESTRIAN,Cross/Enter at Intersection,N/A,ON ROADWAY AT CROSSWALK,No,POSSIBLE INJURY,N/A,39.12878014,-77.16754976,"(39.12878014, -77.16754976)"
DD56280002,170543212,Rockville Police Departme,Injury Crash,11/16/2017 02:48:00 PM,Municipality,FLEET ST,MONROE ST,,ROCKVILLE,PEDESTRIAN,OTHER,N/A,DRY,DAYLIGHT,N/A,NONE DETECTED,NONE DETECTED,8EF61B81-FCFA-4C4D-8576-2DEE6DF880DB,PEDESTRIAN,Cross/Enter not at Intersection,DART DASH,ON ROADWAY NOT AT CROSSWALK,Yes,SUSPECTED MINOR INJURY,NONE,39.08069091,-77.14995302,"(39.08069091, -77.14995302)"
MCP2203007V,230072598,Montgomery County Police,Property Damage Crash,12/19/2023 03:40:00 PM,County,EDWIN ST,CENTERHILL ST,,N/A,OTHER,SAME DIRECTION SIDESWIPE,CLEAR,DRY,DAYLIGHT,NO CONTROLS,NONE DETECTED,N/A,BEAFCF08-A06E-4B6E-AB45-BF5E674AB6B7,OTHER,N/A,NO IMPROPER ACTIONS,OTHER,No,NO APPARENT INJURY,N/A,39.053241,-77.07055383,"(39.053241, -77.07055383)"
MCP3109000K,180018300,Montgomery County Police,Injury Crash,04/14/2018 08:15:00 PM,County,FAIRLAND RD,BEETHOVEN BLVD,,N/A,PEDESTRIAN,OTHER,CLEAR,DRY,DARK NO LIGHTS,OTHER,NONE DETECTED,NONE DETECTED,B8EB10F1-7EAB-4265-A4B5-803A518ACCEE,PEDESTRIAN,Cross/Enter at Intersection,NO IMPROPER ACTIONS,ON ROADWAY AT CROSSWALK,No,POSSIBLE INJURY,NONE,39.06682333,-76.94696667,"(39.06682333, -76.94696667)"
DM8457000R,170533675,Takoma Park Police Depart,Injury Crash,09/28/2017 04:56:00 PM,Municipality,GRANT AVE #2,CHESTNUT AVE,,TAKOMA PARK,"BICYCLIST, PEDESTRIAN",SAME DIRECTION RIGHT TURN,CLEAR,DRY,DAYLIGHT,NO CONTROLS,NONE DETECTED,N/A,A378C339-DE15-4FC2-BB49-0B9A80B095DF,PEDESTRIAN,Walking/Riding w/Traffic,NO IMPROPER ACTIONS,SIDEWALK,No,SUSPECTED MINOR INJURY,N/A,38.98447403,-77.01421246,"(38.98447403, -77.01421246)"
MCP2840000K,15051498,MONTGOMERY,Injury Crash,10/10/2015 08:20:00 PM,County,CHERRY HILL RD,BROADBIRCH DR,,N/A,PEDESTRIAN,OTHER,CLEAR,DRY,DARK LIGHTS ON,TRAFFIC SIGNAL,N/A,NONE DETECTED,86DB8D97-3CE3-4F76-919E-A57B9B0E077A,PEDESTRIAN,Cross/Enter at Intersection,FAILURE TO OBEY TRAFFIC SIGNS SIGNALS OR OFFICER,ON ROADWAY AT CROSSWALK,Yes,POSSIBLE INJURY,N/A,39.053135,-76.9627,"(39.053135, -76.9627)"
MCP1015000N,15040517,MONTGOMERY,Injury Crash,08/14/2015 08:54:00 AM,,SHOLOH CHURCH ROAD,CONRAD SPRINGS ROAD,,N/A,PEDESTRIAN,SINGLE VEHICLE,CLEAR,DRY,DAYLIGHT,NO CONTROLS,NONE DETECTED,NONE DETECTED,B06E4474-82E7-4AB0-BAC8-E8E9B235AE0E,PEDESTRIAN,Other,IN ROADWAY IMPROPERLY,OTHER,Yes,SUSPECTED SERIOUS INJURY,NONE,39.22760167,-77.31564333,"(39.22760167, -77.31564333)"
MCP28810011,15022293,Montgomery County Police,Injury Crash,05/10/2015 02:00:00 PM,County,ARDENNES AVE,TWINBROOK PKWY,,N/A,BICYCLIST,SINGLE VEHICLE,CLEAR,DRY,DAYLIGHT,TRAFFIC SIGNAL,NONE DETECTED,NONE DETECTED,E578FE1B-14CA-4EC7-86C2-7227E5A423C4,BICYCLIST,Cross/Enter at Intersection,NO IMPROPER ACTIONS,AT INTERSECTION MARKED CROSSWALK,,POSSIBLE INJURY,N/A,39.18523167,-77.24490833,"(39.18523167, -77.24490833)"
DM84800008,190040088,Takoma Park Police Depart,Injury Crash,08/21/2019 10:10:00 PM,,,,"ENTRY TO PARKING LOT OF 8604 FLOWER AVENUE, TAKOMA PARK, MD",,PEDESTRIAN,OTHER,CLEAR,,DARK LIGHTS ON,NO CONTROLS,NONE DETECTED,NONE DETECTED,AEFC1D11-B43F-417F-804C-94A3112859B2,PEDESTRIAN,Other,UNKNOWN,OTHER,Unknown,POSSIBLE INJURY,N/A,38.99658667,-77.003225,"(38.99658667, -77.003225)"
MCP2848000Y,15026144,Montgomery County Police,Injury Crash,05/30/2015 03:27:00 PM,County,OAKLYN DR,POTOMAC STATION LA,,N/A,BICYCLIST,SAME DIR REAR END,CLEAR,DRY,DAYLIGHT,NO CONTROLS,NONE DETECTED,NONE DETECTED,594F8B37-C175-42EE-897A-1A664922F60E,BICYCLIST,Walking/Riding w/Traffic,NO IMPROPER ACTIONS,SHOULDER,,POSSIBLE INJURY,MC/BIKE HELMET,39.00037833,-77.21034167,"(39.00037833, -77.21034167)"
MCP29890015,190006619,Montgomery County Police,Injury Crash,02/11/2019 04:16:00 AM,Maryland (State),EAST WEST HWY,COLESVILLE RD,,N/A,PEDESTRIAN,OTHER,RAINING,WET,DARK LIGHTS ON,TRAFFIC SIGNAL,N/A,COMBINED SUBSTANCE PRESENT,69664A32-5D14-4BB9-A745-6A7345C74BE0,PEDESTRIAN,Cross/Enter at Intersection,IN ROADWAY IMPROPERLY,ON ROADWAY AT CROSSWALK,Yes,SUSPECTED MINOR INJURY,NONE,38.99380083,-77.03250967,"(38.99380083, -77.03250967)"
EJ78950048,230052191,Gaithersburg Police Depar,Injury Crash,08/30/2023 11:35:00 AM,,,,SIDEWALK/CROSSWALK ENTRANCE TO 16 EAST DIAMOND AVENUE,,OTHER,STRAIGHT MOVEMENT ANGLE,CLEAR,,DAYLIGHT,NO CONTROLS,NONE DETECTED,NONE DETECTED,4D1B1B5E-F1B3-419A-B57B-4AC58C4CBDC0,OTHER,Cross/Enter at Intersection,FAILURE TO YIELD RIGHT OF WAY,SIDEWALK,Yes,SUSPECTED MINOR INJURY,NONE,39.1417919,-77.19725347,"(39.1417919, -77.19725347)"
MCP3156001M,210025210,Montgomery County Police,Injury Crash,07/01/2021 09:13:00 AM,Maryland (State),PINEY BRANCH RD,MISSISSIPPI AVE,,N/A,PEDESTRIAN,OTHER,CLEAR,DRY,DAYLIGHT,N/A,NONE DETECTED,NONE DETECTED,FCB0E675-1449-4A7E-A8D6-48931FC5CAE3,PEDESTRIAN,Standing,OTHER,OTHER,No,SUSPECTED SERIOUS INJURY,REFLECTIVE CLOTHING,38.98908854,-77.01164103,"(38.98908854, -77.01164103)"
MCP2001001W,220046566,Montgomery County Police,Fatal Crash,10/23/2022 11:00:00 PM,Maryland (State),GEORGIA AVE,JANET RD,,N/A,BICYCLIST,STRAIGHT MOVEMENT ANGLE,RAINING,WET,DARK NO LIGHTS,NO CONTROLS,UNKNOWN,UNKNOWN,CE72A092-29BD-46E3-B181-5DFF18C8C285,BICYCLIST,Cross/Enter not at Intersection,UNKNOWN,ON ROADWAY NOT AT CROSSWALK,Unknown,FATAL INJURY,NONE,39.06932364,-77.06226082,"(39.06932364, -77.06226082)"
HA2393000B,21001427,Maryland-National Capital,Injury Crash,07/27/2021 06:35:00 PM,Government,SLIGO CREEK PKWY,BRUNETT AVE,,N/A,BICYCLIST,STRAIGHT MOVEMENT ANGLE,CLEAR,DRY,DAYLIGHT,N/A,NONE DETECTED,NONE DETECTED,4014FCFD-A893-404C-B8F6-95A789BF8971,BICYCLIST,Cross/Enter at Intersection,NO IMPROPER ACTIONS,ON ROADWAY AT CROSSWALK,No,SUSPECTED SERIOUS INJURY,UNKNOWN,39.00986683,-77.02214133,"(39.00986683, -77.02214133)"
MCP13970005,15000489,Montgomery County Police,Injury Crash,01/22/2015 07:27:00 AM,Maryland (State),GERMANTOWN RD,FREDERICK RD,,N/A,PEDESTRIAN,OTHER,FOGGY,WET,DAWN,TRAFFIC SIGNAL,NONE DETECTED,NONE DETECTED,D3F0B888-DDB6-4406-A65B-3528F036F90D,PEDESTRIAN,Cross/Enter at Intersection,NO IMPROPER ACTIONS,ON ROADWAY AT CROSSWALK,,POSSIBLE INJURY,NONE,39.19185667,-77.24314333,"(39.19185667, -77.24314333)"
MCP2717002Z,15048298,MONTGOMERY,Injury Crash,09/23/2015 05:20:00 PM,County,JONES BRIDGE RD,JONES MILL RD,,N/A,BICYCLIST,OTHER,CLEAR,DRY,DAYLIGHT,NO CONTROLS,NONE DETECTED,NONE DETECTED,DE9FF4FD-0C1E-4E0B-AF2C-B33241D30B78,BICYCLIST,Walking/Riding w/Traffic,NO IMPROPER ACTIONS,IN BIKEWAY,No,SUSPECTED MINOR INJURY,MC/BIKE HELMET,39.06598833,-77.159785,"(39.06598833, -77.159785)"
EJ78260011,16003432,Gaithersburg Police Depar,Injury Crash,01/19/2016 12:48:00 PM,Maryland (State),S FREDERICK RD,S SUMMIT AVE,,GAITHERSBURG,PEDESTRIAN,OTHER,CLEAR,DRY,DAYLIGHT,TRAFFIC SIGNAL,N/A,N/A,785AB589-44BA-4434-ACB2-2779F19FAFBB,PEDESTRIAN,Walking to/from school,DART DASH,ON ROADWAY AT CROSSWALK,Yes,SUSPECTED MINOR INJURY,N/A,39.137645,-77.19422833,"(39.137645, -77.19422833)"
EJ7847000Q,15001725,Gaithersburg Police Depar,Injury Crash,01/11/2015 03:00:00 PM,,,,"Parking lot of 18435 Lost Knife Circle, Montgomery Village, MD 20877",,PEDESTRIAN,OTHER,CLEAR,,DAYLIGHT,NO CONTROLS,N/A,N/A,FB4C7CC5-417A-4BB6-B923-CA0A8589FAEE,PEDESTRIAN,Getting off/on Vehicle,DART DASH,OTHER,,SUSPECTED MINOR INJURY,NONE,39.15674,-77.20306167,"(39.15674, -77.20306167)"
MCP2617003V,170519944,Montgomery County Police,Injury Crash,07/19/2017 11:44:00 AM,Municipality,DRUMMOND AVE,WISCONSIN AVE,,N/A,OTHER,OTHER,CLEAR,DRY,DAYLIGHT,NO CONTROLS,,NONE DETECTED,A3984CB1-0E58-459D-AF28-6F8623D54AB7,OTHER,Getting off/on Vehicle,OTHER,ON ROADWAY NOT AT CROSSWALK,Yes,SUSPECTED SERIOUS INJURY,NONE,38.997705,-77.09671833,"(38.997705, -77.09671833)"
MCP2198006P,190056969,Montgomery County Police,Injury Crash,11/25/2019 05:54:00 PM,Municipality,PERRY PKWY,STRUC OV CSX R/R,,N/A,PEDESTRIAN,SINGLE VEHICLE,CLEAR,DRY,DARK LIGHTS ON,NO CONTROLS,N/A,N/A,8DE9918C-4AB2-49CB-AA4D-EE687ADAC673,PEDESTRIAN,Cross/Enter not at Intersection,DART DASH,ON ROADWAY NOT AT CROSSWALK,Yes,SUSPECTED SERIOUS INJURY,NONE,39.14672667,-77.21423667,"(39.14672667, -77.21423667)"
DD5604004F,220042302,Rockville Police Departme,Injury Crash,09/28/2022 01:40:00 PM,,,,PARKING LOT OF 77 S. WASHINGTON STREET.,,PEDESTRIAN,OTHER,CLEAR,,DAYLIGHT,NO CONTROLS,NONE DETECTED,NONE DETECTED,4F28327B-878C-45CD-A74B-59D2D9BC84F6,PEDESTRIAN,Other,NO IMPROPER ACTIONS,OTHER,No,POSSIBLE INJURY,NONE,39.08384217,-77.15290933,"(39.08384217, -77.15290933)"