Report Number,Local Case Number,Agency Name,ACRS Report Type,Crash Date/Time,Route Type,Road Name,Cross-Street Name,Off-Road Description,Municipality,Related Non-Motorist,Collision Type,Weather,Surface Condition,Light,Traffic Control,Driver Substance Abuse,Non-Motorist Substance Abuse,Person ID,Pedestrian Type,Pedestrian Movement,Pedestrian Actions,Pedestrian Location,At Fault,Injury Severity,Safety Equipment,Latitude,Longitude,Location
MCP2363000M,15063599,Montgomery County Police,Fatal Crash,12/12/2015 06:54:00 PM,County,E GUDE DR,SOUTHLAWN LA,,N/A,BICYCLIST,STRAIGHT MOVEMENT ANGLE,CLEAR,DRY,DARK LIGHTS ON,TRAFFIC SIGNAL,NONE DETECTED,ALCOHOL PRESENT,BC2ACF21-39F0-44D4-A3A5-EE5F0C7898D6,BICYCLIST,Cross/Enter at Intersection,IN ROADWAY IMPROPERLY,AT INTERSECTION MARKED CROSSWALK,Yes,FATAL INJURY,NONE,39.09762823,-77.13656545,"(39.09762823, -77.13656545)"
MCP3169000J,190016473,Montgomery County Police,Injury Crash,04/09/2019 12:17:00 PM,Maryland (State),UNIVERSITY BLVD E,COLESVILLE RD,,N/A,PEDESTRIAN,SINGLE VEHICLE,CLEAR,DRY,DAYLIGHT,TRAFFIC SIGNAL,UNKNOWN,N/A,F9A5EE51-C7C8-4FBD-A84D-934F5606644D,PEDESTRIAN,Walking/Riding w/Traffic,NO IMPROPER ACTIONS,SIDEWALK,No,SUSPECTED MINOR INJURY,N/A,39.02037833,-77.01315167,"(39.02037833, -77.01315167)"
MCP3298000L,210036860,Montgomery County Police,Injury Crash,09/18/2021 04:51:00 PM,,,,PARKING LOT ENTRENCE/EXIT OF 619 N FREDERICK AVE.,,PEDESTRIAN,OTHER,CLEAR,,DAYLIGHT,NO CONTROLS,UNKNOWN,NONE DETECTED,15E7639F-9865-4AA0-9FA4-9C92E2E4A41C,PEDESTRIAN,Walking/Riding w/Traffic,N/A,SIDEWALK,No,SUSPECTED MINOR INJURY,NONE,39.12868842,-77.18557007,"(39.12868842, -77.18557007)"
MCP3014000B,16004309,Montgomery County Police,Injury Crash,01/26/2016 10:31:00 PM,,,,"IN THE PARKING LOT OF SHOPPERS LOCATED AT 12345 GEORGIA AVE SILVER SPRING, MD 20906",,PEDESTRIAN,ANGLE MEETS LEFT HEAD ON,CLEAR,,DARK NO LIGHTS,NO CONTROLS,NONE DETECTED,NONE DETECTED,9AD48561-FE59-4C20-8031-F131A20CD815,PEDESTRIAN,Cross/Enter not at Intersection,NOT VISIBLE,OUTSIDE RIGHT OF WAY,Yes,SUSPECTED MINOR INJURY,NONE,39.0595811,-77.04814643,"(39.0595811, -77.04814643)"
MCP284800BY,220050800,Montgomery County Police,Injury Crash,11/18/2022 08:00:00 AM,County,WATKINS MILL RD,STEDWICK RD,,N/A,PEDESTRIAN,SINGLE VEHICLE,N/A,DRY,DAYLIGHT,NO CONTROLS,UNKNOWN,NONE DETECTED,A5218381-3567-4C45-BF98-0BD0D6725214,PEDESTRIAN,Walking/Riding against Traffic,DART DASH,ON ROADWAY NOT AT CROSSWALK,Yes,POSSIBLE INJURY,NONE,39.168493,-77.209142,"(39.168493, -77.209142)"
MCP30650022,180041130,Montgomery County Police,Injury Crash,08/18/2018 02:57:00 PM,,,,PARKING LOT OF 11311 LOCKWOOD DR,,BICYCLIST,OTHER,CLEAR,,DAYLIGHT,N/A,NONE DETECTED,NONE DETECTED,589983C1-734D-44F2-ADD3-4BA347FD4910,BICYCLIST,Walking/Cycling on Sidewalk,NO IMPROPER ACTIONS,SIDEWALK,No,POSSIBLE INJURY,NONE,39.04015667,-76.98933,"(39.04015667, -76.98933)"
MCP3355000D,230021542,Montgomery County Police,Injury Crash,05/05/2023 02:14:00 PM,County,FENTON ST,SLIGO AVE,,N/A,PEDESTRIAN,SINGLE VEHICLE,CLEAR,DRY,DAYLIGHT,NO CONTROLS,NONE DETECTED,NONE DETECTED,A9C153E8-9B9B-4C3E-8EF2-25C90A978B3D,PEDESTRIAN,Unknown,INATTENTIVE,SHOULDER,Yes,SUSPECTED MINOR INJURY,NONE,38.99058156,-77.02389591,"(38.99058156, -77.02389591)"
MCP2891002Z,16060748,Montgomery County Police,Injury Crash,11/26/2016 02:58:00 PM,Maryland (State),GEORGIA AVE,AUGUST DR,,N/A,PEDESTRIAN,SINGLE VEHICLE,CLEAR,DRY,DAYLIGHT,TRAFFIC SIGNAL,NONE DETECTED,NONE DETECTED,28B63E30-379A-4371-8CAE-E070E802F150,PEDESTRIAN,Cross/Enter at Intersection,NO IMPROPER ACTIONS,AT INTERSECTION MARKED CROSSWALK,No,SUSPECTED MINOR INJURY,N/A,39.02143,-77.04466,"(39.02143, -77.04466)"
MCP1564005X,210046762,Montgomery County Police,Property Damage Crash,11/18/2021 07:22:00 AM,,,,PARKING LOT 18111 PRINCE PHILIP DR,,OTHER,SINGLE VEHICLE,CLEAR,,DAYLIGHT,NO CONTROLS,NONE DETECTED,N/A,04D48590-F1C2-4568-A1F0-B27B225536F8,OTHER,Other,N/A,OTHER,No,NO APPARENT INJURY,N/A,39.15408833,-77.05594,"(39.15408833, -77.05594)"
MCP24200051,230053204,Montgomery County Police,Injury Crash,09/05/2023 08:00:00 AM,Maryland (State),LAYHILL RD,LONGMEAD CROSSING DR,,N/A,PEDESTRIAN,OTHER,CLEAR,DRY,DAYLIGHT,TRAFFIC SIGNAL,N/A,N/A,6D1E72D8-E6F6-4103-A84C-8E82DF68A98C,PEDESTRIAN,Cross/Enter at Intersection,NO IMPROPER ACTIONS,AT INTERSECTION MARKED CROSSWALK,No,SUSPECTED MINOR INJURY,NONE,39.09624017,-77.04426383,"(39.09624017, -77.04426383)"
MCP3134003J,220029813,Montgomery County Police,Injury Crash,07/11/2022 05:45:00 PM,,,,SELF STORAGE PARKING LOT 15221 DINO DRIVE BUTONSVILLE MD,,PEDESTRIAN,OTHER,CLEAR,,DAYLIGHT,NO CONTROLS,N/A,N/A,8371B380-B6D7-4016-912F-F7BCAEDE89E3,PEDESTRIAN,Other Working,N/A,OTHER,No,POSSIBLE INJURY,NONE,39.109655,-76.92519517,"(39.109655, -76.92519517)"
MCP28890013,15042687,MONTGOMERY,Injury Crash,08/25/2015 08:52:00 PM,Maryland (State),UNIVERSITY BLVD W,CADDINGTON AVE,,N/A,PEDESTRIAN,SINGLE VEHICLE,CLEAR,DRY,DARK LIGHTS ON,TRAFFIC SIGNAL,N/A,NONE DETECTED,C42044D6-AF9D-4F5F-B40B-A3D616497D2D,PEDESTRIAN,Cross/Enter at Intersection,NO IMPROPER ACTIONS,ON ROADWAY AT CROSSWALK,No,POSSIBLE INJURY,N/A,39.03350699,-77.02369004,"(39.03350699, -77.02369004)"
MCP1554000Y,15051825,MONTGOMERY,Injury Crash,10/12/2015 08:15:00 PM,Maryland (State),FREDERICK RD,ENT TO SHADY GROVE METRO STATION,,N/A,PEDESTRIAN,STRAIGHT MOVEMENT ANGLE,CLEAR,DRY,DARK LIGHTS ON,TRAFFIC SIGNAL,"NONE DETECTED, UNKNOWN",UNKNOWN,99F8CBB4-1245-4A13-89F7-1537597C470C,PEDESTRIAN,Other,OTHER,ON ROADWAY NOT AT CROSSWALK,No,SUSPECTED MINOR INJURY,NONE,39.11742167,-77.16875167,"(39.11742167, -77.16875167)"
MCP2846006J,210003305,Montgomery County Police,Injury Crash,01/26/2021 06:10:00 PM,County,NEWPORT MILL RD,MAPLE VIEW DR,,N/A,PEDESTRIAN,SINGLE VEHICLE,RAINING,WET,DARK -- UNKNOWN LIGHTING,NO CONTROLS,NONE DETECTED,NONE DETECTED,84010F7D-A8F0-4FE3-8C46-3FD70741C3C5,PEDESTRIAN,Other,NO IMPROPER ACTIONS,SHOULDER,No,POSSIBLE INJURY,NONE,39.04281843,-77.06896988,"(39.04281843, -77.06896988)"
DM84370014,16057279,Takoma Park Police Depart,Injury Crash,11/06/2016 04:40:00 PM,,,,"PARKING LOT OF 7633 NEW HAMPSHIRE AVE, TAKOMA PARK, MD 20912",,PEDESTRIAN,OTHER,CLEAR,,DAYLIGHT,NO CONTROLS,NONE DETECTED,NONE DETECTED,5370CFA3-D9DB-4FBC-B602-89FA6D4AE7E3,PEDESTRIAN,Other,NO IMPROPER ACTIONS,OTHER,No,SUSPECTED SERIOUS INJURY,N/A,38.98847333,-77.00094167,"(38.98847333, -77.00094167)"
MCP25040014,16002218,Montgomery County Police,Injury Crash,01/12/2016 05:54:00 PM,Municipality,WOOTTON PKWY,FALLS RD,,N/A,BICYCLIST,STRAIGHT MOVEMENT ANGLE,CLOUDY,DRY,DARK LIGHTS ON,TRAFFIC SIGNAL,UNKNOWN,NONE DETECTED,FF3355DF-9471-4372-A307-6645630E4FA6,BICYCLIST,Walking/Riding w/Traffic,NO IMPROPER ACTIONS,ON ROADWAY NOT AT CROSSWALK,No,SUSPECTED MINOR INJURY,MC/BIKE HELMET,39.069745,-77.17039167,"(39.069745, -77.17039167)"
MCP20720042,200031699,Montgomery County Police,Injury Crash,08/14/2020 01:29:00 PM,Maryland (State),GREAT SENECA HWY,CLOPPER RD,,N/A,PEDESTRIAN,OTHER,CLEAR,DRY,DAYLIGHT,TRAFFIC SIGNAL,NONE DETECTED,ALCOHOL PRESENT,3248AC7D-C726-462C-A5BA-0398D349C265,PEDESTRIAN,Other,NOT VISIBLE,ON ROADWAY NOT AT CROSSWALK,Yes,POSSIBLE INJURY,NONE,39.15781333,-77.27580333,"(39.15781333, -77.27580333)"
MCP3048001Y,170538125,Montgomery County Police,Injury Crash,10/22/2017 09:35:00 AM,County,SANGAMORE RD,MACARTHUR BLVD,,N/A,BICYCLIST,HEAD ON LEFT TURN,CLEAR,DRY,DAYLIGHT,TRAFFIC SIGNAL,NONE DETECTED,NONE DETECTED,B57D8B15-4DFF-405A-B260-571B2B39D5D2,BICYCLIST,Cross/Enter at Intersection,NO IMPROPER ACTIONS,ON ROADWAY NOT AT CROSSWALK,No,SUSPECTED MINOR INJURY,MC/BIKE HELMET,38.94458833,-77.11712333,"(38.94458833, -77.11712333)"
MCP0036002R,15043045,MONTGOMERY,Injury Crash,08/27/2015 04:04:00 PM,Maryland (State),RIDGE RD,MAIN ST,,N/A,BICYCLIST,SINGLE VEHICLE,CLEAR,DRY,DAYLIGHT,NO CONTROLS,NONE DETECTED,NONE DETECTED,54AF657D-FCA7-440E-807D-4A8B5A421680,BICYCLIST,Walking/Riding w/Traffic,NO IMPROPER ACTIONS,ON ROADWAY NOT AT CROSSWALK,No,SUSPECTED SERIOUS INJURY,NONE,39.28840503,-77.20512003,"(39.28840503, -77.20512003)"
MCP00360063,170500518,Montgomery County Police,Injury Crash,04/05/2017 02:00:00 PM,,,,PARKING LOT OF WALMART 20910 FREDERICK RD,,PEDESTRIAN,SINGLE VEHICLE,CLEAR,,DAYLIGHT,N/A,NONE DETECTED,UNKNOWN,0F33D870-5BEC-41C9-A752-CF346BE7B655,PEDESTRIAN,Other,OTHER,OTHER,Yes,POSSIBLE INJURY,N/A,39.19848077,-77.25158662,"(39.19848077, -77.25158662)"
MCP2039004Q,180060959,Montgomery County Police,Injury Crash,12/06/2018 09:10:00 AM,County,MAGELLAN AVE,IRIS ST,,N/A,PEDESTRIAN,STRAIGHT MOVEMENT ANGLE,CLOUDY,DRY,DAYLIGHT,NO CONTROLS,N/A,N/A,B21C6AC3-9595-46CC-B83F-30757FA93CD4,PEDESTRIAN,Cross/Enter not at Intersection,DART DASH,ON ROADWAY NOT AT CROSSWALK,Yes,POSSIBLE INJURY,N/A,39.074915,-77.092645,"(39.074915, -77.092645)"
MCP2231004D,180060385,Montgomery County Police,Injury Crash,12/03/2018 11:09:00 AM,Maryland (State),QUINCE ORCHARD RD,RAMP 7 FR MD 124 WB TO IS 270 SB,,N/A,PEDESTRIAN,SINGLE VEHICLE,CLEAR,DRY,DAYLIGHT,NO CONTROLS,NONE DETECTED,NONE DETECTED,5B22DE0A-8C19-4443-B842-3B968343E6BE,PEDESTRIAN,Cross/Enter not at Intersection,IN ROADWAY IMPROPERLY,ON ROADWAY NOT AT CROSSWALK,Yes,POSSIBLE INJURY,N/A,39.14846667,-77.217555,"(39.14846667, -77.217555)"
MCP2936003X,200030698,Montgomery County Police,Injury Crash,08/07/2020 04:22:00 PM,,,,"SIDEWALK/PARKING LOT OF 11790 PARKLAWN DR ROCKVILLE, MD 20852",,PEDESTRIAN,OTHER,N/A,,DAYLIGHT,NO CONTROLS,NONE DETECTED,NONE DETECTED,32E886BE-97E7-445B-82CD-BAA099CDA45A,PEDESTRIAN,Walking/Cycling on Sidewalk,NO IMPROPER ACTIONS,SIDEWALK,No,SUSPECTED MINOR INJURY,N/A,39.04858,-77.0993,"(39.04858, -77.0993)"
MCP2732000R,15045144,MONTGOMERY,Injury Crash,09/07/2015 05:29:00 PM,Maryland (State),UNIVERSITY BLVD W,WESTCHESTER DR,,N/A,BICYCLIST,STRAIGHT MOVEMENT ANGLE,CLEAR,DRY,DAYLIGHT,NO CONTROLS,NONE DETECTED,NONE DETECTED,EFCF8C48-F732-4441-8C14-9528F4C5736F,BICYCLIST,Cross/Enter at Intersection,NO IMPROPER ACTIONS,AT INTERSECTION BUT NO CROSSWALK,No,SUSPECTED MINOR INJURY,NONE,39.04058167,-77.04435833,"(39.04058167, -77.04435833)"
MCP93810014,15018337,Montgomery County Police,Property Damage Crash,04/19/2015 11:50:00 AM,Government,BEACH DR,CONNECTICUT AVE,,N/A,BICYCLIST,SAME DIRECTION SIDESWIPE,CLEAR,DRY,DAYLIGHT,NO CONTROLS,NONE DETECTED,NONE DETECTED,C227F2A2-C345-4719-9C9E-47BC92C88D89,BICYCLIST,Walking/Riding w/Traffic,NO IMPROPER ACTIONS,ON ROADWAY NOT AT CROSSWALK,,NO APPARENT INJURY,MC/BIKE HELMET,39.00845167,-77.08224833,"(39.00845167, -77.08224833)"
MCP2954002D,16050910,Montgomery County Police,Injury Crash,10/04/2016 06:50:00 AM,Maryland (State),PINEY BRANCH RD,CARROLL AVE,,N/A,PEDESTRIAN,N/A,N/A,DRY,DAWN,NO CONTROLS,UNKNOWN,NONE DETECTED,05956368-F29F-4E48-B0C5-884D662A78DD,PEDESTRIAN,Other,NO IMPROPER ACTIONS,ON ROADWAY AT CROSSWALK,No,SUSPECTED MINOR INJURY,NONE,39.00130988,-76.98708057,"(39.00130988, -76.98708057)"
MCP2780006G,230005668,Montgomery County Police,Injury Crash,02/03/2023 08:13:00 PM,County,MIDDLEBROOK RD,FREDERICK RD,,N/A,PEDESTRIAN,N/A,CLOUDY,DRY,DARK LIGHTS ON,YIELD SIGN,N/A,N/A,3991F356-6DBA-40AB-A158-1B636D97DA0B,PEDESTRIAN,Cross/Enter at Intersection,FAILURE TO YIELD RIGHT OF WAY,AT INTERSECTION MARKED CROSSWALK,No,POSSIBLE INJURY,NONE,39.183033,-77.29010017,"(39.183033, -77.29010017)"
MCP2919001F,16020556,Montgomery County Police,Property Damage Crash,04/26/2016 12:49:00 PM,Maryland (State),GEORGIA AVE,CORWIN DR,,N/A,OTHER,OTHER,CLEAR,DRY,DAYLIGHT,NO CONTROLS,NONE DETECTED,NONE DETECTED,FEEBCBA3-8092-40B9-A768-FFA070C3C26B,OTHER,N/A,OTHER,INSIDE BUILDING,Yes,NO APPARENT INJURY,N/A,39.00801309,-77.03996971,"(39.00801309, -77.03996971)"
MCP15690008,15066152,MONTGOMERY,Property Damage Crash,12/25/2015 04:56:00 PM,County,TRAVILLE  GATEWAY DR,SHADY GROVE RD,,N/A,PEDESTRIAN,OTHER,RAINING,WET,DARK LIGHTS ON,NO CONTROLS,N/A,N/A,7F089091-6AF0-48CA-8802-2761FD753EE5,PEDESTRIAN,Cross/Enter not at Intersection,IN ROADWAY IMPROPERLY,ON ROADWAY NOT AT CROSSWALK,Yes,NO APPARENT INJURY,NONE,39.09135333,-77.204255,"(39.09135333, -77.204255)"
MCP3264001T,210023890,Montgomery County Police,Injury Crash,06/22/2021 02:23:00 PM,County,SECOND AVE,APPLE AVE,,N/A,PEDESTRIAN,OTHER,CLEAR,DRY,DAYLIGHT,TRAFFIC SIGNAL,NONE DETECTED,NONE DETECTED,246BE639-3A87-41C5-8B53-DEE5FAB281DD,PEDESTRIAN,Cross/Enter at Intersection,NO IMPROPER ACTIONS,ON ROADWAY AT CROSSWALK,No,POSSIBLE INJURY,NONE,38.99612244,-77.03191833,"(38.99612244, -77.03191833)"
DD56010052,190052141,Rockville Police Departme,Property Damage Crash,10/29/2019 10:39:00 PM,,,,PARKING LOT OF 891 ROCKVILLE PIKE,,OTHER,SINGLE VEHICLE,CLEAR,,DARK LIGHTS ON,N/A,UNKNOWN,N/A,377AB315-CDD3-4654-B39E-A0EA01BD0338,OTHER,N/A,NO IMPROPER ACTIONS,N/A,No,NO APPARENT INJURY,N/A,39.0742805,-77.13729233,"(39.0742805, -77.13729233)"
MCP2753002S,170525843,Montgomery County Police,Injury Crash,08/20/2017 12:06:00 PM,County,GRIDLEY RD,CHARLES RD,,N/A,PEDESTRIAN,OTHER,CLEAR,DRY,DAYLIGHT,NO CONTROLS,NONE DETECTED,NONE DETECTED,FB5C8840-7988-4DBC-B754-1507528E1EC7,PEDESTRIAN,Playing,IN ROADWAY IMPROPERLY,ON ROADWAY NOT AT CROSSWALK,Yes,SUSPECTED MINOR INJURY,NONE,39.05568333,-77.087665,"(39.05568333, -77.087665)"
MCP3068000L,170541552,Montgomery County Police,Injury Crash,11/07/2017 07:12:00 PM,Maryland (State),BROOKVILLE RD,TAYLOR ST,,CHEVY CHASE #3,PEDESTRIAN,OTHER,RAINING,WET,DARK LIGHTS ON,STOP SIGN,N/A,N/A,71E240BD-CF0F-4B23-A727-C1EE9104BB23,PEDESTRIAN,Cross/Enter at Intersection,NO IMPROPER ACTIONS,ON ROADWAY AT CROSSWALK,No,SUSPECTED MINOR INJURY,NONE,38.98126833,-77.07143333,"(38.98126833, -77.07143333)"
MCP2947000J,15027847,Montgomery County Police,Injury Crash,06/09/2015 07:38:00 AM,County,FRANKFORT DR,MARIANNA DR,,N/A,PEDESTRIAN,SINGLE VEHICLE,CLEAR,DRY,DAYLIGHT,STOP SIGN,NONE DETECTED,NONE DETECTED,30A11FB8-0B5F-4443-99C7-6754B468BF10,PEDESTRIAN,Unknown,NO IMPROPER ACTIONS,SIDEWALK,,NO APPARENT INJURY,N/A,39.08461293,-77.08991647,"(39.08461293, -77.08991647)"
MCP2968002P,180050155,Montgomery County Police,Property Damage Crash,10/07/2018 02:55:00 PM,County,GAINSBOROUGH RD,TUCKERMAN LA,,N/A,BICYCLIST,SINGLE VEHICLE,CLEAR,DRY,DAYLIGHT,N/A,N/A,N/A,72DF500A-C0EC-4FC9-9CAE-F4564049797F,BICYCLIST,Hitchhiking,NO IMPROPER ACTIONS,AT INTERSECTION BUT NO CROSSWALK,No,NO APPARENT INJURY,MC/BIKE HELMET,39.042665,-77.173025,"(39.042665, -77.173025)"
MCP30790021,190007453,Montgomery County Police,Injury Crash,02/15/2019 04:56:00 PM,County,LIBERTY MILL RD,SPARKLING WATER DR,,N/A,BICYCLIST,OTHER,CLEAR,DRY,DAYLIGHT,NO CONTROLS,NONE DETECTED,NONE DETECTED,DFB6CEF1-8E29-4587-B7C8-EC1781B5D559,BICYCLIST,Cross/Enter at Intersection,NO IMPROPER ACTIONS,ON ROADWAY NOT AT CROSSWALK,No,SUSPECTED MINOR INJURY,NONE,39.1643725,-77.27915533,"(39.1643725, -77.27915533)"
MCP3042000G,17012423,Montgomery County Police,Injury Crash,03/09/2017 01:36:00 PM,County,SHOREFIELD RD,GEORGIA AVE,,N/A,BICYCLIST,SAME DIR REAR END,CLEAR,DRY,DAYLIGHT,NO CONTROLS,NONE DETECTED,NONE DETECTED,D7E85244-83D0-4304-9B2B-31AB2250BC97,BICYCLIST,Walking/Riding w/Traffic,NO IMPROPER ACTIONS,SHOULDER,No,POSSIBLE INJURY,NONE,39.06955333,-77.161305,"(39.06955333, -77.161305)"
DD5595007M,190031082,Rockville Police Departme,Injury Crash,06/29/2019 07:00:00 PM,Municipality,TAYLOR AVE,ROBERT RD,,ROCKVILLE,BICYCLIST,SINGLE VEHICLE,CLOUDY,DRY,DAYLIGHT,NO CONTROLS,NONE DETECTED,NONE DETECTED,61AF8AF2-6271-4F6A-A92E-9DEC0E63F431,BICYCLIST,Walking/Cycling on Sidewalk,OTHER,SIDEWALK,No,SUSPECTED MINOR INJURY,NONE,39.08614417,-77.13798867,"(39.08614417, -77.13798867)"
MCP1205009L,230053956,Montgomery County Police,Injury Crash,09/09/2023 12:14:00 PM,Maryland (State),CONNECTICUT AVE,CHEVY CHASE LAKE DR,,N/A,BICYCLIST,STRAIGHT MOVEMENT ANGLE,CLEAR,DRY,DAYLIGHT,STOP SIGN,NONE DETECTED,NONE DETECTED,06A86E22-42C8-46DB-BD75-040B59996038,BICYCLIST,Walking/Cycling on Sidewalk,NO IMPROPER ACTIONS,SIDEWALK,No,SUSPECTED MINOR INJURY,MC/BIKE HELMET,38.99257667,-77.07689167,"(38.99257667, -77.07689167)"
MCP1048003V,180044255,Montgomery County Police,Injury Crash,09/05/2018 07:55:00 AM,County,SHADY GROVE RD,CRABBS BRANCH WAY,,N/A,BICYCLIST,OTHER,CLEAR,DRY,DAYLIGHT,TRAFFIC SIGNAL,NONE DETECTED,NONE DETECTED,B109D8A9-3334-4980-BD0C-FA3A20B3756A,BICYCLIST,Cross/Enter at Intersection,FAILURE TO OBEY TRAFFIC SIGNS SIGNALS OR OFFICER,AT INTERSECTION MARKED CROSSWALK,Yes,SUSPECTED MINOR INJURY,N/A,39.12927333,-77.167375,"(39.12927333, -77.167375)"
DM8445001H,17515696,Takoma Park Police Depart,Injury Crash,06/25/2017 02:55:00 PM,,,,"COLLISION OCCURRED WITHIN THE LOT OF 7551 NEW HAMPSHIRE AVE. TAKOMA PARK, MD - CAR WASH",,"OTHER, PEDESTRIAN",SINGLE VEHICLE,CLEAR,,DAYLIGHT,N/A,,N/A,52BCD66E-6F8F-4A72-A29E-F20BF7C956D3,PEDESTRIAN,Other,OTHER,OTHER,No,SUSPECTED MINOR INJURY,N/A,38.98556444,-76.98794156,"(38.98556444, -76.98794156)"
MCP15530019,15004184,Montgomery County Police,Injury Crash,01/26/2015 02:53:00 PM,County,ELDRID DR,JOHNSON AVE,,N/A,PEDESTRIAN,OTHER,SNOW,SNOW,DAYLIGHT,N/A,NONE DETECTED,NONE DETECTED,0BD7553F-98BC-4BB1-8F1E-E3B1255E4E46,PEDESTRIAN,Walking/Riding against Traffic,NO IMPROPER ACTIONS,ON ROADWAY NOT AT CROSSWALK,,POSSIBLE INJURY,N/A,39.066665,-76.99651167,"(39.066665, -76.99651167)"
MCP3048004B,180059044,Montgomery County Police,Injury Crash,11/26/2018 08:07:00 AM,County,FRIENDSHIP BLVD,WILLARD AVE,,N/A,PEDESTRIAN,HEAD ON LEFT TURN,RAINING,WET,DAYLIGHT,TRAFFIC SIGNAL,N/A,N/A,37DF3148-B683-44AC-8DC8-AC750E6E90BA,PEDESTRIAN,Cross/Enter at Intersection,DART DASH,ON ROADWAY AT CROSSWALK,No,SUSPECTED MINOR INJURY,NONE,38.961945,-77.08896667,"(38.961945, -77.08896667)"
MCP31120020,190015524,Montgomery County Police,Injury Crash,04/03/2019 08:00:00 PM,Maryland (State),WISCONSIN AVE,WOODMONT AVE,,N/A,PEDESTRIAN,OTHER,CLEAR,DRY,DARK LIGHTS ON,TRAFFIC SIGNAL,NONE DETECTED,NONE DETECTED,2D6FCF2F-385D-4ECC-89D3-5691D091407B,PEDESTRIAN,Cross/Enter at Intersection,NO IMPROPER ACTIONS,AT INTERSECTION MARKED CROSSWALK,No,SUSPECTED SERIOUS INJURY,N/A,38.98028117,-77.09220217,"(38.98028117, -77.09220217)"
MCP3143000R,180056364,Montgomery County Police,Injury Crash,11/09/2018 06:44:00 PM,County,EXECUTIVE BLVD,MARINELLI RD,,N/A,PEDESTRIAN,OTHER,RAINING,WET,DARK LIGHTS ON,TRAFFIC SIGNAL,NONE DETECTED,NONE DETECTED,C2314996-CF3F-47D5-8D37-B45F104BFCA9,PEDESTRIAN,Cross/Enter at Intersection,NO IMPROPER ACTIONS,N/A,No,SUSPECTED MINOR INJURY,NONE,39.046515,-77.11683167,"(39.046515, -77.11683167)"
EJ78930016,220028119,Gaithersburg Police Depar,Injury Crash,06/30/2022 12:33:00 PM,,,,PARKING LOT OF 880 RUSSELL AVENUE,,PEDESTRIAN,OTHER,CLEAR,,DAYLIGHT,NO CONTROLS,NONE DETECTED,NONE DETECTED,8E077D76-5F2F-46F9-ADDB-3AC9E65BC196,PEDESTRIAN,Standing,NO IMPROPER ACTIONS,OTHER,No,POSSIBLE INJURY,N/A,39.15587113,-77.21361772,"(39.15587113, -77.21361772)"
MCP27990016,15051296,Montgomery County Police,Property Damage Crash,10/22/2015 05:57:00 PM,County,SPARTAN RD,TOWN CENTER DR,,N/A,BICYCLIST,STRAIGHT MOVEMENT ANGLE,RAINING,WET,DAYLIGHT,NO CONTROLS,N/A,NONE DETECTED,7B6DFF19-CF75-4CB9-A9D6-C9D7F81E44C3,BICYCLIST,Cross/Enter at Intersection,FAILURE TO YIELD RIGHT OF WAY,SIDEWALK,Yes,NO APPARENT INJURY,NONE,39.15255243,-77.06085205,"(39.15255243, -77.06085205)"
MCP2823002R,170505270,Montgomery County Police,Property Damage Crash,05/01/2017 04:13:00 PM,County,VEIRS MILL RD,GAYNOR RD,,N/A,BICYCLIST,OTHER,CLOUDY,DRY,DAYLIGHT,NO CONTROLS,UNKNOWN,NONE DETECTED,8BA7A91A-FA78-4A3A-AD0A-1B9125BD52BE,BICYCLIST,Walking/Riding w/Traffic,N/A,OTHER,No,NO APPARENT INJURY,MC/BIKE HELMET,39.06103273,-77.09166527,"(39.06103273, -77.09166527)"
MCP3243001C,230005507,Montgomery County Police,Injury Crash,02/02/2023 08:58:00 PM,Maryland (State),BRADLEY LA,WISCONSIN AVE,,N/A,BICYCLIST,SINGLE VEHICLE,CLEAR,DRY,DARK LIGHTS ON,TRAFFIC SIGNAL,NONE DETECTED,NONE DETECTED,C8DA1FD1-78CB-467C-AFA2-52FAE606EC47,BICYCLIST,Walking/Riding w/Traffic,N/A,ON ROADWAY AT CROSSWALK,Unknown,SUSPECTED MINOR INJURY,MC/BIKE HELMET,38.97710467,-77.09101133,"(38.97710467, -77.09101133)"
EJ78930024,230001808,Gaithersburg Police Depar,Injury Crash,01/12/2023 12:05:00 AM,,,,PARKING LOT OF 18715 N FREDERICK AVENUE,,PEDESTRIAN,OTHER,RAINING,,DARK NO LIGHTS,NO CONTROLS,NONE DETECTED,NONE DETECTED,B265E4CA-7234-4E04-83A4-934BBACF0402,PEDESTRIAN,Standing,INATTENTIVE,CURB,Yes,SUSPECTED MINOR INJURY,NONE,39.16307192,-77.22393417,"(39.16307192, -77.22393417)"
DM8445001H,17515696,Takoma Park Police Depart,Injury Crash,06/25/2017 02:55:00 PM,,,,"COLLISION OCCURRED WITHIN THE LOT OF 7551 NEW HAMPSHIRE AVE. TAKOMA PARK, MD - CAR WASH",,"OTHER, PEDESTRIAN",SINGLE VEHICLE,CLEAR,,DAYLIGHT,N/A,,N/A,856065A4-3FBA-4C8A-B73E-B5216814FAC0,OTHER,N/A,OTHER,N/A,Yes,NO APPARENT INJURY,N/A,38.98556444,-76.98794156,"(38.98556444, -76.98794156)"
MCP3003000S,16054112,Montgomery County Police,Injury Crash,10/20/2016 08:59:00 PM,County,BRANDERMILL DR,DRUM CASTLE WAY,,N/A,PEDESTRIAN,OTHER,CLEAR,DRY,DARK LIGHTS ON,NO CONTROLS,NONE DETECTED,NONE DETECTED,4490A17F-662B-4D13-B46E-DCA4EF4D7CDB,PEDESTRIAN,Cross/Enter not at Intersection,UNKNOWN,ON ROADWAY NOT AT CROSSWALK,No,POSSIBLE INJURY,N/A,39.19094,-77.23934333,"(39.19094, -77.23934333)"