Report Number,Local Case Number,Agency Name,ACRS Report Type,Crash Date/Time,Route Type,Road Name,Cross-Street Name,Off-Road Description,Municipality,Related Non-Motorist,Collision Type,Weather,Surface Condition,Light,Traffic Control,Driver Substance Abuse,Non-Motorist Substance Abuse,Person ID,Pedestrian Type,Pedestrian Movement,Pedestrian Actions,Pedestrian Location,At Fault,Injury Severity,Safety Equipment,Latitude,Longitude,Location
MCP27070014,170549959,Montgomery County Police,Injury Crash,12/21/2017 03:02:00 PM,County,MONTGOMERY VILLAGE AVE,WHETSTONE DR,,N/A,PEDESTRIAN,STRAIGHT MOVEMENT ANGLE,CLEAR,DRY,DAYLIGHT,STOP SIGN,NONE DETECTED,NONE DETECTED,DD133C23-CB05-4353-BDCD-AA864D8EBF2F,PEDESTRIAN,Cross/Enter at Intersection,NO IMPROPER ACTIONS,ON ROADWAY AT CROSSWALK,No,SUSPECTED MINOR INJURY,NONE,39.17114833,-77.205195,"(39.17114833, -77.205195)"
DD56140045,180052503,Rockville Police Departme,Injury Crash,10/20/2018 04:53:00 PM,Municipality,N WASHINGTON ST,BEALL AVE #2,,ROCKVILLE,PEDESTRIAN,HEAD ON LEFT TURN,CLEAR,DRY,DAYLIGHT,TRAFFIC SIGNAL,NONE DETECTED,NONE DETECTED,360CADDB-89C9-4087-A098-CBBFAC7D6EF7,PEDESTRIAN,Cross/Enter at Intersection,NO IMPROPER ACTIONS,ON ROADWAY AT CROSSWALK,No,SUSPECTED MINOR INJURY,NONE,39.08719883,-77.15308633,"(39.08719883, -77.15308633)"
MCP2656002V,180017252,Montgomery County Police,Injury Crash,04/09/2018 03:55:00 PM,,,,PARKING LOT OF 11271 NEW HAMPSHIRE AVENUE,,PEDESTRIAN,OTHER,N/A,,DAYLIGHT,N/A,N/A,N/A,CDEBB515-229C-4191-AEEA-CB759945E608,PEDESTRIAN,Other,OTHER,OTHER,Yes,POSSIBLE INJURY,N/A,39.04141333,-76.98998167,"(39.04141333, -76.98998167)"
MCP2656000Z,15057405,MONTGOMERY,Injury Crash,11/10/2015 06:25:00 PM,Maryland (State),OLD COLUMBIA PIKE,ENT TO BUSINESS,,N/A,PEDESTRIAN,OTHER,RAINING,WET,DARK NO LIGHTS,TRAFFIC SIGNAL,NONE DETECTED,NONE DETECTED,C8A3F647-7FF8-4E3F-9999-28A550AA105A,PEDESTRIAN,Cross/Enter at Intersection,NO IMPROPER ACTIONS,ON ROADWAY AT CROSSWALK,No,POSSIBLE INJURY,N/A,39.11253333,-76.932735,"(39.11253333, -76.932735)"
MCP2082000K,15050540,MONTGOMERY,Injury Crash,10/24/2015 05:31:00 AM,Maryland (State),GEORGIA AVE,DENNIS AVE,,N/A,PEDESTRIAN,SINGLE VEHICLE,CLEAR,DRY,DARK -- UNKNOWN LIGHTING,FLASHING TRAFFIC SIGNAL,NONE DETECTED,NONE DETECTED,1A570F3F-0029-4907-A5BA-FD1AD4758B92,PEDESTRIAN,Cross/Enter at Intersection,UNKNOWN,N/A,Unknown,POSSIBLE INJURY,N/A,39.02520174,-77.04608917,"(39.02520174, -77.04608917)"
MCP25520031,190018415,Montgomery County Police,Injury Crash,04/19/2019 08:57:00 PM,Municipality,TWINBROOK PKWY,CHAPMAN AVE,,ROCKVILLE,OTHER CONVEYANCE,OTHER,RAINING,WET,DARK LIGHTS ON,TRAFFIC SIGNAL,NONE DETECTED,NONE DETECTED,8C2A95AB-E2AD-4A80-85ED-2E358434C5E8,OTHER CONVEYANCE,Cross/Enter at Intersection,IN ROADWAY IMPROPERLY,ON ROADWAY AT CROSSWALK,Yes,SUSPECTED MINOR INJURY,N/A,39.05864667,-77.11864333,"(39.05864667, -77.11864333)"
MCP32000074,220054061,Montgomery County Police,Injury Crash,12/07/2022 12:56:00 PM,,,,PARKING LOT OF 9905 COUNSELMAN RD,,PEDESTRIAN,OTHER,CLOUDY,,DAYLIGHT,N/A,NONE DETECTED,NONE DETECTED,05BFF8BE-CF76-4EA3-984D-3104E708EDB8,PEDESTRIAN,Other,NO IMPROPER ACTIONS,OTHER,No,POSSIBLE INJURY,NONE,39.01824983,-77.2069875,"(39.01824983, -77.2069875)"
MCP2720006P,220015282,Montgomery County Police,Injury Crash,04/10/2022 01:45:00 PM,County,13TH ST,GEORGIA AVE,,N/A,PEDESTRIAN,SINGLE VEHICLE,CLEAR,DRY,DAYLIGHT,TRAFFIC SIGNAL,UNKNOWN,UNKNOWN,3CB68BF2-F3AF-4993-A0EA-B873A59B55CB,PEDESTRIAN,Cross/Enter at Intersection,UNKNOWN,ON ROADWAY AT CROSSWALK,No,POSSIBLE INJURY,NONE,38.98732533,-77.0267463,"(38.98732533, -77.0267463)"
MCP2001000R,170519887,Montgomery County Police,Injury Crash,07/18/2017 09:23:00 PM,County,CONNECTICUT AVE,GEORGIA AVE,,N/A,PEDESTRIAN,SINGLE VEHICLE,CLEAR,DRY,DARK LIGHTS ON,NO CONTROLS,UNKNOWN,UNKNOWN,01BBCF6C-D9BE-494E-AD0D-758511F15CB8,PEDESTRIAN,Cross/Enter not at Intersection,UNKNOWN,ON ROADWAY NOT AT CROSSWALK,Unknown,SUSPECTED SERIOUS INJURY,N/A,39.08211036,-77.0797348,"(39.08211036, -77.0797348)"
EJ78520010,15030791,Gaithersburg Police Depar,Injury Crash,06/24/2015 12:23:00 PM,Maryland (State),S FREDERICK RD,CEDAR AVE,,GAITHERSBURG,PEDESTRIAN,SAME DIR REAR END,N/A,DRY,DAYLIGHT,OTHER,UNKNOWN,N/A,F0BBBE0E-D1D8-400F-B753-C3300E5EAA75,PEDESTRIAN,Other Working,NO IMPROPER ACTIONS,OTHER,,SUSPECTED SERIOUS INJURY,REFLECTIVE CLOTHING,39.13965546,-77.196486,"(39.13965546, -77.196486)"
MCP11740026,170514526,Montgomery County Police,Injury Crash,06/19/2017 12:54:00 PM,,,,7730 WOODMONT AVE.PARKING GARAGE ENTRANCE TO GARAGE 11.,,PEDESTRIAN,SINGLE VEHICLE,CLEAR,,DAYLIGHT,STOP SIGN,NONE DETECTED,NONE DETECTED,2D76BFAA-131B-4F04-B9A8-E4D6038BF93D,PEDESTRIAN,Walking/Cycling on Sidewalk,NO IMPROPER ACTIONS,SIDEWALK,No,POSSIBLE INJURY,NONE,38.98762637,-77.09616065,"(38.98762637, -77.09616065)"
MCP285900CH,220026307,Montgomery County Police,Injury Crash,06/18/2022 03:36:00 PM,Maryland (State),FREDERICK RD,RAMP 2 FR RP 7 (FR IS370 WB) TO MD355 NB,,N/A,BICYCLIST,OTHER,CLEAR,DRY,DAYLIGHT,NO CONTROLS,NONE DETECTED,NONE DETECTED,CA6999A8-7C82-4FD6-9BF3-6A27BB91A703,BICYCLIST,Cross/Enter not at Intersection,NO IMPROPER ACTIONS,ON ROADWAY AT CROSSWALK,No,SUSPECTED MINOR INJURY,NONE,39.12460926,-77.18016095,"(39.12460926, -77.18016095)"
DD5586000H,15005024,Rockville Police Departme,Injury Crash,01/31/2015 01:40:00 PM,,,,865 Rockville Pike,,PEDESTRIAN,SINGLE VEHICLE,CLEAR,,DAYLIGHT,NO CONTROLS,NONE DETECTED,NONE DETECTED,C5D2F2C6-F00A-4078-8D98-9EF0FF1DAF92,PEDESTRIAN,Cross/Enter at Intersection,INATTENTIVE,AT INTERSECTION MARKED CROSSWALK,,SUSPECTED MINOR INJURY,N/A,39.07357761,-77.14599609,"(39.07357761, -77.14599609)"
MCP2746000S,15023661,Montgomery County Police,Injury Crash,05/17/2015 05:53:00 PM,County,BEL PRE RD,NORTH GATE DR,,N/A,PEDESTRIAN,N/A,CLEAR,DRY,DAYLIGHT,NO CONTROLS,NONE DETECTED,NONE DETECTED,BB058361-E0D4-4F85-BD26-8A95594AEE0D,PEDESTRIAN,Cross/Enter at Intersection,NO IMPROPER ACTIONS,ON ROADWAY AT CROSSWALK,,SUSPECTED MINOR INJURY,N/A,39.09035062,-77.05115318,"(39.09035062, -77.05115318)"
MCP3165004Y,230065903,Montgomery County Police,Injury Crash,11/12/2023 10:45:00 AM,,,,PARKING LOT OF 13817 OUTLET DR SILVER SPRING MD,,PEDESTRIAN,OTHER,CLEAR,,DAYLIGHT,N/A,NONE DETECTED,NONE DETECTED,B2D2F87F-13E6-4C8F-9AD7-F07F12CB6DA8,PEDESTRIAN,N/A,INATTENTIVE,OTHER,Unknown,POSSIBLE INJURY,NONE,39.08271605,-76.94528133,"(39.08271605, -76.94528133)"
MCP28690032,180064933,Montgomery County Police,Injury Crash,12/28/2018 05:15:00 PM,County,REEDIE DR,FERN ST,,N/A,PEDESTRIAN,OTHER,N/A,WET,DARK LIGHTS ON,TRAFFIC SIGNAL,N/A,N/A,B3520C2A-38E7-4745-8FFA-2186DE1DC3D4,PEDESTRIAN,Cross/Enter not at Intersection,IN ROADWAY IMPROPERLY,ON ROADWAY NOT AT CROSSWALK,Yes,POSSIBLE INJURY,N/A,39.03874,-77.04916167,"(39.03874, -77.04916167)"
MCP3060000G,170531313,Montgomery County Police,Injury Crash,09/18/2017 02:56:00 PM,,,,PARKING LOT OF 4749 SANGAMORE RD,,PEDESTRIAN,OTHER,CLOUDY,,DAYLIGHT,N/A,NONE DETECTED,NONE DETECTED,DA02253F-9FB4-4492-B3DA-B6335CAA6AC1,PEDESTRIAN,Other,NO IMPROPER ACTIONS,ON ROADWAY AT CROSSWALK,No,SUSPECTED MINOR INJURY,N/A,38.95057617,-77.11840167,"(38.95057617, -77.11840167)"
MCP2789005G,19003417,Montgomery County Police,Injury Crash,01/22/2019 06:15:00 PM,,,,909 THAYER AVE PARKING LOT,,PEDESTRIAN,SINGLE VEHICLE,CLEAR,,DARK LIGHTS ON,NO CONTROLS,N/A,N/A,3E7A5895-0635-4EC6-9B33-5B3EA7D7837E,PEDESTRIAN,Other,DART DASH,OUTSIDE RIGHT OF WAY,Yes,POSSIBLE INJURY,N/A,38.99313333,-77.02544,"(38.99313333, -77.02544)"
MCP15310011,220044061,Montgomery County Police,Injury Crash,10/08/2022 10:17:00 PM,,,,PARKING LOT OF 10620 RIVER ROAD,,PEDESTRIAN,SINGLE VEHICLE,CLEAR,,DARK LIGHTS ON,NO CONTROLS,NONE DETECTED,NONE DETECTED,92FA6CC0-147D-4273-A7BD-1834BAAF6C4A,PEDESTRIAN,Walking/Riding w/Traffic,NO IMPROPER ACTIONS,ON ROADWAY NOT AT CROSSWALK,No,SUSPECTED MINOR INJURY,NONE,39.0242988,-77.21955542,"(39.0242988, -77.21955542)"
HA22880009,17000154,Maryland-National Capital,Property Damage Crash,02/11/2017 12:10:00 PM,,BEACH DRIVE,CONNECTICUT AVENUE,,N/A,BICYCLIST,SAME DIR REAR END,CLOUDY,DRY,DAYLIGHT,N/A,N/A,N/A,127BCEEC-06C3-43C5-AC67-C066A362F756,BICYCLIST,N/A,INATTENTIVE,N/A,Yes,NO APPARENT INJURY,N/A,39.0080777,-77.0801197,"(39.0080777, -77.0801197)"
MCP3011000Y,16038625,Montgomery County Police,Injury Crash,07/30/2016 09:19:00 PM,,,,7101 DEMOCRACY BLVD PARKING LOT OF MALL IN FRONT OF SEARS AUTO CENTER,,PEDESTRIAN,SINGLE VEHICLE,RAINING,,DARK LIGHTS ON,N/A,NONE DETECTED,NONE DETECTED,E453A5FA-B357-47D6-895E-8DC9631BF758,PEDESTRIAN,Cross/Enter at Intersection,IN ROADWAY IMPROPERLY,AT INTERSECTION BUT NO CROSSWALK,No,SUSPECTED MINOR INJURY,NONE,39.02570167,-77.14429,"(39.02570167, -77.14429)"
MCP26170020,16028374,Montgomery County Police,Injury Crash,06/06/2016 04:07:00 PM,County,GROSVENOR LA,KING CHARLES WAY,,N/A,BICYCLIST,OTHER,CLEAR,DRY,DAYLIGHT,NO CONTROLS,NONE DETECTED,NONE DETECTED,AC028C1A-C329-4D99-A71B-0456AD4D8354,BICYCLIST,Cross/Enter at Intersection,NO IMPROPER ACTIONS,ON ROADWAY AT CROSSWALK,No,SUSPECTED MINOR INJURY,MC/BIKE HELMET,39.02274,-77.105055,"(39.02274, -77.105055)"
MCP30190047,210048774,Montgomery County Police,Injury Crash,12/01/2021 04:00:00 PM,County,BETHESDA AVE,ARLINGTON RD,,N/A,PEDESTRIAN,OTHER,CLEAR,DRY,DUSK,NO CONTROLS,N/A,N/A,2EE74486-5529-42CE-BEEB-3CCD7641E6D9,PEDESTRIAN,Other,N/A,SIDEWALK,No,POSSIBLE INJURY,N/A,38.980945,-77.0974,"(38.980945, -77.0974)"
MCP2948000D,15030901,Montgomery County Police,Injury Crash,06/24/2015 10:00:00 PM,,,,"exiting the shopping plaza onto Georgia Avenue. Off road, just before Georgia Avenue.",,PEDESTRIAN,OTHER,CLEAR,,DARK LIGHTS ON,NO CONTROLS,NONE DETECTED,NONE DETECTED,9C47C16B-B17A-4E1E-B39D-D1F5AABF932E,PEDESTRIAN,Walking/Cycling on Sidewalk,NO IMPROPER ACTIONS,SIDEWALK,,POSSIBLE INJURY,N/A,39.15259507,-77.06695274,"(39.15259507, -77.06695274)"
MCP2870000Y,15039510,MONTGOMERY,Injury Crash,08/08/2015 07:24:00 PM,US (State),COLESVILLE RD,SLIGO CREEK PKWY,,N/A,BICYCLIST,STRAIGHT MOVEMENT ANGLE,CLEAR,DRY,DAYLIGHT,TRAFFIC SIGNAL,NONE DETECTED,NONE DETECTED,4AFC97AE-4D8A-4311-AA2D-F5BFF5BCBED8,BICYCLIST,Cross/Enter at Intersection,NO IMPROPER ACTIONS,AT INTERSECTION MARKED CROSSWALK,No,SUSPECTED MINOR INJURY,MC/BIKE HELMET,39.00747333,-77.02022167,"(39.00747333, -77.02022167)"
MCP2353004H,170539725,Montgomery County Police,Property Damage Crash,10/30/2017 06:43:00 AM,County,EDGEMOOR LA,WOODMONT AVE,,N/A,BICYCLIST,SINGLE VEHICLE,CLOUDY,DRY,DARK LIGHTS ON,TRAFFIC SIGNAL,NONE DETECTED,NONE DETECTED,E3715729-95B2-4DE5-A119-26EAED05703B,BICYCLIST,Cross/Enter at Intersection,NO IMPROPER ACTIONS,ON ROADWAY AT CROSSWALK,No,NO APPARENT INJURY,MC/BIKE HELMET,38.98479302,-77.09673062,"(38.98479302, -77.09673062)"
MCP2664003X,170549210,Montgomery County Police,Injury Crash,12/18/2017 07:40:00 AM,County,VALLEYWOOD DR,VEIRS MILL RD,,N/A,PEDESTRIAN,SINGLE VEHICLE,CLEAR,WET,DAYLIGHT,STOP SIGN,NONE DETECTED,NONE DETECTED,5FB785DC-9B76-4AE3-83D3-961D8AC14FB2,PEDESTRIAN,Cross/Enter at Intersection,NO IMPROPER ACTIONS,ON ROADWAY AT CROSSWALK,No,POSSIBLE INJURY,NONE,39.049585,-77.07058333,"(39.049585, -77.07058333)"
MCP27540014,17002303,Montgomery County Police,Injury Crash,01/13/2017 05:52:00 PM,Maryland (State),PINEY BRANCH RD,ARLISS ST,,N/A,PEDESTRIAN,N/A,CLEAR,DRY,DARK LIGHTS ON,TRAFFIC SIGNAL,NONE DETECTED,UNKNOWN,25A70BF7-306C-4C3C-A26D-17305B2C5444,PEDESTRIAN,Cross/Enter at Intersection,DART DASH,ON ROADWAY AT CROSSWALK,Yes,SUSPECTED MINOR INJURY,UNKNOWN,38.99844582,-77.00106025,"(38.99844582, -77.00106025)"
EJ78580056,200030177,Gaithersburg Police Depar,Injury Crash,08/04/2020 05:45:00 AM,Municipality,ODENDHAL AVE,RUSSELL AVE,,GAITHERSBURG,BICYCLIST,OTHER,RAINING,WET,DARK LIGHTS ON,NO CONTROLS,NONE DETECTED,NONE DETECTED,7919C82E-1F17-46FE-A7C1-49C34416A175,BICYCLIST,Cross/Enter not at Intersection,IN ROADWAY IMPROPERLY,ON ROADWAY NOT AT CROSSWALK,Yes,SUSPECTED MINOR INJURY,NONE,39.15013928,-77.20455055,"(39.15013928, -77.20455055)"
DD5611004L,180011267,Rockville Police Departme,Property Damage Crash,03/05/2018 05:50:00 PM,Municipality,TOWER OAKS BLVD,WOOTTON PKWY,,ROCKVILLE,BICYCLIST,OTHER,CLEAR,DRY,DUSK,NO CONTROLS,NONE DETECTED,NONE DETECTED,D47345D4-E13F-494D-B4EC-5F5A0411E438,BICYCLIST,Walking/Riding w/Traffic,NO IMPROPER ACTIONS,IN BIKEWAY,No,NO APPARENT INJURY,MC/BIKE HELMET,39.06582,-77.15411167,"(39.06582, -77.15411167)"
EJ78950029,220030840,Gaithersburg Police Depar,Injury Crash,07/18/2022 12:35:00 PM,,,,DRIVEWAY OF 340 N SUMMIT AVENUE,,BICYCLIST,STRAIGHT MOVEMENT ANGLE,CLEAR,,DAYLIGHT,NO CONTROLS,NONE DETECTED,NONE DETECTED,030337C2-DE0A-4FE1-B4DA-A48891536DF9,BICYCLIST,Walking/Cycling on Sidewalk,INATTENTIVE,SIDEWALK,Yes,SUSPECTED MINOR INJURY,NONE,39.14100877,-77.20797875,"(39.14100877, -77.20797875)"
MCP2637000X,16016717,Montgomery County Police,Injury Crash,04/06/2016 05:59:00 AM,Maryland (State),FALLS RD,WOOTTON PKWY,,ROCKVILLE,PEDESTRIAN,OTHER,CLEAR,DRY,DARK NO LIGHTS,TRAFFIC SIGNAL,NONE DETECTED,NONE DETECTED,64F14083-39C8-4506-9AB7-0C68AE597AA3,PEDESTRIAN,Cross/Enter at Intersection,FAILURE TO OBEY TRAFFIC SIGNS SIGNALS OR OFFICER,ON ROADWAY NOT AT CROSSWALK,Yes,POSSIBLE INJURY,NONE,39.06994599,-77.16995358,"(39.06994599, -77.16995358)"
MCP3039006J,230060573,Montgomery County Police,Injury Crash,10/14/2023 09:07:00 PM,County,FENTON ST,COLESVILLE RD,,N/A,PEDESTRIAN,OTHER,RAINING,WET,DARK LIGHTS ON,TRAFFIC SIGNAL,NONE DETECTED,NONE DETECTED,9F3779AA-26E9-432C-9F72-AB3AA5DB82BB,PEDESTRIAN,Cross/Enter at Intersection,NO IMPROPER ACTIONS,AT INTERSECTION MARKED CROSSWALK,No,SUSPECTED MINOR INJURY,N/A,38.99750567,-77.02716417,"(38.99750567, -77.02716417)"
MCP3086003D,190054343,Montgomery County Police,Injury Crash,11/11/2019 01:45:00 PM,County,MIDCOUNTY HWY,WASHINGTON GROVE LA,,N/A,BICYCLIST,OTHER,CLEAR,DRY,DAYLIGHT,TRAFFIC SIGNAL,NONE DETECTED,NONE DETECTED,7E2A8F49-8608-4D81-8ACE-F9F075CFD743,BICYCLIST,Cross/Enter at Intersection,NO IMPROPER ACTIONS,AT INTERSECTION MARKED CROSSWALK,No,SUSPECTED MINOR INJURY,NONE,39.14750167,-77.16900817,"(39.14750167, -77.16900817)"
DM8374002K,190048900,Takoma Park Police Depart,Injury Crash,10/11/2019 03:09:00 PM,,,,PARKING LOT 1159 UNIVERSITY BLVD,,PEDESTRIAN,OTHER,CLEAR,,DAYLIGHT,N/A,N/A,N/A,2B08D966-0BAA-4EF0-AEB1-CBF36734F82D,PEDESTRIAN,Other,IN ROADWAY IMPROPERLY,ON ROADWAY NOT AT CROSSWALK,Yes,POSSIBLE INJURY,NONE,38.98876,-76.98915833,"(38.98876, -76.98915833)"
MCP3232001D,200032852,Montgomery County Police,Property Damage Crash,08/22/2020 06:40:00 PM,County,CASHELL RD,BOWIE MILL RD,,N/A,PEDESTRIAN,OTHER,CLEAR,DRY,DAYLIGHT,N/A,NONE DETECTED,NONE DETECTED,B5273266-CDE9-430A-BA77-9F9B62F5D5D5,PEDESTRIAN,Standing,IN ROADWAY IMPROPERLY,ON ROADWAY NOT AT CROSSWALK,Yes,NO APPARENT INJURY,N/A,39.15479088,-77.09495999,"(39.15479088, -77.09495999)"
MCP2351002B,180039734,Montgomery County Police,Injury Crash,08/10/2018 10:47:00 AM,County,BOU AVE,SPUR TO CHAPMAN AVE,,N/A,BICYCLIST,OTHER,CLEAR,DRY,DAYLIGHT,YIELD SIGN,UNKNOWN,NONE DETECTED,268A5B02-7AB2-4A12-8CAF-A5EB4500125D,BICYCLIST,Walking/Riding w/Traffic,NO IMPROPER ACTIONS,ON ROADWAY AT CROSSWALK,No,SUSPECTED MINOR INJURY,UNKNOWN,39.05727446,-77.11769342,"(39.05727446, -77.11769342)"
MCP2689006G,190056912,Montgomery County Police,Injury Crash,11/25/2019 01:58:00 PM,,,,PARKING LOT OF 14921 SHADY GROVE RD,,PEDESTRIAN,SINGLE VEHICLE,CLEAR,,DAYLIGHT,NO CONTROLS,NONE DETECTED,NONE DETECTED,E75E2FF6-5524-49EF-AB17-E52A1E20833F,PEDESTRIAN,Other,NO IMPROPER ACTIONS,OTHER,No,NO APPARENT INJURY,NONE,39.09691989,-77.19311992,"(39.09691989, -77.19311992)"
DD5595001T,15051821,ROCKVILLE,Injury Crash,10/12/2015 08:55:00 PM,Maryland (State),FREDERICK RD,KING FARM BLVD,,ROCKVILLE,PEDESTRIAN,OTHER,CLEAR,DRY,DARK LIGHTS ON,TRAFFIC SIGNAL,NONE DETECTED,UNKNOWN,68D9FCF7-05F4-4139-BE3C-68901E63958E,PEDESTRIAN,Cross/Enter not at Intersection,DART DASH,ON ROADWAY NOT AT CROSSWALK,Yes,POSSIBLE INJURY,N/A,39.11727569,-77.16902018,"(39.11727569, -77.16902018)"
MCP12330039,190048743,Montgomery County Police,Injury Crash,10/10/2019 07:26:00 PM,,,,10526 CONNECTICUT AVE. (PARKING LOT) KENSINGTON,,PEDESTRIAN,HEAD ON LEFT TURN,CLEAR,,DARK NO LIGHTS,NO CONTROLS,NONE DETECTED,NONE DETECTED,5A8F3038-3484-44BD-BC2E-D6734078D5BE,PEDESTRIAN,Other,NO IMPROPER ACTIONS,OTHER,No,SUSPECTED MINOR INJURY,N/A,39.02790167,-77.07686167,"(39.02790167, -77.07686167)"
MCP2752005B,230023160,Montgomery County Police,Injury Crash,05/14/2023 07:45:00 PM,County,SEVEN LOCKS RD,ROSEHILL DR,,N/A,PEDESTRIAN,SINGLE VEHICLE,CLEAR,DRY,DAYLIGHT,NO CONTROLS,N/A,N/A,E392074E-95F2-4AFE-B6FE-98351CA94AF6,PEDESTRIAN,Other,OTHER,OTHER,No,SUSPECTED SERIOUS INJURY,N/A,39.009145,-77.159735,"(39.009145, -77.159735)"
MCP3039004G,190045636,Montgomery County Police,Injury Crash,09/23/2019 07:30:00 PM,,,,SIDEWALK AT 8100 BLOCK OF GEORGIA AVENUE,,"BICYCLIST, PEDESTRIAN",SAME DIR REAR END,CLEAR,,DARK LIGHTS ON,NO CONTROLS,,NONE DETECTED,3D3BE0F3-D1F6-4781-87E9-DC7B4A5C7597,PEDESTRIAN,Walking/Cycling on Sidewalk,NO IMPROPER ACTIONS,SIDEWALK,No,SUSPECTED MINOR INJURY,N/A,38.99117,-77.02694,"(38.99117, -77.02694)"
MCP3026008S,220051197,Montgomery County Police,Injury Crash,11/19/2022 12:39:00 PM,County,W PARKHILL DR,CHANUTE DR,,N/A,PEDESTRIAN,OTHER,CLEAR,DRY,DAYLIGHT,NO CONTROLS,NONE DETECTED,NONE DETECTED,3873A2E6-7D65-4C81-BF8D-FAC16D869B7D,PEDESTRIAN,Getting off/on Vehicle,OTHER,ON ROADWAY NOT AT CROSSWALK,Yes,SUSPECTED SERIOUS INJURY,REFLECTIVE CLOTHING,39.00577383,-77.09149667,"(39.00577383, -77.09149667)"
MCP30110021,170550221,Montgomery County Police,Injury Crash,12/22/2017 05:49:00 PM,Maryland (State),OLD GEORGETOWN RD,BEECH AVE,,N/A,PEDESTRIAN,SINGLE VEHICLE,RAINING,WET,DARK LIGHTS ON,TRAFFIC SIGNAL,NONE DETECTED,NONE DETECTED,E847391A-5087-485E-BE33-1D227D6CB979,PEDESTRIAN,Cross/Enter at Intersection,FAILURE TO OBEY TRAFFIC SIGNS SIGNALS OR OFFICER,ON ROADWAY AT CROSSWALK,Yes,SUSPECTED MINOR INJURY,NONE,39.00971833,-77.11476667,"(39.00971833, -77.11476667)"
MCP23990052,210044183,Montgomery County Police,Injury Crash,11/01/2021 07:37:00 PM,County,ROTHBURY DR,ARROWHEAD RD,,N/A,PEDESTRIAN,OTHER,CLEAR,DRY,DARK NO LIGHTS,STOP SIGN,NONE DETECTED,NONE DETECTED,BCF15EBB-B84D-42BC-8FFE-452829B9B7E2,PEDESTRIAN,Cross/Enter at Intersection,NO IMPROPER ACTIONS,ON ROADWAY AT CROSSWALK,No,SUSPECTED MINOR INJURY,NONE,39.185115,-77.19390333,"(39.185115, -77.19390333)"
MCP2764000R,15032702,MONTGOMERY,Injury Crash,07/04/2015 07:04:00 PM,Maryland (State),VEIRS MILL RD,VALLEYWOOD DR,,N/A,PEDESTRIAN,OTHER,N/A,N/A,DAYLIGHT,NO CONTROLS,NONE DETECTED,NONE DETECTED,D7EF38EC-C4E7-4D7D-BA33-25E6CEAC3240,PEDESTRIAN,Cross/Enter not at Intersection,DART DASH,ON ROADWAY AT CROSSWALK,Unknown,POSSIBLE INJURY,NONE,39.04960212,-77.0709157,"(39.04960212, -77.0709157)"
MCP2637003S,200037858,Montgomery County Police,Injury Crash,09/26/2020 01:04:00 PM,County,DUFIEF MILL RD,AMBERLEA FARM DR,,N/A,BICYCLIST,OTHER,CLOUDY,DRY,DAYLIGHT,STOP SIGN,NONE DETECTED,N/A,EE011378-8F0F-46A0-8B13-4CDCFC6A568F,BICYCLIST,Cross/Enter at Intersection,FAILURE TO YIELD RIGHT OF WAY,AT INTERSECTION BUT NO CROSSWALK,Yes,POSSIBLE INJURY,NONE,39.08889585,-77.23580151,"(39.08889585, -77.23580151)"
MCP2617006T,190002554,Montgomery County Police,Injury Crash,01/16/2019 05:50:00 PM,Maryland (State),GEORGIA AVE,HEWITT AVE,,N/A,PEDESTRIAN,SINGLE VEHICLE,CLOUDY,WET,DARK LIGHTS ON,TRAFFIC SIGNAL,NONE DETECTED,NONE DETECTED,B78E6381-02E4-4D3D-A786-D12ECB76C428,PEDESTRIAN,Cross/Enter at Intersection,DART DASH,ON ROADWAY AT CROSSWALK,Yes,SUSPECTED SERIOUS INJURY,NONE,39.05769833,-77.05041667,"(39.05769833, -77.05041667)"
MCP25630015,210036112,Montgomery County Police,Fatal Crash,09/13/2021 08:59:00 PM,Maryland (State),VEIRS MILL RD,FERRARA AVE,,N/A,PEDESTRIAN,SINGLE VEHICLE,CLEAR,DRY,DARK LIGHTS ON,TRAFFIC SIGNAL,NONE DETECTED,MEDICATION PRESENT,FA1D908E-7495-4D85-A577-CCEA7C376ACA,PEDESTRIAN,Cross/Enter at Intersection,FAILURE TO OBEY TRAFFIC SIGNS SIGNALS OR OFFICER,ON ROADWAY AT CROSSWALK,Yes,FATAL INJURY,NONE,39.052929,-77.076971,"(39.052929, -77.076971)"
MCP3173000K,190025858,Montgomery County Police,Injury Crash,06/12/2019 07:14:00 AM,County,BRUNETT AVE,UNIVERSITY BLVD W,,N/A,PEDESTRIAN,OTHER,CLEAR,DRY,DAWN,STOP SIGN,NONE DETECTED,NONE DETECTED,76D55415-2161-40C9-B09F-7417751F5019,PEDESTRIAN,Cross/Enter at Intersection,NO IMPROPER ACTIONS,ON ROADWAY AT CROSSWALK,No,POSSIBLE INJURY,N/A,39.0229374,-77.01688638,"(39.0229374, -77.01688638)"
MCP29710036,170538587,Montgomery County Police,Injury Crash,10/24/2017 05:52:00 PM,County,FORSYTHIA TERR,FORSYTHIA LA,,N/A,PEDESTRIAN,SINGLE VEHICLE,CLEAR,DRY,DAYLIGHT,NO CONTROLS,,NONE DETECTED,079B69DC-DB92-4B06-BE3F-89F6192BCDCD,PEDESTRIAN,Standing,NO IMPROPER ACTIONS,OTHER,No,SUSPECTED MINOR INJURY,NONE,39.09914777,-76.94162786,"(39.09914777, -76.94162786)"
MCP26010009,15056452,MONTGOMERY,Injury Crash,11/05/2015 08:48:00 PM,Maryland (State),EAST WEST HWY,ENT TO SHOPPING CENTER,,N/A,PEDESTRIAN,OTHER,FOGGY,WET,DARK LIGHTS ON,TRAFFIC SIGNAL,N/A,NONE DETECTED,45C1F4C9-29EA-45C1-91B9-0ADB27248E10,PEDESTRIAN,Cross/Enter at Intersection,FAILURE TO OBEY TRAFFIC SIGNS SIGNALS OR OFFICER,ON ROADWAY AT CROSSWALK,Yes,SUSPECTED MINOR INJURY,N/A,38.99282158,-77.03160524,"(38.99282158, -77.03160524)"
MCP9134000G,16060824,Montgomery County Police,Injury Crash,11/26/2016 10:57:00 PM,County,WAYNE AVE,GEORGIA AVE,,N/A,PEDESTRIAN,OTHER,CLEAR,DRY,DARK LIGHTS ON,TRAFFIC SIGNAL,NONE DETECTED,ALCOHOL PRESENT,A8332BA4-EACB-4534-A1EF-AFFBFE2487BF,PEDESTRIAN,Cross/Enter at Intersection,IN ROADWAY IMPROPERLY,ON ROADWAY AT CROSSWALK,Yes,SUSPECTED MINOR INJURY,NONE,38.99450833,-77.02728667,"(38.99450833, -77.02728667)"