Report Number,Local Case Number,Agency Name,ACRS Report Type,Crash Date/Time,Route Type,Road Name,Cross-Street Name,Off-Road Description,Municipality,Related Non-Motorist,Collision Type,Weather,Surface Condition,Light,Traffic Control,Driver Substance Abuse,Non-Motorist Substance Abuse,Person ID,Pedestrian Type,Pedestrian Movement,Pedestrian Actions,Pedestrian Location,At Fault,Injury Severity,Safety Equipment,Latitude,Longitude,Location
MCP2398001N,170512886,Montgomery County Police,Injury Crash,06/10/2017 12:46:00 PM,Maryland (State),CLOPPER RD,PARKRIDGE DR,,N/A,PEDESTRIAN,STRAIGHT MOVEMENT ANGLE,CLEAR,DRY,DAYLIGHT,NO CONTROLS,NONE DETECTED,NONE DETECTED,55BCE39B-EE0A-4E9A-820F-A587F71498B0,PEDESTRIAN,Cross/Enter at Intersection,IN ROADWAY IMPROPERLY,ON ROADWAY NOT AT CROSSWALK,Yes,SUSPECTED MINOR INJURY,NONE,39.1485,-77.239515,"(39.1485, -77.239515)"
MCP27530027,170504937,Montgomery County Police,Injury Crash,04/29/2017 01:42:00 PM,,,,IN FRONT OF 3834 INTERNATIONAL DRIVE,,PEDESTRIAN,OTHER,CLEAR,,DAYLIGHT,NO CONTROLS,NONE DETECTED,NONE DETECTED,53376429-D91A-4848-B6C8-E9B2E4D8047B,PEDESTRIAN,Cross/Enter not at Intersection,UNKNOWN,ON ROADWAY NOT AT CROSSWALK,No,SUSPECTED MINOR INJURY,N/A,39.10255333,-77.07530833,"(39.10255333, -77.07530833)"
MCP3093004R,230009853,Montgomery County Police,Injury Crash,02/27/2023 07:13:00 PM,Maryland (State),WISCONSIN AVE,STANFORD ST,,N/A,PEDESTRIAN,N/A,RAINING,WET,DARK LIGHTS ON,TRAFFIC SIGNAL,N/A,N/A,5962FCB2-B52F-4AAD-A060-61A591C1D5BF,PEDESTRIAN,Cross/Enter at Intersection,NO IMPROPER ACTIONS,AT INTERSECTION MARKED CROSSWALK,No,POSSIBLE INJURY,NONE,38.99124667,-77.09745,"(38.99124667, -77.09745)"
DD5633004V,210001084,Rockville Police Departme,Injury Crash,01/09/2021 01:00:00 PM,Municipality,BROADWOOD DR,VEIRS MILL RD,,N/A,PEDESTRIAN,OTHER,CLEAR,DRY,DAYLIGHT,TRAFFIC SIGNAL,NONE DETECTED,NONE DETECTED,8E471E0F-353B-4DFF-8770-490355BD921F,PEDESTRIAN,Cross/Enter at Intersection,NO IMPROPER ACTIONS,ON ROADWAY AT CROSSWALK,No,POSSIBLE INJURY,NONE,39.07720979,-77.12379602,"(39.07720979, -77.12379602)"
MCP3233003Q,220056862,Montgomery County Police,Injury Crash,12/22/2022 05:54:00 PM,,,,PARKING LOT OF 1408 HAMPSHIRE WEST COURT,,PEDESTRIAN,SINGLE VEHICLE,RAINING,,DARK LIGHTS ON,NO CONTROLS,NONE DETECTED,NONE DETECTED,695278A4-5252-4111-86F0-4E30EC866F7B,PEDESTRIAN,Standing,NO IMPROPER ACTIONS,OTHER,No,POSSIBLE INJURY,NONE,39.03112033,-77.0041575,"(39.03112033, -77.0041575)"
MCP3097002S,220034594,Montgomery County Police,Injury Crash,08/11/2022 07:42:00 PM,County,SCHUBERT DR,PIANO LA,,N/A,PEDESTRIAN,HEAD ON LEFT TURN,N/A,N/A,DAYLIGHT,STOP SIGN,NONE DETECTED,NONE DETECTED,AD1F3E01-75A2-4AAF-B9F2-4B6006DF4579,PEDESTRIAN,Cross/Enter at Intersection,NO IMPROPER ACTIONS,ON ROADWAY AT CROSSWALK,No,SUSPECTED MINOR INJURY,N/A,39.07104,-76.94924,"(39.07104, -76.94924)"
MCP2845005Z,190061950,Montgomery County Police,Injury Crash,12/24/2019 02:11:00 PM,Maryland (State),UNIVERSITY BLVD E,COLESVILLE RD,,N/A,PEDESTRIAN,STRAIGHT MOVEMENT ANGLE,CLEAR,DRY,DAYLIGHT,TRAFFIC SIGNAL,NONE DETECTED,NONE DETECTED,87A51E90-AA75-450F-8B4D-4C796DBF4D90,PEDESTRIAN,Cross/Enter at Intersection,NO IMPROPER ACTIONS,ON ROADWAY AT CROSSWALK,No,SUSPECTED MINOR INJURY,N/A,39.01948333,-77.01361817,"(39.01948333, -77.01361817)"
MCP29410021,170515017,Montgomery County Police,Injury Crash,06/21/2017 07:40:00 PM,County,FENTON ST,WAYNE AVE,,N/A,PEDESTRIAN,SINGLE VEHICLE,CLEAR,DRY,DAYLIGHT,NO CONTROLS,NONE DETECTED,N/A,8727DA2A-4FC5-4077-BBB6-34062F2AED9A,PEDESTRIAN,Cross/Enter at Intersection,DART DASH,AT INTERSECTION MARKED CROSSWALK,Unknown,POSSIBLE INJURY,NONE,38.99609445,-77.02474952,"(38.99609445, -77.02474952)"
MCP3364000H,230023416,Montgomery County Police,Injury Crash,05/16/2023 09:07:00 AM,County,BALTIMORE RD,STRUC #M0201 ROCK CREEK,,N/A,BICYCLIST,STRAIGHT MOVEMENT ANGLE,CLEAR,DRY,DAYLIGHT,N/A,N/A,N/A,79E62044-B893-4D70-989C-5E00CB5DA418,BICYCLIST,Cross/Enter at Intersection,NO IMPROPER ACTIONS,ON ROADWAY AT CROSSWALK,No,SUSPECTED MINOR INJURY,MC/BIKE HELMET,39.09074562,-77.11497145,"(39.09074562, -77.11497145)"
MCP28530094,230054525,Montgomery County Police,Injury Crash,09/12/2023 08:11:00 PM,Maryland (State),NEW HAMPSHIRE AVE,OAKVIEW DR,,N/A,PEDESTRIAN,OTHER,CLEAR,DRY,DARK LIGHTS ON,TRAFFIC SIGNAL,N/A,N/A,2DE75110-E3A7-4BC9-82C0-EDB7002927D9,PEDESTRIAN,Cross/Enter at Intersection,UNKNOWN,AT INTERSECTION MARKED CROSSWALK,Unknown,SUSPECTED SERIOUS INJURY,N/A,39.015375,-76.97764833,"(39.015375, -76.97764833)"
MCP3109003G,190053471,Montgomery County Police,Property Damage Crash,11/06/2019 01:30:00 PM,,,,DRIVEWAY AT 8120 GEORGIA AVE,,MACHINE OPERATOR/RIDER,STRAIGHT MOVEMENT ANGLE,CLEAR,,DAYLIGHT,NO CONTROLS,NONE DETECTED,NONE DETECTED,A9E7C80C-C0F0-4EC5-9600-47E117B9A6B4,MACHINE OPERATOR/RIDER,Walking/Cycling on Sidewalk,NO IMPROPER ACTIONS,SIDEWALK,No,NO APPARENT INJURY,NONE,38.99114467,-77.02677867,"(38.99114467, -77.02677867)"
MCP10480015,16001954,Montgomery County Police,Injury Crash,01/11/2016 03:20:00 PM,County,SHADY GROVE RD,GAITHER RD,,ROCKVILLE,PEDESTRIAN,SINGLE VEHICLE,CLEAR,DRY,DAYLIGHT,TRAFFIC SIGNAL,NONE DETECTED,NONE DETECTED,AE31FB1B-2200-4977-BE05-546F0AF4FDE6,PEDESTRIAN,Cross/Enter at Intersection,NO IMPROPER ACTIONS,AT INTERSECTION MARKED CROSSWALK,No,POSSIBLE INJURY,N/A,39.11768833,-77.18371,"(39.11768833, -77.18371)"
MCP3034000H,170500805,Montgomery County Police,Property Damage Crash,04/06/2017 11:30:00 PM,,,,PARKING LOT OF TGI FRIDAYS OF TECH RD,,PEDESTRIAN,OTHER,CLEAR,,DARK LIGHTS ON,N/A,UNKNOWN,NONE DETECTED,CE64B78F-85FC-4231-B942-E1126DC776B9,PEDESTRIAN,Standing,NO IMPROPER ACTIONS,OTHER,No,NO APPARENT INJURY,N/A,39.0570339,-76.96662068,"(39.0570339, -76.96662068)"
DM84530018,180001530,Takoma Park Police Depart,Injury Crash,01/10/2018 05:28:00 PM,Maryland (State),PHILADELPHIA AVE,CEDAR AVE,,TAKOMA PARK,PEDESTRIAN,OTHER,CLEAR,DRY,DARK LIGHTS ON,N/A,NONE DETECTED,NONE DETECTED,5DE3B58E-2342-40F5-B28E-41E8607699DB,PEDESTRIAN,Cross/Enter at Intersection,UNKNOWN,ON ROADWAY AT CROSSWALK,Unknown,SUSPECTED MINOR INJURY,N/A,38.9811485,-77.01110378,"(38.9811485, -77.01110378)"
DD5633004D,200043647,Rockville Police Departme,Injury Crash,11/05/2020 11:45:00 AM,Municipality,MONROE PL,ROCKVILLE PIKE,,N/A,PEDESTRIAN,OTHER,CLEAR,DRY,DAYLIGHT,TRAFFIC SIGNAL,NONE DETECTED,NONE DETECTED,3B3A4C6E-708F-4A0C-9F05-CA254DD819A7,PEDESTRIAN,Cross/Enter at Intersection,INATTENTIVE,ON ROADWAY AT CROSSWALK,No,POSSIBLE INJURY,NONE,39.08344462,-77.14695636,"(39.08344462, -77.14695636)"
MCP137800C5,16046874,Montgomery County Police,Injury Crash,09/13/2016 08:37:00 AM,County,STEDWICK RD,MONTGOMERY VILLAGE AVE,,N/A,PEDESTRIAN,SINGLE VEHICLE,CLEAR,DRY,DAYLIGHT,NO CONTROLS,NONE DETECTED,UNKNOWN,383ADC03-E98E-49BA-B544-9A0D5DD2961C,PEDESTRIAN,Cross/Enter not at Intersection,DART DASH,ON ROADWAY NOT AT CROSSWALK,Yes,SUSPECTED MINOR INJURY,N/A,39.16975333,-77.20488333,"(39.16975333, -77.20488333)"
MCP3037003H,210021829,Montgomery County Police,Injury Crash,06/08/2021 04:17:00 PM,,YORK MILL LANE,HAVENWORTH LANE,,N/A,BICYCLIST,STRAIGHT MOVEMENT ANGLE,CLEAR,DRY,DAYLIGHT,NO CONTROLS,NONE DETECTED,NONE DETECTED,CA971408-4A1A-482B-898F-61AEEDAD3543,BICYCLIST,Cross/Enter not at Intersection,INATTENTIVE,N/A,Yes,SUSPECTED MINOR INJURY,NONE,39.22041904,-77.26438831,"(39.22041904, -77.26438831)"
MCP3112005P,210049341,Montgomery County Police,Injury Crash,12/05/2021 09:10:00 AM,Maryland (State),BRADLEY BLVD,FAIRFAX RD,,N/A,PEDESTRIAN,OTHER,CLEAR,DRY,DAYLIGHT,TRAFFIC SIGNAL,NONE DETECTED,NONE DETECTED,2E6DA2BC-A214-4943-8D1A-4B451F841F5F,PEDESTRIAN,Cross/Enter at Intersection,NO IMPROPER ACTIONS,ON ROADWAY AT CROSSWALK,No,SUSPECTED MINOR INJURY,NONE,38.97769577,-77.10072667,"(38.97769577, -77.10072667)"
MCP22600020,180009993,Montgomery County Police,Injury Crash,02/26/2018 07:34:00 AM,Municipality,W EDMONSTON DR,WOOTTON PKWY,,ROCKVILLE,PEDESTRIAN,OTHER,N/A,DRY,DARK LIGHTS ON,OTHER,N/A,N/A,E433CC09-8F0B-48CF-BDFB-11410FC193B5,PEDESTRIAN,Cross/Enter at Intersection,NO IMPROPER ACTIONS,ON ROADWAY AT CROSSWALK,No,SUSPECTED MINOR INJURY,NONE,39.0736,-77.13734167,"(39.0736, -77.13734167)"
MCP0617003J,220010472,Montgomery County Police,Injury Crash,03/11/2022 08:00:00 AM,County,FAIRLAND RD,TAMARACK RD,,N/A,BICYCLIST,SAME DIRECTION RIGHT TURN,CLEAR,DRY,DAYLIGHT,NO CONTROLS,NONE DETECTED,NONE DETECTED,6E6EBA90-B599-4F00-A47E-4860FFD11330,BICYCLIST,Walking/Riding w/Traffic,NO IMPROPER ACTIONS,SHOULDER,No,SUSPECTED MINOR INJURY,MC/BIKE HELMET,39.07779667,-76.97765667,"(39.07779667, -76.97765667)"
MCP1015000Q,16039202,Montgomery County Police,Injury Crash,08/03/2016 08:08:00 AM,Maryland (State),FREDERICK RD,MIDDLEBROOK RD,,N/A,PEDESTRIAN,SINGLE VEHICLE,CLOUDY,DRY,DAYLIGHT,TRAFFIC SIGNAL,NONE DETECTED,NONE DETECTED,93D9CD44-22D6-4E2C-AFD6-611DFB10BC2D,PEDESTRIAN,Cross/Enter at Intersection,NO IMPROPER ACTIONS,AT INTERSECTION MARKED CROSSWALK,No,POSSIBLE INJURY,NONE,39.181275,-77.237905,"(39.181275, -77.237905)"
MCP2948000N,15066287,MONTGOMERY,Injury Crash,12/26/2015 07:01:00 PM,County,RANDOLPH RD,GLENMONT CIR #1,,N/A,PEDESTRIAN,SINGLE VEHICLE,RAINING,WET,DARK LIGHTS ON,NO CONTROLS,NONE DETECTED,ALCOHOL PRESENT,E0B21649-0015-446B-A062-2DB8CFDDE832,PEDESTRIAN,Cross/Enter not at Intersection,IN ROADWAY IMPROPERLY,ON ROADWAY NOT AT CROSSWALK,Yes,POSSIBLE INJURY,NONE,39.059115,-77.04746667,"(39.059115, -77.04746667)"
DD5540001L,220004798,Rockville Police Departme,Injury Crash,02/03/2022 09:40:00 PM,,,,16001 SHADY GROVE RD,,PEDESTRIAN,OTHER,RAINING,,DARK LIGHTS ON,TRAFFIC SIGNAL,NONE DETECTED,ALCOHOL PRESENT,D5DE4AEE-96BF-4596-97E6-4C062CA7E65A,PEDESTRIAN,Other,OTHER,OTHER,Yes,SUSPECTED SERIOUS INJURY,NONE,39.11910052,-77.18213407,"(39.11910052, -77.18213407)"
MCP32640021,210040195,Montgomery County Police,Injury Crash,10/08/2021 02:23:00 PM,County,FENTON ST,BONIFANT ST,,N/A,MACHINE OPERATOR/RIDER,SAME DIRECTION LEFT TURN,CLOUDY,DRY,DAYLIGHT,TRAFFIC SIGNAL,NONE DETECTED,NONE DETECTED,8E0850D3-98D1-4D38-9BBA-C2BD722D4AF9,MACHINE OPERATOR/RIDER,Cross/Enter at Intersection,NO IMPROPER ACTIONS,ON ROADWAY AT CROSSWALK,No,SUSPECTED MINOR INJURY,NONE,38.99447,-77.02404833,"(38.99447, -77.02404833)"
MCP2698000R,15018521,Montgomery County Police,Injury Crash,04/20/2015 02:20:00 PM,,,,"3470 Olney Laytonsville Rd (Ledos Pizza)
Olney, MD 20832  - Occurred in parking retail parking lot.",,PEDESTRIAN,SINGLE VEHICLE,CLEAR,,DAYLIGHT,NO CONTROLS,NONE DETECTED,NONE DETECTED,44A52EB6-C7DF-4985-ACFD-316C686A3156,PEDESTRIAN,Cross/Enter not at Intersection,UNKNOWN,N/A,,POSSIBLE INJURY,N/A,39.15321833,-77.06855,"(39.15321833, -77.06855)"
MCP2899001H,17012306,Montgomery County Police,Injury Crash,03/08/2017 10:20:00 PM,County,OLD COLUMBIA PIKE,CARRIAGE HOUSE TERR,,N/A,PEDESTRIAN,OTHER,CLEAR,DRY,DARK LIGHTS ON,NO CONTROLS,NONE DETECTED,NONE DETECTED,0C430265-E6D9-47AF-86A0-51570F2CB14A,PEDESTRIAN,Cross/Enter not at Intersection,FAILURE TO YIELD RIGHT OF WAY,ON ROADWAY NOT AT CROSSWALK,Yes,SUSPECTED MINOR INJURY,NONE,39.04856833,-76.982025,"(39.04856833, -76.982025)"
MCP3257000P,200034335,Montgomery County Police,Property Damage Crash,09/02/2020 01:50:00 PM,Municipality,FRIENDSHIP BLVD,N PARK AVE,,FRIENDSHIP HEIGHTS,PEDESTRIAN,OTHER,CLEAR,DRY,DAYLIGHT,STOP SIGN,NONE DETECTED,NONE DETECTED,98716E78-8C3D-490A-9747-3BE9A2916FF3,PEDESTRIAN,Cross/Enter at Intersection,NO IMPROPER ACTIONS,AT INTERSECTION MARKED CROSSWALK,No,NO APPARENT INJURY,NONE,38.9636837,-77.08938367,"(38.9636837, -77.08938367)"
MCP30900039,190050499,Montgomery County Police,Injury Crash,10/21/2019 02:10:00 PM,Maryland (State),GREAT SENECA HWY,SAM EIG HWY,,N/A,BICYCLIST,SINGLE VEHICLE,CLEAR,DRY,DAYLIGHT,N/A,N/A,N/A,71DBD9CC-AAA9-4415-83FC-1A96D0F6F76E,BICYCLIST,Cross/Enter not at Intersection,INATTENTIVE,ON ROADWAY AT CROSSWALK,Yes,SUSPECTED MINOR INJURY,MC/BIKE HELMET,39.10767767,-77.20985694,"(39.10767767, -77.20985694)"
MCP27660032,17003170,Montgomery County Police,Injury Crash,01/18/2017 08:57:00 AM,,,,ENTRANCE TO WENDY'S PARKING LOT LOCATED AT 14012 CONNECTICUT AVE,,PEDESTRIAN,STRAIGHT MOVEMENT ANGLE,CLEAR,,DARK LIGHTS ON,NO CONTROLS,NONE DETECTED,NONE DETECTED,8B0BF75F-2DEF-46AD-8C0F-9C1A230D1B4E,PEDESTRIAN,Walking/Cycling on Sidewalk,NO IMPROPER ACTIONS,SIDEWALK,No,POSSIBLE INJURY,NONE,39.08450333,-77.07663833,"(39.08450333, -77.07663833)"
MCP29690080,190059575,Montgomery County Police,Injury Crash,12/10/2019 08:17:00 PM,Maryland (State),GEORGIA AVE,REEDIE DR,,N/A,PEDESTRIAN,STRAIGHT MOVEMENT ANGLE,RAINING,WET,DARK LIGHTS ON,TRAFFIC SIGNAL,NONE DETECTED,NONE DETECTED,816748B8-051B-484E-83CE-66E70A8011FE,PEDESTRIAN,Cross/Enter at Intersection,NO IMPROPER ACTIONS,ON ROADWAY AT CROSSWALK,No,POSSIBLE INJURY,NONE,39.03867825,-77.05076723,"(39.03867825, -77.05076723)"
MCP31130054,230024361,Montgomery County Police,Injury Crash,05/21/2023 03:04:00 PM,,CULLINGWORTH ROAD,BLACKBURN LANE,,N/A,OTHER,SINGLE VEHICLE,CLEAR,DRY,DAYLIGHT,NO CONTROLS,N/A,N/A,36948948-CAEA-415E-AD96-5D8D12BAB511,OTHER,N/A,NO IMPROPER ACTIONS,INSIDE BUILDING,No,POSSIBLE INJURY,N/A,39.10299576,-76.9300546,"(39.10299576, -76.9300546)"
MCP2730000V,16041084,Montgomery County Police,Injury Crash,08/13/2016 12:45:00 PM,County,WATERS LANDING DR,FATHER HURLEY BLVD,,N/A,PEDESTRIAN,OTHER,CLEAR,DRY,DAYLIGHT,TRAFFIC SIGNAL,NONE DETECTED,NONE DETECTED,2A35316D-4EC1-4D22-98EA-0B90FFD4BA23,PEDESTRIAN,Cross/Enter at Intersection,NO IMPROPER ACTIONS,SIDEWALK,No,SUSPECTED MINOR INJURY,N/A,39.19165325,-77.2718668,"(39.19165325, -77.2718668)"
MCP1475000Q,16015424,Montgomery County Police,Injury Crash,03/29/2016 06:00:00 PM,,,,PARKING LOT OF 9659 LOST KNIFE ROAD,,PEDESTRIAN,OTHER,CLEAR,,DAYLIGHT,N/A,NONE DETECTED,UNKNOWN,5B9D77E5-AA15-4692-8600-B4C466C77A47,PEDESTRIAN,Cross/Enter not at Intersection,IN ROADWAY IMPROPERLY,ON ROADWAY NOT AT CROSSWALK,Yes,SUSPECTED MINOR INJURY,N/A,39.153467,-77.198422,"(39.153467, -77.198422)"
MCP2871009C,230068789,Montgomery County Police,Injury Crash,11/28/2023 06:07:00 PM,Maryland (State),ROCKVILLE PIKE,CEDAR LA,,N/A,PEDESTRIAN,OTHER,CLEAR,DRY,DARK LIGHTS ON,TRAFFIC SIGNAL,NONE DETECTED,NONE DETECTED,F844D7FB-FF91-4FAA-9C03-4F3DEA4F3096,PEDESTRIAN,Cross/Enter not at Intersection,DART DASH,ON ROADWAY NOT AT CROSSWALK,Yes,POSSIBLE INJURY,NONE,39.00666,-77.097365,"(39.00666, -77.097365)"
MCP3090005S,220009778,Montgomery County Police,Injury Crash,03/07/2022 10:30:00 AM,County,YANKEE HARBOR DR,EAST VILLAGE AVE,,N/A,PEDESTRIAN,SINGLE VEHICLE,CLEAR,DRY,DAYLIGHT,STOP SIGN,N/A,N/A,DD923E11-3B09-4262-8069-2DE2373F21AB,PEDESTRIAN,Cross/Enter at Intersection,NO IMPROPER ACTIONS,AT INTERSECTION BUT NO CROSSWALK,No,SUSPECTED MINOR INJURY,N/A,39.18818079,-77.15921172,"(39.18818079, -77.15921172)"
MCP2439000K,15043068,MONTGOMERY,Injury Crash,08/27/2015 05:45:00 PM,County,MONTGOMERY VILLAGE AVE,WALKERS CHOICE RD,,N/A,BICYCLIST,OTHER,CLEAR,DRY,DAYLIGHT,NO CONTROLS,N/A,N/A,AA17353D-5F98-46F1-A201-9784DB94E045,BICYCLIST,Walking/Riding against Traffic,IN ROADWAY IMPROPERLY,OUTSIDE RIGHT OF WAY,Yes,SUSPECTED MINOR INJURY,NONE,39.16538881,-77.20480084,"(39.16538881, -77.20480084)"
DD55270031,200004842,Rockville Police Departme,Injury Crash,01/29/2020 06:20:00 PM,Municipality,E GUDE DR,TAFT CT,,ROCKVILLE,PEDESTRIAN,OTHER,CLEAR,DRY,DARK LIGHTS ON,TRAFFIC SIGNAL,NONE DETECTED,NONE DETECTED,B2FF3259-9888-406E-8CA1-DBB42F758D2B,PEDESTRIAN,Cross/Enter not at Intersection,FAILURE TO YIELD RIGHT OF WAY,ON ROADWAY NOT AT CROSSWALK,Yes,SUSPECTED MINOR INJURY,NONE,39.09489167,-77.12065,"(39.09489167, -77.12065)"
MCP00360028,15016239,Montgomery County Police,Injury Crash,04/08/2015 11:00:00 AM,County,WISTERIA DR,GREAT SENECA HWY,,N/A,PEDESTRIAN,SINGLE VEHICLE,CLOUDY,WET,DAYLIGHT,TRAFFIC SIGNAL,NONE DETECTED,NONE DETECTED,02007B22-564F-4F13-B112-1940EFECD448,PEDESTRIAN,Cross/Enter at Intersection,NO IMPROPER ACTIONS,ON ROADWAY AT CROSSWALK,,POSSIBLE INJURY,N/A,39.17119478,-77.26294041,"(39.17119478, -77.26294041)"
MCP2809001J,15004314,Montgomery County Police,Injury Crash,01/26/2015 07:00:00 AM,Maryland (State),UNIVERSITY BLVD W,CADDINGTON AVE,,N/A,PEDESTRIAN,OTHER,RAINING,WET,DAWN,TRAFFIC SIGNAL,UNKNOWN,N/A,4A719E47-0EEC-4243-80A5-0CE8D8AF52E1,PEDESTRIAN,Walking to/from school,UNKNOWN,UNKNOWN,,POSSIBLE INJURY,NONE,39.03357,-77.0238,"(39.03357, -77.0238)"
MCP2633000R,15063411,MONTGOMERY,Injury Crash,12/11/2015 08:54:00 PM,Maryland (State),WOODFIELD RD,MUNCASTER MILL RD,,N/A,PEDESTRIAN,SINGLE VEHICLE,CLEAR,DRY,DARK -- UNKNOWN LIGHTING,NO CONTROLS,NONE DETECTED,ALCOHOL PRESENT,786AE399-3FF2-470F-9518-57E3189AA23D,PEDESTRIAN,Cross/Enter not at Intersection,IN ROADWAY IMPROPERLY,ON ROADWAY NOT AT CROSSWALK,Yes,POSSIBLE INJURY,NONE,39.16014333,-77.15950333,"(39.16014333, -77.15950333)"
MCP2753004F,190037980,Montgomery County Police,Injury Crash,08/09/2019 12:38:00 PM,,,,PARKING LOT OF 13781 CONNECTICUT AVE,,PEDESTRIAN,OTHER,CLEAR,,DAYLIGHT,NO CONTROLS,NONE DETECTED,NONE DETECTED,91441E91-F9BF-4938-97A2-E171C9AE16D3,PEDESTRIAN,Standing,NO IMPROPER ACTIONS,OTHER,No,SUSPECTED MINOR INJURY,N/A,39.079755,-77.07929833,"(39.079755, -77.07929833)"
MCP29730066,220038512,Montgomery County Police,Injury Crash,09/05/2022 06:00:00 PM,County,RANDOLPH RD,GEORGIA AVE,,N/A,BICYCLIST,OTHER,RAINING,WET,DAYLIGHT,TRAFFIC SIGNAL,N/A,NONE DETECTED,510E683D-2886-42E6-AAFB-CC3D2E151C88,BICYCLIST,Cross/Enter at Intersection,NO IMPROPER ACTIONS,ON ROADWAY AT CROSSWALK,No,SUSPECTED MINOR INJURY,NONE,39.060081,-77.089781,"(39.060081, -77.089781)"
MCP25120028,16049778,Montgomery County Police,Injury Crash,09/27/2016 07:51:00 PM,Maryland (State),CLOPPER RD,FIRSTFIELD RD,,GAITHERSBURG,PEDESTRIAN,STRAIGHT MOVEMENT ANGLE,CLEAR,DRY,DARK LIGHTS ON,NO CONTROLS,NONE DETECTED,NONE DETECTED,EF466B02-FF12-4FBE-B53A-392BB3E62146,PEDESTRIAN,Cross/Enter not at Intersection,FAILURE TO YIELD RIGHT OF WAY,ON ROADWAY NOT AT CROSSWALK,Yes,SUSPECTED MINOR INJURY,NONE,39.144595,-77.22561167,"(39.144595, -77.22561167)"
MCP2763002S,190058567,Montgomery County Police,Injury Crash,12/05/2019 09:03:00 AM,Maryland (State),MUNCASTER MILL RD,MUNCASTER RD,,N/A,PEDESTRIAN,OTHER,CLEAR,DRY,DAYLIGHT,TRAFFIC SIGNAL,NONE DETECTED,NONE DETECTED,40C01A80-731C-4A10-9D02-3E62778C53B8,PEDESTRIAN,Cross/Enter not at Intersection,IN ROADWAY IMPROPERLY,ON ROADWAY NOT AT CROSSWALK,Yes,POSSIBLE INJURY,NONE,39.14587705,-77.1445117,"(39.14587705, -77.1445117)"
MCP2116002P,15049994,MONTGOMERY,Injury Crash,10/02/2015 04:53:00 PM,Other Public Roadway,CORK TREE LA,ELMCROFT BLVD,,N/A,BICYCLIST,STRAIGHT MOVEMENT ANGLE,RAINING,WET,DAYLIGHT,NO CONTROLS,NONE DETECTED,NONE DETECTED,5677284C-8A68-4D4B-8980-A5147FE7B3DD,BICYCLIST,Cross/Enter at Intersection,NO IMPROPER ACTIONS,SHOULDER,No,SUSPECTED MINOR INJURY,NONE,39.11311833,-77.16742667,"(39.11311833, -77.16742667)"
MCP2678002C,200024623,Montgomery County Police,Injury Crash,06/24/2020 01:32:00 AM,Other Public Roadway,FIELDSTONE CT,FIELDSTONE RD,,N/A,PEDESTRIAN,SAME DIRECTION SIDESWIPE,CLEAR,DRY,DARK LIGHTS ON,N/A,N/A,ALCOHOL CONTRIBUTED,D0E8E287-62C4-4896-B3CC-434DA2F51910,PEDESTRIAN,Getting off/on Vehicle,WRONG WAY RIDING OR WALKING,OTHER,No,SUSPECTED SERIOUS INJURY,NONE,39.09993781,-77.02188151,"(39.09993781, -77.02188151)"
MCP115100B6,190051780,Montgomery County Police,Injury Crash,10/28/2019 07:30:00 AM,Maryland (State),DAMASCUS RD,LONG CORNER RD,,N/A,PEDESTRIAN,OTHER,CLEAR,DRY,DAYLIGHT,NO CONTROLS,NONE DETECTED,NONE DETECTED,2D4320CB-67BA-4C88-9398-C2F9AA5B2568,PEDESTRIAN,Other,IN ROADWAY IMPROPERLY,ON ROADWAY NOT AT CROSSWALK,Yes,SUSPECTED MINOR INJURY,N/A,39.27476883,-77.15725617,"(39.27476883, -77.15725617)"
MCP1301000J,16006794,Montgomery County Police,Injury Crash,02/09/2016 06:35:00 PM,Maryland (State),RIDGE RD,HOFFMAN DR,,N/A,PEDESTRIAN,SINGLE VEHICLE,CLOUDY,N/A,DARK LIGHTS ON,N/A,NONE DETECTED,UNKNOWN,8FC1768C-9775-4456-9EFB-4F2C5427A9FF,PEDESTRIAN,Unknown,DISABLED VEHICLE RELATED,SHOULDER,Unknown,SUSPECTED SERIOUS INJURY,REFLECTIVE CLOTHING,39.25131469,-77.23219156,"(39.25131469, -77.23219156)"
MCP22910065,220025975,Montgomery County Police,Injury Crash,06/16/2022 06:25:00 PM,County,WOODMONT AVE,RUGBY AVE,,N/A,PEDESTRIAN,OTHER,CLEAR,DRY,DAYLIGHT,NO CONTROLS,NONE DETECTED,NONE DETECTED,DBEE00AD-2431-4F87-A2C4-7337FE4FF347,PEDESTRIAN,Cross/Enter not at Intersection,IN ROADWAY IMPROPERLY,ON ROADWAY NOT AT CROSSWALK,Yes,SUSPECTED MINOR INJURY,N/A,38.99111846,-77.09678378,"(38.99111846, -77.09678378)"
MCP3111002K,200017558,Montgomery County Police,Injury Crash,04/29/2020 12:58:00 PM,Maryland (State),CONNECTICUT AVE,BRADLEY LA,,N/A,BICYCLIST,SINGLE VEHICLE,CLEAR,DRY,DAYLIGHT,TRAFFIC SIGNAL,UNKNOWN,NONE DETECTED,3B8FD2F1-E40C-4F12-B715-75B077D99CC3,BICYCLIST,Walking/Cycling on Sidewalk,UNKNOWN,SIDEWALK,Unknown,SUSPECTED MINOR INJURY,MC/BIKE HELMET,38.97672396,-77.0772812,"(38.97672396, -77.0772812)"
MCP3279002Q,230060930,Montgomery County Police,Injury Crash,10/16/2023 07:02:00 PM,Maryland (State),GEORGIA AVE,ARCOLA AVE,,N/A,PEDESTRIAN,SINGLE VEHICLE,CLEAR,N/A,DARK LIGHTS ON,TRAFFIC SIGNAL,NONE DETECTED,NONE DETECTED,1A1174BC-49DA-4B11-9DFB-668C0BC51E9A,PEDESTRIAN,Cross/Enter at Intersection,NO IMPROPER ACTIONS,ON ROADWAY AT CROSSWALK,No,SUSPECTED SERIOUS INJURY,NONE,39.04720007,-77.05195309,"(39.04720007, -77.05195309)"