Report Number,Local Case Number,Agency Name,ACRS Report Type,Crash Date/Time,Route Type,Road Name,Cross-Street Name,Off-Road Description,Municipality,Related Non-Motorist,Collision Type,Weather,Surface Condition,Light,Traffic Control,Driver Substance Abuse,Non-Motorist Substance Abuse,Person ID,Pedestrian Type,Pedestrian Movement,Pedestrian Actions,Pedestrian Location,At Fault,Injury Severity,Safety Equipment,Latitude,Longitude,Location
MCP27610020,180010217,Montgomery County Police,Injury Crash,02/27/2018 05:25:00 PM,,,,"PARKING LOT OF
19718 GERMANTOWN ROAD (SAFEWAY)",,PEDESTRIAN,OTHER,CLEAR,,DAYLIGHT,NO CONTROLS,NONE DETECTED,NONE DETECTED,99E747E8-217B-4FA4-8BF2-067B385D1F4A,PEDESTRIAN,Other,NO IMPROPER ACTIONS,MIDBLOCK MARKED CROSSWALK,No,POSSIBLE INJURY,NONE,39.18079894,-77.26593375,"(39.18079894, -77.26593375)"
MCP3285001B,210040544,Montgomery County Police,Property Damage Crash,10/10/2021 09:21:00 PM,Maryland (State),GERMANTOWN RD,WISTERIA DR,,N/A,PEDESTRIAN,SINGLE VEHICLE,CLEAR,DRY,DARK LIGHTS ON,TRAFFIC SIGNAL,N/A,UNKNOWN,C64A0164-8BE2-4842-A05E-5A7BB9C7623A,PEDESTRIAN,Cross/Enter not at Intersection,IN ROADWAY IMPROPERLY,ON ROADWAY NOT AT CROSSWALK,Yes,NO APPARENT INJURY,UNKNOWN,39.17679965,-77.269815,"(39.17679965, -77.269815)"
MCP2977005G,190009951,Montgomery County Police,Injury Crash,03/03/2019 10:42:00 AM,County,FLOWER AVE,PINEY BRANCH RD,,N/A,BICYCLIST,OTHER,CLOUDY,DRY,DAYLIGHT,NO CONTROLS,N/A,N/A,96629F07-CE3A-4C30-BFD4-F8E270C4FE30,BICYCLIST,Walking/Riding w/Traffic,INATTENTIVE,ON ROADWAY NOT AT CROSSWALK,Yes,POSSIBLE INJURY,MC/BIKE HELMET,38.99888357,-77.00375319,"(38.99888357, -77.00375319)"
MCP2353002Q,16021980,Montgomery County Police,Injury Crash,05/04/2016 07:24:00 AM,Maryland (State),OLD GEORGETOWN RD,COMMERCE LA,,N/A,PEDESTRIAN,SINGLE VEHICLE,CLOUDY,DRY,DAYLIGHT,TRAFFIC SIGNAL,NONE DETECTED,NONE DETECTED,A94562CC-4D55-4112-972A-317A5D53AC2A,PEDESTRIAN,Cross/Enter at Intersection,NO IMPROPER ACTIONS,ON ROADWAY AT CROSSWALK,No,POSSIBLE INJURY,NONE,38.98552833,-77.095945,"(38.98552833, -77.095945)"
MCP27670031,170520436,Montgomery County Police,Injury Crash,07/18/2017 07:29:00 PM,,,,"IN PARKING LOT IN FRONT OF 13817 OUTLET DRIVE, SILVER SPRING MD.",,PEDESTRIAN,SINGLE VEHICLE,UNKNOWN,,DAYLIGHT,NO CONTROLS,UNKNOWN,NONE DETECTED,D2FE19BF-5890-4FAD-8FDD-35DBF60CD531,PEDESTRIAN,Other,NO IMPROPER ACTIONS,OTHER,No,SUSPECTED MINOR INJURY,NONE,39.08252156,-76.9451268,"(39.08252156, -76.9451268)"
MCP3348001Q,230069910,Montgomery County Police,Injury Crash,12/05/2023 06:56:00 AM,County,DEWEY RD,RANDOLPH RD,,N/A,PEDESTRIAN,OTHER,CLEAR,DRY,DAWN,TRAFFIC SIGNAL,NONE DETECTED,NONE DETECTED,719331D3-C861-4C30-8C09-334EE39774C1,PEDESTRIAN,Cross/Enter at Intersection,UNKNOWN,ON ROADWAY AT CROSSWALK,Unknown,POSSIBLE INJURY,N/A,39.05365,-77.08934667,"(39.05365, -77.08934667)"
MCP14330050,230017708,Montgomery County Police,Injury Crash,04/13/2023 07:20:00 PM,Maryland (State),ROCKVILLE PIKE,TWINBROOK PKWY,,ROCKVILLE,BICYCLIST,OTHER,CLEAR,DRY,DAYLIGHT,TRAFFIC SIGNAL,NONE DETECTED,NONE DETECTED,3F7BA90C-9DC7-4011-B6AD-D51825082911,BICYCLIST,Cross/Enter at Intersection,NO IMPROPER ACTIONS,AT INTERSECTION MARKED CROSSWALK,No,SUSPECTED MINOR INJURY,NONE,39.05889667,-77.12131667,"(39.05889667, -77.12131667)"
MCP3004002V,190012916,Montgomery County Police,Injury Crash,03/20/2019 04:48:00 PM,,,,ALLEYWAY OF 7220 WISCONSIN AVENUE,,PEDESTRIAN,OTHER,CLEAR,,DAYLIGHT,N/A,NONE DETECTED,NONE DETECTED,D149C52E-26C2-4842-B608-33350C6BBFED,PEDESTRIAN,Other,UNKNOWN,OTHER,No,SUSPECTED MINOR INJURY,REFLECTIVE CLOTHING,38.98164155,-77.0930293,"(38.98164155, -77.0930293)"
MCP9379004J,230005579,Montgomery County Police,Injury Crash,02/03/2023 12:45:00 PM,,,,PARKING LOT OF MOMS MARKET 10 UPPER ROCK CIRCLE,,PEDESTRIAN,OTHER,CLEAR,,DAYLIGHT,NO CONTROLS,NONE DETECTED,NONE DETECTED,10A83F23-8E51-4F53-ADB5-809EBFEF4AE6,PEDESTRIAN,Other,NO IMPROPER ACTIONS,OTHER,No,POSSIBLE INJURY,NONE,39.11339,-77.18479283,"(39.11339, -77.18479283)"
DD56050016,15020623,Rockville Police Departme,Property Damage Crash,05/01/2015 05:33:00 PM,,,,"PARKING LOT OF 360 HUNGERFORD DR, ROCKVILLE, MD",,PEDESTRIAN,OTHER,CLEAR,,DAYLIGHT,NO CONTROLS,NONE DETECTED,NONE DETECTED,395F561E-1251-4053-8BBC-34FB8D098E2E,PEDESTRIAN,Standing,NO IMPROPER ACTIONS,OTHER,,NO APPARENT INJURY,N/A,39.09218667,-77.15235667,"(39.09218667, -77.15235667)"
MCP2290001S,180064498,Montgomery County Police,Injury Crash,12/26/2018 08:32:00 AM,,,,IFO 16567 S FREDERICK AVE (WEIS MARKET),,PEDESTRIAN,SINGLE VEHICLE,CLEAR,,DAYLIGHT,N/A,,UNKNOWN,D489AF8F-178B-404B-9524-58F54E821A47,PEDESTRIAN,Other,UNKNOWN,OTHER,Unknown,POSSIBLE INJURY,NONE,39.12602355,-77.1819099,"(39.12602355, -77.1819099)"
MCP2708000P,15041202,MONTGOMERY,Injury Crash,08/17/2015 09:24:00 PM,Maryland (State),PINEY BRANCH RD,FLOWER AVE,,N/A,PEDESTRIAN,SAME DIRECTION LEFT TURN,CLEAR,DRY,DARK LIGHTS ON,TRAFFIC SIGNAL,NONE DETECTED,NONE DETECTED,AB6A4B41-6D63-448D-B981-7FB1C43A982B,PEDESTRIAN,Cross/Enter at Intersection,NO IMPROPER ACTIONS,ON ROADWAY AT CROSSWALK,No,POSSIBLE INJURY,N/A,38.9982332,-77.00356007,"(38.9982332, -77.00356007)"
MCP2799001V,15062918,Montgomery County Police,Property Damage Crash,12/09/2016 04:56:00 PM,County,SPARTAN RD,OLNEY SANDY SPRING RD,,N/A,PEDESTRIAN,STRAIGHT MOVEMENT ANGLE,CLEAR,DRY,DAWN,TRAFFIC SIGNAL,NONE DETECTED,NONE DETECTED,F3AAD46E-60E8-43D8-99FC-5F944AB7C484,PEDESTRIAN,Playing,IN ROADWAY IMPROPERLY,ON ROADWAY NOT AT CROSSWALK,Yes,NO APPARENT INJURY,NONE,39.15065028,-77.06218779,"(39.15065028, -77.06218779)"
MCP1210002N,180028543,Montgomery County Police,Injury Crash,06/09/2018 06:30:00 PM,County,TREYFORD TERR,TUNSTALL DR,,N/A,PEDESTRIAN,OTHER,CLOUDY,DRY,DAYLIGHT,N/A,NONE DETECTED,NONE DETECTED,D55088B8-3E5B-49A7-8F16-3D5E832D2F14,PEDESTRIAN,Other,DART DASH,ON ROADWAY NOT AT CROSSWALK,Yes,SUSPECTED MINOR INJURY,N/A,39.15401983,-77.19593883,"(39.15401983, -77.19593883)"
MCP31300040,210037566,Montgomery County Police,Injury Crash,09/23/2021 07:10:00 AM,Maryland (State),CONNECTICUT AVE,ASPEN HILL RD,,N/A,PEDESTRIAN,SINGLE VEHICLE,RAINING,WET,DAWN,TRAFFIC SIGNAL,NONE DETECTED,N/A,51872215-A92B-46BF-9B4E-C133D4ABBF50,PEDESTRIAN,Cross/Enter at Intersection,FAILURE TO OBEY TRAFFIC SIGNS SIGNALS OR OFFICER,ON ROADWAY AT CROSSWALK,Yes,SUSPECTED MINOR INJURY,N/A,39.08033167,-77.08037,"(39.08033167, -77.08037)"
MCP29230010,15047518,MONTGOMERY,Injury Crash,09/19/2015 10:01:00 AM,County,ARCOLA AVE,KEMP MILL RD,,N/A,BICYCLIST,OTHER,N/A,DRY,DAYLIGHT,NO CONTROLS,,NONE DETECTED,434472ED-3291-4964-93A2-870D24C82D8C,BICYCLIST,Walking/Riding w/Traffic,NO IMPROPER ACTIONS,ON ROADWAY NOT AT CROSSWALK,No,POSSIBLE INJURY,MC/BIKE HELMET,39.04669419,-77.03098297,"(39.04669419, -77.03098297)"
MCP31090019,180045118,Montgomery County Police,Injury Crash,09/10/2018 11:00:00 AM,County,FENTON ST,SLIGO AVE,,N/A,PEDESTRIAN,SINGLE VEHICLE,CLOUDY,N/A,DAYLIGHT,NO CONTROLS,UNKNOWN,NONE DETECTED,93323D05-F681-4B14-B08F-BAC1C9A0D8F6,PEDESTRIAN,Standing,N/A,ON ROADWAY NOT AT CROSSWALK,No,POSSIBLE INJURY,REFLECTIVE CLOTHING,38.99023242,-77.02373791,"(38.99023242, -77.02373791)"
MCP2837001F,170504783,Montgomery County Police,Injury Crash,04/28/2017 05:57:00 PM,County,TRAVILLE  GATEWAY DR,SHADY GROVE RD,,N/A,BICYCLIST,ANGLE MEETS RIGHT TURN,N/A,DRY,DAYLIGHT,TRAFFIC SIGNAL,NONE DETECTED,N/A,ED73E468-2AAD-4384-A998-47B03B9EEACB,BICYCLIST,Cross/Enter at Intersection,NO IMPROPER ACTIONS,AT INTERSECTION MARKED CROSSWALK,No,POSSIBLE INJURY,MC/BIKE HELMET,39.09124667,-77.204485,"(39.09124667, -77.204485)"
MCP2921003V,200032703,Montgomery County Police,Injury Crash,08/21/2020 05:09:00 PM,County,MIDDLEBROOK RD,FREDERICK RD,,N/A,PEDESTRIAN,SINGLE VEHICLE,CLEAR,DRY,DAYLIGHT,YIELD SIGN,N/A,ILLEGAL DRUG CONTRIBUTED,2CE6BEE3-CFB6-4200-98C3-C79641367A62,PEDESTRIAN,Cross/Enter at Intersection,NO IMPROPER ACTIONS,AT INTERSECTION MARKED CROSSWALK,No,POSSIBLE INJURY,NONE,39.18061667,-77.23878833,"(39.18061667, -77.23878833)"
MCP2863002Y,230054007,Montgomery County Police,Injury Crash,09/09/2023 05:30:00 PM,Municipality,BROOKS AVE,N SUMMIT AVE,,GAITHERSBURG,PEDESTRIAN,OTHER,RAINING,WET,DAYLIGHT,TRAFFIC SIGNAL,N/A,NONE DETECTED,AF36431D-6712-4883-AA13-6D1398C79334,PEDESTRIAN,Walking/Riding against Traffic,IN ROADWAY IMPROPERLY,ON ROADWAY AT CROSSWALK,No,SUSPECTED MINOR INJURY,N/A,39.14373133,-77.19300733,"(39.14373133, -77.19300733)"
MCP2995004L,190018414,Montgomery County Police,Injury Crash,04/19/2019 08:51:00 PM,Maryland (State),VEIRS MILL RD,RANDOLPH RD,,N/A,PEDESTRIAN,OTHER,RAINING,WET,DARK LIGHTS ON,TRAFFIC SIGNAL,NONE DETECTED,NONE DETECTED,26F108C1-2696-4529-A3BB-8B81DD5FA232,PEDESTRIAN,Cross/Enter at Intersection,UNKNOWN,ON ROADWAY AT CROSSWALK,Unknown,POSSIBLE INJURY,NONE,39.0573244,-77.0752497,"(39.0573244, -77.0752497)"
MCP292300B8,230068207,Montgomery County Police,Injury Crash,11/25/2023 02:19:00 PM,County,LIVINGSTON ST,RANDOLPH RD,,N/A,PEDESTRIAN,N/A,CLEAR,DRY,DAYLIGHT,TRAFFIC SIGNAL,NONE DETECTED,NONE DETECTED,81D1262F-E3B9-4A66-8AE6-782C284BF268,PEDESTRIAN,Cross/Enter at Intersection,NO IMPROPER ACTIONS,AT INTERSECTION MARKED CROSSWALK,No,SUSPECTED MINOR INJURY,NONE,39.03428767,-77.04852567,"(39.03428767, -77.04852567)"
MCP2941003F,190021371,Montgomery County Police,Injury Crash,05/06/2019 06:22:00 PM,County,SPRING ST,CAMERON ST,,N/A,BICYCLIST,SAME DIRECTION SIDESWIPE,CLEAR,DRY,DAYLIGHT,NO CONTROLS,N/A,NONE DETECTED,250FF41B-F5D9-46B9-A65F-D80DA7E9FE9B,BICYCLIST,Walking/Cycling on Sidewalk,INATTENTIVE,SHOULDER,Yes,POSSIBLE INJURY,MC/BIKE HELMET,38.99970195,-77.0281017,"(38.99970195, -77.0281017)"
MCP29870077,220035994,Montgomery County Police,Injury Crash,08/20/2022 04:30:00 PM,,,,PARKING LOT OF 14000 CASTLE BLVD,,BICYCLIST,STRAIGHT MOVEMENT ANGLE,CLEAR,,DAYLIGHT,NO CONTROLS,UNKNOWN,NONE DETECTED,09B86FA9-EC3C-4C61-9DFB-2B38268F7B1D,BICYCLIST,Walking/Riding w/Traffic,NO IMPROPER ACTIONS,ON ROADWAY NOT AT CROSSWALK,No,SUSPECTED MINOR INJURY,NONE,39.085457,-76.9404153,"(39.085457, -76.9404153)"
DD55900014,170534938,Rockville Police Departme,Injury Crash,10/05/2017 02:55:00 PM,Maryland (State),FREDERICK RD,E GUDE DR,,N/A,BICYCLIST,STRAIGHT MOVEMENT ANGLE,CLEAR,DRY,DAYLIGHT,N/A,NONE DETECTED,NONE DETECTED,BAD1D1E8-2BA8-40C4-A826-0974F9E14F27,BICYCLIST,Walking/Cycling on Sidewalk,NO IMPROPER ACTIONS,SIDEWALK,No,SUSPECTED MINOR INJURY,NONE,39.10406333,-77.15628667,"(39.10406333, -77.15628667)"
MCP33280017,220043329,Montgomery County Police,Injury Crash,10/04/2022 06:32:00 PM,County,ARCOLA AVE,LAMBERTON DR,,N/A,PEDESTRIAN,SINGLE VEHICLE,RAINING,WET,DAYLIGHT,TRAFFIC SIGNAL,NONE DETECTED,N/A,D812B164-57A9-4242-9830-2562747F0C43,PEDESTRIAN,Cross/Enter at Intersection,FAILURE TO OBEY TRAFFIC SIGNS SIGNALS OR OFFICER,ON ROADWAY AT CROSSWALK,Yes,SUSPECTED SERIOUS INJURY,NONE,39.04100667,-77.02923833,"(39.04100667, -77.02923833)"
MCP20080072,190059977,Montgomery County Police,Fatal Crash,12/12/2019 03:48:00 PM,County,MILLWOOD RD,TANGLEWOOD DR,,N/A,PEDESTRIAN,OTHER,CLEAR,DRY,DAYLIGHT,STOP SIGN,N/A,N/A,41A840A1-CE46-43CB-BFAB-E7250D8F4516,PEDESTRIAN,Approach/Leaving Schoolbus,UNKNOWN,ON ROADWAY NOT AT CROSSWALK,Unknown,FATAL INJURY,N/A,38.97675833,-77.11987167,"(38.97675833, -77.11987167)"
MCP3068003J,210043378,Montgomery County Police,Injury Crash,10/27/2021 04:10:00 PM,County,MACARTHUR BLVD,CONNECTOR RD,,N/A,BICYCLIST,ANGLE MEETS RIGHT TURN,CLEAR,DRY,DAYLIGHT,TRAFFIC SIGNAL,N/A,N/A,DDA39D39-AAB0-4303-A7B4-736CC0C32131,BICYCLIST,Cross/Enter at Intersection,FAILURE TO OBEY TRAFFIC SIGNS SIGNALS OR OFFICER,AT INTERSECTION MARKED CROSSWALK,Yes,SUSPECTED SERIOUS INJURY,MC/BIKE HELMET,38.96442,-77.136085,"(38.96442, -77.136085)"
MCP15640050,200050318,Montgomery County Police,Injury Crash,12/22/2020 01:27:00 PM,,,,"PKG LOT OF 18220 VILLAGE CENTER DRIVE, OLNEY, MD 20832",,OTHER CONVEYANCE,OTHER,CLEAR,,DAYLIGHT,NO CONTROLS,,NONE DETECTED,AD481E4C-97B7-477C-B246-1A2B60ACC26E,OTHER CONVEYANCE,Other,OTHER,CURB,Yes,SUSPECTED MINOR INJURY,N/A,39.15382738,-77.06429089,"(39.15382738, -77.06429089)"
MCP25460023,16061971,Montgomery County Police,Injury Crash,12/02/2016 07:45:00 PM,,SNOWDEN FARM PKWY,NEWCUT RD,,N/A,PEDESTRIAN,SAME DIR REAR END,CLEAR,DRY,DARK LIGHTS ON,NO CONTROLS,NONE DETECTED,NONE DETECTED,B601E8C3-C502-46A2-9C5D-7DDE12BAACFA,PEDESTRIAN,Other,UNKNOWN,ON ROADWAY NOT AT CROSSWALK,Unknown,SUSPECTED SERIOUS INJURY,NONE,39.22891333,-77.2513,"(39.22891333, -77.2513)"
MCP2536004S,230054043,Montgomery County Police,Injury Crash,09/09/2023 11:20:00 PM,Maryland (State),GEORGIA AVE,HEWITT AVE,,N/A,PEDESTRIAN,OTHER,CLEAR,DRY,DARK NO LIGHTS,TRAFFIC SIGNAL,N/A,N/A,F8823245-9AC8-4F88-9E26-5AB8F286C44B,PEDESTRIAN,Cross/Enter at Intersection,N/A,AT INTERSECTION MARKED CROSSWALK,No,SUSPECTED MINOR INJURY,NONE,39.07738008,-77.07090846,"(39.07738008, -77.07090846)"
MCP2492001X,220049754,Montgomery County Police,Injury Crash,11/10/2022 07:30:00 PM,County,CLUB HOUSE RD,BRASSIE PL,,N/A,PEDESTRIAN,OTHER,CLEAR,DRY,DARK LIGHTS ON,NO CONTROLS,NONE DETECTED,COMBINATION CONTRIBUTED,ADF3CC52-EA54-4BE9-8423-80710F5CCE0A,PEDESTRIAN,Other,IN ROADWAY IMPROPERLY,OTHER,Yes,SUSPECTED SERIOUS INJURY,NONE,39.17423445,-77.20212781,"(39.17423445, -77.20212781)"
MCP2512002B,16050322,Montgomery County Police,Injury Crash,09/30/2016 05:25:00 PM,Municipality,WASHINGTONIAN BLVD,BOARDWALK PL,,N/A,PEDESTRIAN,STRAIGHT MOVEMENT ANGLE,RAINING,WET,OTHER,STOP SIGN,NONE DETECTED,NONE DETECTED,C40A9E5E-A380-418C-82EB-73060BF524C7,PEDESTRIAN,Cross/Enter at Intersection,NO IMPROPER ACTIONS,AT INTERSECTION BUT NO CROSSWALK,No,SUSPECTED MINOR INJURY,NONE,39.11669716,-77.20010564,"(39.11669716, -77.20010564)"
MCP271700B3,17012468,Montgomery County Police,Injury Crash,03/09/2017 04:45:00 PM,Maryland (State),NEW HAMPSHIRE AVE,OAKVIEW DR,,N/A,PEDESTRIAN,OTHER,CLEAR,DRY,DAYLIGHT,TRAFFIC SIGNAL,NONE DETECTED,NONE DETECTED,283C8502-1ECD-472A-9D3C-46ABCA2D91AB,PEDESTRIAN,Cross/Enter at Intersection,NO IMPROPER ACTIONS,ON ROADWAY AT CROSSWALK,No,SUSPECTED MINOR INJURY,NONE,39.01515533,-76.9780485,"(39.01515533, -76.9780485)"
DD56100021,16053609,Rockville Police Departme,Injury Crash,10/18/2016 04:32:00 PM,County,TWINBROOK PKWY,PIER DR,,ROCKVILLE,PEDESTRIAN,SINGLE VEHICLE,CLEAR,DRY,DAYLIGHT,OTHER,N/A,N/A,C623C299-C215-4D61-9C0C-3C64801DEE44,PEDESTRIAN,Cross/Enter at Intersection,DART DASH,ON ROADWAY AT CROSSWALK,No,POSSIBLE INJURY,N/A,39.06910467,-77.114034,"(39.06910467, -77.114034)"
MCP3330000P,220051790,Montgomery County Police,Injury Crash,11/23/2022 10:30:00 AM,,DARNESTOWN RD,SIDE STREET COMING OUT OF 10500 DARNESTOWN RD,,N/A,OTHER CONVEYANCE,STRAIGHT MOVEMENT ANGLE,CLEAR,DRY,DAYLIGHT,NO CONTROLS,UNKNOWN,N/A,4D9B4224-1D0C-4299-A86C-FCC4C025D7E3,OTHER CONVEYANCE,Cross/Enter at Intersection,NO IMPROPER ACTIONS,AT INTERSECTION BUT NO CROSSWALK,No,SUSPECTED SERIOUS INJURY,NONE,39.10139533,-77.217295,"(39.10139533, -77.217295)"
MCP28480032,16027760,Montgomery County Police,Injury Crash,06/03/2016 12:03:00 PM,County,EXECUTIVE BLVD,OLD GEORGETOWN RD,,N/A,BICYCLIST,STRAIGHT MOVEMENT ANGLE,CLOUDY,DRY,DAYLIGHT,NO CONTROLS,NONE DETECTED,NONE DETECTED,F6BECD71-9C52-4DD4-B4BB-1A0C26208BB0,BICYCLIST,Cross/Enter at Intersection,NO IMPROPER ACTIONS,SIDEWALK,No,SUSPECTED MINOR INJURY,MC/BIKE HELMET,39.04729,-77.11769,"(39.04729, -77.11769)"
MCP3171000V,190026764,Montgomery County Police,Injury Crash,06/04/2019 09:02:00 PM,,,,"HOME DEPOT PARKING LOT
 21010 FREDERICK RD GERMANTOWN MD",,PEDESTRIAN,SINGLE VEHICLE,CLEAR,,DARK LIGHTS ON,N/A,NONE DETECTED,NONE DETECTED,DDAA6793-157D-4CB0-BF55-1789966836AC,PEDESTRIAN,Unknown,NO IMPROPER ACTIONS,AT INTERSECTION BUT NO CROSSWALK,No,POSSIBLE INJURY,N/A,39.201165,-77.24834333,"(39.201165, -77.24834333)"
MCP0961000S,16021560,Montgomery County Police,Injury Crash,05/02/2016 08:04:00 AM,Maryland (State),CLOPPER RD,LONGDRAFT RD,,GAITHERSBURG,PEDESTRIAN,SINGLE VEHICLE,RAINING,WET,DAYLIGHT,NO CONTROLS,NONE DETECTED,NONE DETECTED,9F494E2E-C211-42DA-961F-B5B21CEB5D49,PEDESTRIAN,Standing,NO IMPROPER ACTIONS,SIDEWALK,No,SUSPECTED MINOR INJURY,NONE,39.14811333,-77.23741,"(39.14811333, -77.23741)"
MCP29840010,180009366,Montgomery County Police,Injury Crash,02/23/2018 07:24:00 AM,Maryland (State),GREAT SENECA HWY,COTTAGE GARDEN DR,,N/A,PEDESTRIAN,OTHER,RAINING,WET,DAYLIGHT,TRAFFIC SIGNAL,UNKNOWN,NONE DETECTED,42BE50B7-B5CC-4107-9947-38FC5491123B,PEDESTRIAN,Cross/Enter at Intersection,NO IMPROPER ACTIONS,AT INTERSECTION MARKED CROSSWALK,Unknown,SUSPECTED MINOR INJURY,N/A,39.15330833,-77.27789,"(39.15330833, -77.27789)"
MCP2813006N,190020250,Montgomery County Police,Injury Crash,04/30/2019 01:30:00 PM,County,BLUHILL RD,FLORAL ST,,N/A,PEDESTRIAN,SINGLE VEHICLE,CLEAR,DRY,DAYLIGHT,N/A,N/A,N/A,87A3151F-A47A-40CE-B4CB-60ABB5827F8D,PEDESTRIAN,Other,NO IMPROPER ACTIONS,OTHER,No,POSSIBLE INJURY,REFLECTIVE CLOTHING,39.05632173,-77.0662837,"(39.05632173, -77.0662837)"
MCP3089001J,180031265,Montgomery County Police,Injury Crash,06/25/2018 12:11:00 PM,US (State),COLESVILLE RD,SPRING ST,,N/A,BICYCLIST,SINGLE VEHICLE,CLEAR,N/A,DAYLIGHT,N/A,N/A,N/A,98B9364D-5511-41AD-901E-8167F7D45A9A,BICYCLIST,Walking/Riding w/Traffic,IN ROADWAY IMPROPERLY,ON ROADWAY NOT AT CROSSWALK,Yes,SUSPECTED MINOR INJURY,NONE,38.99911167,-77.02601,"(38.99911167, -77.02601)"
MCP30570010,180013496,Montgomery County Police,Injury Crash,03/18/2018 11:39:00 AM,County,BARNESVILLE RD,PEACH TREE RD,,N/A,BICYCLIST,STRAIGHT MOVEMENT ANGLE,CLEAR,DRY,DAYLIGHT,STOP SIGN,NONE DETECTED,NONE DETECTED,7DC7116E-A28E-4B80-A22C-67CD06D82378,BICYCLIST,Cross/Enter at Intersection,FAILURE TO OBEY TRAFFIC SIGNS SIGNALS OR OFFICER,AT INTERSECTION BUT NO CROSSWALK,Yes,POSSIBLE INJURY,MC/BIKE HELMET,39.21530833,-77.35591833,"(39.21530833, -77.35591833)"
DD5615007W,190049636,Rockville Police Departme,Injury Crash,10/16/2019 02:57:00 PM,Municipality,HALPINE RD,E JEFFERSON ST,,ROCKVILLE,PEDESTRIAN,OTHER,RAINING,WET,DAYLIGHT,TRAFFIC SIGNAL,NONE DETECTED,NONE DETECTED,D56ED7A6-F922-46C8-840B-79335D4EC9ED,PEDESTRIAN,Cross/Enter at Intersection,NO IMPROPER ACTIONS,DRIVEWAY ACCESS MARKED CROSSWALK,No,SUSPECTED MINOR INJURY,NONE,39.09323,-77.15333167,"(39.09323, -77.15333167)"
MCP9130001W,15063278,MONTGOMERY,Injury Crash,12/11/2015 06:03:00 AM,County,OAKVIEW DR,NEW HAMPSHIRE AVE,,N/A,PEDESTRIAN,SINGLE VEHICLE,CLEAR,DRY,DARK LIGHTS ON,TRAFFIC SIGNAL,NONE DETECTED,NONE DETECTED,C045DEB2-0DD3-485E-AB05-D849DF201A52,PEDESTRIAN,Cross/Enter at Intersection,NO IMPROPER ACTIONS,AT INTERSECTION MARKED CROSSWALK,No,POSSIBLE INJURY,NONE,39.01544924,-76.97772503,"(39.01544924, -76.97772503)"
DD5604003Q,200043423,Rockville Police Departme,Injury Crash,11/03/2020 04:46:00 PM,Municipality,EDMONSTON DR,DENHAM RD,,ROCKVILLE,BICYCLIST,OTHER,CLEAR,DRY,DUSK,NO CONTROLS,NONE DETECTED,NONE DETECTED,8ED98D7F-E606-47E0-B70B-9FC6DB5DD97A,BICYCLIST,Walking/Riding w/Traffic,IN ROADWAY IMPROPERLY,ON ROADWAY NOT AT CROSSWALK,Yes,SUSPECTED MINOR INJURY,MC/BIKE HELMET,39.08669317,-77.13380933,"(39.08669317, -77.13380933)"
MCP2987005R,190055724,Montgomery County Police,Injury Crash,11/18/2019 07:20:00 PM,US (State),COLUMBIA PIKE,NEW HAMPSHIRE AVE,,N/A,PEDESTRIAN,SAME DIR REAR END,RAINING,WET,DARK -- UNKNOWN LIGHTING,NO CONTROLS,NONE DETECTED,NONE DETECTED,03071D45-8E4F-4658-9BE8-BE9A5F62ED0E,PEDESTRIAN,Push/Work on Vehicle,DISABLED VEHICLE RELATED,MEDIAN,No,SUSPECTED MINOR INJURY,NONE,39.04276,-76.99282167,"(39.04276, -76.99282167)"
MCP3201000F,190047924,Montgomery County Police,Injury Crash,10/06/2019 09:17:00 AM,,,,PARKING LOT OF 13114 BRIARCLIFF TERRACE.,,PEDESTRIAN,OTHER,CLOUDY,,DAYLIGHT,NO CONTROLS,N/A,N/A,6DE63A68-117D-49A8-9BEC-1DE40C9DDC69,PEDESTRIAN,Playing,IN ROADWAY IMPROPERLY,OTHER,Yes,SUSPECTED SERIOUS INJURY,NONE,39.18211656,-77.27417256,"(39.18211656, -77.27417256)"
DD5634000F,180051149,Rockville Police Departme,Injury Crash,10/12/2018 07:09:00 PM,Municipality,N WASHINGTON ST,MARTINS LA,,ROCKVILLE,PEDESTRIAN,OTHER,CLEAR,DRY,DARK LIGHTS ON,TRAFFIC SIGNAL,NONE DETECTED,NONE DETECTED,85C3E3E3-2EA9-45A5-8411-CF4BABA4096D,PEDESTRIAN,Cross/Enter at Intersection,NO IMPROPER ACTIONS,ON ROADWAY AT CROSSWALK,No,SUSPECTED SERIOUS INJURY,NONE,39.09084161,-77.15363057,"(39.09084161, -77.15363057)"
MCP3218001Q,210024842,Montgomery County Police,Injury Crash,06/28/2021 07:23:00 PM,Maryland (State),UNIVERSITY BLVD W,SLIGO CREEK PKWY,,N/A,BICYCLIST,STRAIGHT MOVEMENT ANGLE,CLEAR,DRY,DAYLIGHT,TRAFFIC SIGNAL,NONE DETECTED,NONE DETECTED,1C4DCAD5-CA1A-4396-975E-AD4D1952F454,BICYCLIST,Cross/Enter at Intersection,NO IMPROPER ACTIONS,IN BIKEWAY,No,POSSIBLE INJURY,MC/BIKE HELMET,39.03638017,-77.03056433,"(39.03638017, -77.03056433)"
MCP1002000Y,200011326,Montgomery County Police,Injury Crash,03/07/2020 05:00:00 PM,,,,PARKING LOT IN FRONT OF 516 N FREDERICK RD,,PEDESTRIAN,SINGLE VEHICLE,CLEAR,,DAYLIGHT,NO CONTROLS,NONE DETECTED,NONE DETECTED,F0DEDF6A-418A-4A51-86B5-F9463E3722E9,PEDESTRIAN,Cross/Enter at Intersection,N/A,AT INTERSECTION MARKED CROSSWALK,No,NO APPARENT INJURY,NONE,39.14788,-77.2091,"(39.14788, -77.2091)"
MCP23580067,190029964,Montgomery County Police,Injury Crash,06/23/2019 08:00:00 AM,Maryland (State),VEIRS MILL RD,MONTERREY DR,,N/A,PEDESTRIAN,OTHER,CLEAR,DRY,DAYLIGHT,NO CONTROLS,UNKNOWN,NONE DETECTED,51031B78-8778-4F9A-8216-806FF98A9B4C,PEDESTRIAN,Other,UNKNOWN,ON ROADWAY NOT AT CROSSWALK,Unknown,SUSPECTED SERIOUS INJURY,UNKNOWN,39.04427833,-77.06305833,"(39.04427833, -77.06305833)"