Report Number,Local Case Number,Agency Name,ACRS Report Type,Crash Date/Time,Route Type,Road Name,Cross-Street Name,Off-Road Description,Municipality,Related Non-Motorist,Collision Type,Weather,Surface Condition,Light,Traffic Control,Driver Substance Abuse,Non-Motorist Substance Abuse,Person ID,Pedestrian Type,Pedestrian Movement,Pedestrian Actions,Pedestrian Location,At Fault,Injury Severity,Safety Equipment,Latitude,Longitude,Location
MCP2859000R,15008735,Montgomery County Police,Property Damage Crash,02/23/2015 01:07:00 PM,Municipality,DUVALL LA,W DEER PARK RD,,GAITHERSBURG,PEDESTRIAN,OTHER,CLEAR,DRY,DAYLIGHT,NO CONTROLS,NONE DETECTED,NONE DETECTED,BBC84C74-63B7-4E3E-AFB0-F2B201BA0E9E,PEDESTRIAN,Other Working,NO IMPROPER ACTIONS,ON ROADWAY NOT AT CROSSWALK,,NO APPARENT INJURY,NONE,39.12917181,-77.20271677,"(39.12917181, -77.20271677)"
MCP30630043,230020870,Montgomery County Police,Injury Crash,05/02/2023 05:52:00 AM,Maryland (State),PINEY BRANCH RD,DALE DR,,N/A,PEDESTRIAN,N/A,CLEAR,DRY,DARK LIGHTS ON,TRAFFIC SIGNAL,NONE DETECTED,NONE DETECTED,50DDB45E-92F5-4E0F-A313-56422A892EF9,PEDESTRIAN,Cross/Enter at Intersection,N/A,ON ROADWAY AT CROSSWALK,No,POSSIBLE INJURY,NONE,38.99371605,-77.00914387,"(38.99371605, -77.00914387)"
MCP2503001H,230050612,Montgomery County Police,Injury Crash,08/21/2023 09:23:00 PM,Maryland (State),FREDERICK RD,KING FARM BLVD,,ROCKVILLE,PEDESTRIAN,SINGLE VEHICLE,CLEAR,DRY,DARK LIGHTS ON,TRAFFIC SIGNAL,NONE DETECTED,N/A,989DEA05-F114-4114-9D25-28F84504F088,PEDESTRIAN,Cross/Enter at Intersection,FAILURE TO YIELD RIGHT OF WAY,ON ROADWAY AT CROSSWALK,Yes,POSSIBLE INJURY,N/A,39.11718167,-77.16909,"(39.11718167, -77.16909)"
MCP2161000D,170516378,Montgomery County Police,Injury Crash,06/29/2017 08:50:00 AM,Ramp,RAMP 10 FR RAMP 5 TO OMEGA DR,RAMP 5 FR IS 270 SB TO SHADY GROVE RD,,N/A,OTHER CONVEYANCE,STRAIGHT MOVEMENT ANGLE,CLEAR,DRY,DAYLIGHT,STOP SIGN,N/A,N/A,18F13A5A-AD14-41F8-B363-6D0F4711825D,OTHER CONVEYANCE,Cross/Enter at Intersection,NO IMPROPER ACTIONS,ON ROADWAY AT CROSSWALK,No,SUSPECTED MINOR INJURY,NONE,39.11172833,-77.191985,"(39.11172833, -77.191985)"
MCP2868002M,180056349,Montgomery County Police,Injury Crash,11/09/2018 05:59:00 PM,Maryland (State),ROCKVILLE PIKE,MARINELLI RD,,N/A,PEDESTRIAN,OTHER,RAINING,WET,DARK LIGHTS ON,TRAFFIC SIGNAL,NONE DETECTED,NONE DETECTED,841270CF-73CD-43AD-8017-6FB5CAE0630A,PEDESTRIAN,Cross/Enter at Intersection,NO IMPROPER ACTIONS,AT INTERSECTION MARKED CROSSWALK,No,POSSIBLE INJURY,NONE,39.04725167,-77.112785,"(39.04725167, -77.112785)"
DD5670000B,230070710,Rockville Police Departme,Injury Crash,12/08/2023 11:17:00 PM,Municipality,CHAPMAN AVE,THOMPSON AVE,,ROCKVILLE,PEDESTRIAN,SINGLE VEHICLE,N/A,DRY,DARK LIGHTS ON,NO CONTROLS,NONE DETECTED,NONE DETECTED,2BE0D4AA-1ED3-43ED-A6E7-9132342AACF7,PEDESTRIAN,Standing,IN ROADWAY IMPROPERLY,ON ROADWAY NOT AT CROSSWALK,Yes,NO APPARENT INJURY,N/A,39.06013877,-77.12017775,"(39.06013877, -77.12017775)"
MCP9301002V,190028026,Montgomery County Police,Injury Crash,06/12/2019 12:18:00 PM,Municipality,WASHINGTONIAN BLVD,FIELDS RD,,N/A,BICYCLIST,OTHER,CLEAR,DRY,DAYLIGHT,TRAFFIC SIGNAL,N/A,N/A,96E180BF-EBD4-4EBB-981E-2C95045BD35E,BICYCLIST,Walking/Riding against Traffic,WRONG WAY RIDING OR WALKING,ON ROADWAY AT CROSSWALK,Yes,SUSPECTED MINOR INJURY,MC/BIKE HELMET,39.11299333,-77.191215,"(39.11299333, -77.191215)"
MCP3294001H,230022690,Montgomery County Police,Injury Crash,05/11/2023 07:00:00 PM,,,,PARKING LOT OF,,PEDESTRIAN,OTHER,CLEAR,,DAYLIGHT,NO CONTROLS,NONE DETECTED,NONE DETECTED,6C214792-2455-422B-979D-A436B79F61B7,PEDESTRIAN,Other,UNKNOWN,SIDEWALK,No,POSSIBLE INJURY,N/A,39.17183167,-77.204945,"(39.17183167, -77.204945)"
MCP13050010,16045730,Montgomery County Police,Property Damage Crash,09/07/2016 09:18:00 AM,,,,PRIVATE PROPERTY OF 17807 BOWIE MILL RD,,OTHER,SINGLE VEHICLE,N/A,,DAYLIGHT,NO CONTROLS,NONE DETECTED,N/A,DFD60ED1-F305-4490-ACB7-3CC3E630D6C5,OTHER,N/A,NO IMPROPER ACTIONS,INSIDE BUILDING,No,NO APPARENT INJURY,N/A,39.1485255,-77.11275816,"(39.1485255, -77.11275816)"
MCP2656001Y,170517828,Montgomery County Police,Injury Crash,07/07/2017 01:00:00 PM,County,BRIGGS CHANEY RD,ENT TO BRIGGS CHANEY OUTLETS,,N/A,BICYCLIST,STRAIGHT MOVEMENT ANGLE,N/A,DRY,DAYLIGHT,UNKNOWN,UNKNOWN,N/A,06ADDC19-CDD5-4437-9803-D2928712FE5D,BICYCLIST,Cross/Enter at Intersection,FAILURE TO YIELD RIGHT OF WAY,ON ROADWAY AT CROSSWALK,Unknown,POSSIBLE INJURY,MC/BIKE HELMET,39.08292167,-76.94823833,"(39.08292167, -76.94823833)"
MCP3005005R,210023152,Montgomery County Police,Injury Crash,06/17/2021 11:18:00 AM,Maryland (State),VEIRS MILL RD,ENNALLS AVE,,N/A,OTHER,SINGLE VEHICLE,CLEAR,DRY,DAYLIGHT,NO CONTROLS,NONE DETECTED,NONE DETECTED,CCDC043E-939B-48BF-BE69-4C3E39BB66E9,OTHER,Cross/Enter at Intersection,DART DASH,ON ROADWAY NOT AT CROSSWALK,Yes,POSSIBLE INJURY,NONE,39.03906333,-77.05424833,"(39.03906333, -77.05424833)"
MCP3361000G,230022085,Montgomery County Police,Injury Crash,05/08/2023 08:04:00 PM,County,KEMP MILL RD,ARCOLA AVE,,N/A,BICYCLIST,SINGLE VEHICLE,CLEAR,DRY,DARK LIGHTS ON,TRAFFIC SIGNAL,UNKNOWN,NONE DETECTED,293A3CD4-C9F1-4175-A268-3CB2C8E331E8,BICYCLIST,Cross/Enter at Intersection,NO IMPROPER ACTIONS,SIDEWALK,No,SUSPECTED MINOR INJURY,MC/BIKE HELMET,39.04602409,-77.03221547,"(39.04602409, -77.03221547)"
MCP27490029,180036410,Montgomery County Police,Injury Crash,07/23/2018 11:05:00 AM,County,E RANDOLPH RD,NEW HAMPSHIRE AVE,,N/A,PEDESTRIAN,SINGLE VEHICLE,CLOUDY,WET,DAYLIGHT,N/A,NONE DETECTED,NONE DETECTED,FA69E49E-9F65-43A2-8B69-0C2694FB1C8E,PEDESTRIAN,Cross/Enter not at Intersection,IN ROADWAY IMPROPERLY,ON ROADWAY NOT AT CROSSWALK,Yes,SUSPECTED MINOR INJURY,N/A,39.07577,-77.00072333,"(39.07577, -77.00072333)"
MCP3079001M,180064250,Montgomery County Police,Injury Crash,12/23/2018 08:44:00 PM,County,MIDDLEBROOK RD,ENT TO BUSINESS,,N/A,PEDESTRIAN,OTHER,CLEAR,DRY,DARK LIGHTS ON,N/A,NONE DETECTED,ALCOHOL PRESENT,21EAB453-8059-4334-B847-5EE35D8F26B4,PEDESTRIAN,Cross/Enter not at Intersection,IN ROADWAY IMPROPERLY,ON ROADWAY NOT AT CROSSWALK,Yes,SUSPECTED MINOR INJURY,NONE,39.17553667,-77.25554167,"(39.17553667, -77.25554167)"
MCP3254003N,240000590,Montgomery County Police,Injury Crash,12/31/2023 01:00:00 PM,,,,ON THE SIDEWALK IN FRONT OF EXXON AT 448 N FREDERICK AVENUE GAITHERSBURG MD 20877,,PEDESTRIAN,SINGLE VEHICLE,CLEAR,,DAYLIGHT,TRAFFIC SIGNAL,UNKNOWN,N/A,1BA94396-6FC0-4510-8C88-EA1FEC1BDD8A,PEDESTRIAN,Walking/Cycling on Sidewalk,NO IMPROPER ACTIONS,SIDEWALK,No,SUSPECTED MINOR INJURY,N/A,39.14832345,-77.20689024,"(39.14832345, -77.20689024)"
EJ7833007G,220056645,Gaithersburg Police Depar,Injury Crash,12/21/2022 03:10:00 PM,Municipality,WASHINGTONIAN BLVD,END ROUNDABOUT,,N/A,PEDESTRIAN,SINGLE VEHICLE,CLEAR,DRY,DAYLIGHT,NO CONTROLS,NONE DETECTED,NONE DETECTED,8E6DBBBB-1095-4616-B219-5B8DAF8E36E0,PEDESTRIAN,Cross/Enter at Intersection,NO IMPROPER ACTIONS,AT INTERSECTION MARKED CROSSWALK,Unknown,POSSIBLE INJURY,REFLECTIVE CLOTHING,39.11804855,-77.20324627,"(39.11804855, -77.20324627)"
DD5583000N,15041103,ROCKVILLE,Injury Crash,08/17/2015 01:28:00 PM,,,,PARKING LOT OF THE GIANT FOODS 625 HUNGERFORD DR ROCKVILLE,,PEDESTRIAN,SINGLE VEHICLE,CLEAR,,DAYLIGHT,N/A,NONE DETECTED,NONE DETECTED,8AAF039C-42B9-43F7-9666-A6F1FDDF0A76,PEDESTRIAN,Other,NO IMPROPER ACTIONS,OTHER,No,SUSPECTED MINOR INJURY,N/A,39.09248235,-77.15241194,"(39.09248235, -77.15241194)"
MCP2723001P,16029171,Montgomery County Police,Injury Crash,06/10/2016 10:09:00 AM,Maryland (State),NEW HAMPSHIRE AVE,EDNOR RD,,N/A,BICYCLIST,STRAIGHT MOVEMENT ANGLE,CLEAR,DRY,DAYLIGHT,NO CONTROLS,N/A,N/A,F2A18E84-4B32-4C3C-AA4D-E6AC0ADBF4CC,BICYCLIST,Walking/Riding w/Traffic,NO IMPROPER ACTIONS,ON ROADWAY NOT AT CROSSWALK,No,SUSPECTED SERIOUS INJURY,MC/BIKE HELMET,39.20948333,-77.24713,"(39.20948333, -77.24713)"
MCP2812005H,190060799,Montgomery County Police,Injury Crash,12/17/2019 05:32:00 PM,Maryland (State),GEORGIA AVE,FENWICK LA,,N/A,PEDESTRIAN,OTHER,RAINING,WET,DARK LIGHTS ON,NO CONTROLS,N/A,N/A,33511FFE-97FB-4934-B7E1-C1BABC7A6008,PEDESTRIAN,Cross/Enter at Intersection,UNKNOWN,ON ROADWAY AT CROSSWALK,No,POSSIBLE INJURY,N/A,38.99814,-77.03068,"(38.99814, -77.03068)"
MCP29760024,16050199,Montgomery County Police,Injury Crash,09/30/2016 02:15:00 AM,,,,PARKING LOT OF 12281 TECH RD,,PEDESTRIAN,OTHER,RAINING,,DARK LIGHTS ON,N/A,ALCOHOL PRESENT,NONE DETECTED,2D29F4DB-70FE-4170-BBD7-3062B89F9124,PEDESTRIAN,Standing,NO IMPROPER ACTIONS,OTHER,No,SUSPECTED MINOR INJURY,N/A,39.05669961,-76.96690366,"(39.05669961, -76.96690366)"
DD56050033,17000408,Rockville Police Departme,Injury Crash,01/03/2017 02:41:00 PM,Maryland (State),HUNGERFORD DR,N WASHINGTON ST,,ROCKVILLE,PEDESTRIAN,OTHER,RAINING,WET,DAYLIGHT,OTHER,NONE DETECTED,NONE DETECTED,C96FF6CE-C97E-4E0A-9128-0BF0073AE236,PEDESTRIAN,Cross/Enter at Intersection,NO IMPROPER ACTIONS,SIDEWALK,No,POSSIBLE INJURY,NONE,39.08999167,-77.15239333,"(39.08999167, -77.15239333)"
MCP0942002Z,200027774,Montgomery County Police,Injury Crash,07/17/2020 12:25:00 PM,Maryland (State),OLD GEORGETOWN RD,FAIRMONT AVE,,N/A,BICYCLIST,SINGLE VEHICLE,CLEAR,DRY,DAYLIGHT,NO CONTROLS,NONE DETECTED,NONE DETECTED,075DED8C-9D1A-4ABD-9B2F-C1ECF92B44D7,BICYCLIST,Cross/Enter at Intersection,NO IMPROPER ACTIONS,AT INTERSECTION MARKED CROSSWALK,No,POSSIBLE INJURY,MC/BIKE HELMET,38.98703151,-77.0979798,"(38.98703151, -77.0979798)"
MCP27390034,200006250,Montgomery County Police,Injury Crash,02/06/2020 10:02:00 PM,Maryland (State),UNIVERSITY BLVD W,SUTHERLAND RD,,N/A,PEDESTRIAN,SINGLE VEHICLE,RAINING,WET,DARK LIGHTS ON,N/A,NONE DETECTED,ALCOHOL CONTRIBUTED,161D89ED-46F9-4EFB-BC29-17B9C933FEDE,PEDESTRIAN,Cross/Enter not at Intersection,IN ROADWAY IMPROPERLY,ON ROADWAY NOT AT CROSSWALK,Yes,POSSIBLE INJURY,NONE,39.02032667,-77.014,"(39.02032667, -77.014)"
MCP28090026,15045544,MONTGOMERY,Injury Crash,09/09/2015 01:40:00 PM,,,,Parking lot of 12345 Georgia Avenue,,OTHER,OTHER,N/A,,DAYLIGHT,N/A,UNKNOWN,N/A,29788FD1-54F4-467E-A018-33BA5BD0DC45,OTHER,Other,NO IMPROPER ACTIONS,N/A,No,POSSIBLE INJURY,N/A,39.05783667,-77.04875833,"(39.05783667, -77.04875833)"
MCP3042003M,220004277,Montgomery County Police,Injury Crash,02/01/2022 07:40:00 AM,County,GLENALLAN AVE,LAYHILL RD,,N/A,PEDESTRIAN,OTHER,CLEAR,DRY,DAWN,TRAFFIC SIGNAL,UNKNOWN,NONE DETECTED,1444A6CF-24CF-4763-9295-83BA90D7BB4C,PEDESTRIAN,Cross/Enter at Intersection,NO IMPROPER ACTIONS,ON ROADWAY AT CROSSWALK,No,SUSPECTED MINOR INJURY,NONE,39.06318568,-77.05016024,"(39.06318568, -77.05016024)"
MCP3212000Y,190057885,Montgomery County Police,Injury Crash,12/01/2019 09:09:00 PM,Maryland (State),NEW HAMPSHIRE AVE,OAKVIEW DR,,N/A,PEDESTRIAN,N/A,OTHER,WET,DARK LIGHTS ON,TRAFFIC SIGNAL,NONE DETECTED,NONE DETECTED,28565E9C-0ACF-4596-AD6C-76A3F9D43672,PEDESTRIAN,Cross/Enter at Intersection,NO IMPROPER ACTIONS,ON ROADWAY AT CROSSWALK,No,SUSPECTED MINOR INJURY,NONE,39.01531982,-76.97760212,"(39.01531982, -76.97760212)"
DD56190001,16009838,Rockville Police Departme,Injury Crash,02/27/2016 09:47:00 PM,Municipality,W EDMONSTON DR,WOOTTON PKWY,,ROCKVILLE,PEDESTRIAN,OTHER,CLEAR,DRY,DARK LIGHTS ON,OTHER,NONE DETECTED,NONE DETECTED,289A8B8D-32F9-473A-82BD-DC957CE35E12,PEDESTRIAN,Cross/Enter at Intersection,NO IMPROPER ACTIONS,ON ROADWAY AT CROSSWALK,No,POSSIBLE INJURY,NONE,39.07354333,-77.13685667,"(39.07354333, -77.13685667)"
MCP3330001M,230066422,Montgomery County Police,Injury Crash,11/15/2023 08:23:00 AM,County,AMHERST AVE,ALLEY,,N/A,BICYCLIST,SAME DIRECTION LEFT TURN,CLEAR,DRY,DAYLIGHT,NO CONTROLS,NONE DETECTED,NONE DETECTED,0B260352-7FFA-4A3D-AE40-71BDA24C4F14,BICYCLIST,Cross/Enter not at Intersection,NO IMPROPER ACTIONS,SIDEWALK,No,SUSPECTED SERIOUS INJURY,MC/BIKE HELMET,39.033292,-77.04715867,"(39.033292, -77.04715867)"
MCP30760018,180006535,Montgomery County Police,Injury Crash,02/07/2018 02:25:00 PM,Maryland (State),GEORGIA AVE,FENWICK LA,,N/A,BICYCLIST,STRAIGHT MOVEMENT ANGLE,RAINING,WET,DAYLIGHT,NO CONTROLS,NONE DETECTED,NONE DETECTED,63DCCDF7-4C19-4625-A50C-29E8A1B43E89,BICYCLIST,Cross/Enter at Intersection,FAILURE TO YIELD RIGHT OF WAY,ON ROADWAY NOT AT CROSSWALK,Yes,POSSIBLE INJURY,REFLECTIVE CLOTHING,38.99823833,-77.0304035,"(38.99823833, -77.0304035)"
MCP2782003C,200029591,Montgomery County Police,Injury Crash,07/30/2020 03:48:00 PM,County,BEL PRE RD,PARKER FARM WAY,,N/A,PEDESTRIAN,STRAIGHT MOVEMENT ANGLE,CLEAR,DRY,DAYLIGHT,TRAFFIC SIGNAL,NONE DETECTED,NONE DETECTED,2C2A2188-31C1-4886-A8B8-E01E31908AE1,PEDESTRIAN,Cross/Enter at Intersection,NO IMPROPER ACTIONS,AT INTERSECTION MARKED CROSSWALK,No,SUSPECTED MINOR INJURY,NONE,39.09079,-77.04799533,"(39.09079, -77.04799533)"
MCP14530062,180044711,Montgomery County Police,Injury Crash,09/07/2018 12:23:00 PM,County,WISTERIA DR,WALTER JOHNSON RD,,N/A,PEDESTRIAN,SINGLE VEHICLE,CLOUDY,DRY,DAYLIGHT,STOP SIGN,NONE DETECTED,NONE DETECTED,826AFEA5-CBCE-4554-B041-53D60B365D0C,PEDESTRIAN,Cross/Enter at Intersection,IN ROADWAY IMPROPERLY,ON ROADWAY AT CROSSWALK,Yes,SUSPECTED SERIOUS INJURY,N/A,39.17590333,-77.26840167,"(39.17590333, -77.26840167)"
MCP32380015,210017240,Montgomery County Police,Injury Crash,05/08/2021 02:24:00 AM,,,,PARKING LOT NEAR 8100 FENTON STREET; SILVER SPRING AVENUE @ FENTON STREET,,PEDESTRIAN,OTHER,CLEAR,,DARK LIGHTS ON,NO CONTROLS,ALCOHOL PRESENT,NONE DETECTED,6DF898C0-3FDE-4597-BE76-D2BA0B8AF4EC,PEDESTRIAN,Standing,NO IMPROPER ACTIONS,OTHER,No,SUSPECTED SERIOUS INJURY,NONE,38.99146653,-77.02467114,"(38.99146653, -77.02467114)"
DD56100012,15031619,Rockville Police Departme,Injury Crash,06/28/2015 06:17:00 PM,Municipality,S HORNERS LA,PARK RD,,ROCKVILLE,PEDESTRIAN,OTHER,CLEAR,DRY,DAYLIGHT,NO CONTROLS,N/A,N/A,1F3D3B20-DC68-4FC5-83ED-BDED1F62DD21,PEDESTRIAN,Cross/Enter not at Intersection,IN ROADWAY IMPROPERLY,AT INTERSECTION BUT NO CROSSWALK,,SUSPECTED MINOR INJURY,NONE,39.08679067,-77.1436805,"(39.08679067, -77.1436805)"
MCP2923000J,15028612,Montgomery County Police,Injury Crash,06/11/2015 01:04:00 PM,Maryland (State),FREDERICK RD,MONTGOMERY AVE,,GAITHERSBURG,BICYCLIST,SINGLE VEHICLE,N/A,DRY,DAYLIGHT,NO CONTROLS,NONE DETECTED,NONE DETECTED,5EF86CF0-41CF-4410-A264-5312E2276638,BICYCLIST,Walking/Cycling on Sidewalk,FAILURE TO YIELD RIGHT OF WAY,SIDEWALK,,SUSPECTED MINOR INJURY,NONE,39.14612504,-77.20415711,"(39.14612504, -77.20415711)"
MCP229800S2,200037373,Montgomery County Police,Property Damage Crash,09/23/2020 01:18:00 PM,County,SKYLARK RD,YELLOWWOOD DR,,N/A,BICYCLIST,SINGLE VEHICLE,CLEAR,DRY,DAYLIGHT,NO CONTROLS,NONE DETECTED,NONE DETECTED,D68E79AA-4FB4-453C-A2CA-C593E040D9C9,BICYCLIST,Cross/Enter not at Intersection,DART DASH,OTHER,Yes,NO APPARENT INJURY,NONE,39.23359833,-77.239755,"(39.23359833, -77.239755)"
MCP12510010,17000585,Montgomery County Police,Injury Crash,01/04/2017 01:45:00 PM,Maryland (State),RIVER RD,BRADLEY BLVD,,N/A,BICYCLIST,HEAD ON LEFT TURN,CLEAR,DRY,DAYLIGHT,TRAFFIC SIGNAL,NONE DETECTED,NONE DETECTED,2853495C-7C37-42AD-8831-E52924D95BC7,BICYCLIST,Cross/Enter at Intersection,NO IMPROPER ACTIONS,AT INTERSECTION BUT NO CROSSWALK,No,SUSPECTED MINOR INJURY,MC/BIKE HELMET,39.00204464,-77.18083799,"(39.00204464, -77.18083799)"
MCP2650000H,170505778,Montgomery County Police,Injury Crash,05/03/2017 07:48:00 PM,Maryland (State),WISCONSIN AVE,CHELTENHAM DR,,N/A,BICYCLIST,STRAIGHT MOVEMENT ANGLE,N/A,DRY,DUSK,TRAFFIC SIGNAL,NONE DETECTED,NONE DETECTED,7380CF9D-ECF0-483F-9A59-BB447A35D72A,BICYCLIST,Cross/Enter at Intersection,NO IMPROPER ACTIONS,ON ROADWAY AT CROSSWALK,No,SUSPECTED MINOR INJURY,N/A,38.98834667,-77.09484833,"(38.98834667, -77.09484833)"
MCP23960026,170519725,Montgomery County Police,Injury Crash,07/18/2017 10:10:00 AM,County,BEL PRE RD,HOMECREST RD,,N/A,PEDESTRIAN,HEAD ON LEFT TURN,CLEAR,DRY,DAYLIGHT,TRAFFIC SIGNAL,NONE DETECTED,NONE DETECTED,21D1978F-14AF-4C43-A1BC-80636F70DEE4,PEDESTRIAN,Cross/Enter at Intersection,NO IMPROPER ACTIONS,ON ROADWAY AT CROSSWALK,No,SUSPECTED MINOR INJURY,NONE,39.09161167,-77.06272,"(39.09161167, -77.06272)"
MCP2492000Z,180030762,Montgomery County Police,Fatal Crash,06/21/2018 11:19:00 PM,Maryland (State),NEW HAMPSHIRE AVE,OAKVIEW DR,,N/A,PEDESTRIAN,OTHER,CLEAR,DRY,DARK LIGHTS ON,TRAFFIC SIGNAL,NONE DETECTED,UNKNOWN,5FA9C5FD-2A14-48E0-8BC4-2A12F31C791C,PEDESTRIAN,Cross/Enter at Intersection,UNKNOWN,ON ROADWAY AT CROSSWALK,Unknown,FATAL INJURY,NONE,39.0153591,-76.97775856,"(39.0153591, -76.97775856)"
MCP3153002R,210035766,Montgomery County Police,Property Damage Crash,09/11/2021 01:55:00 PM,County,KEATING ST,INDEPENDENCE ST,,N/A,PEDESTRIAN,HEAD ON,CLEAR,DRY,DAYLIGHT,NO CONTROLS,"ALCOHOL CONTRIBUTED, NONE DETECTED",N/A,1E48DDB3-A930-4AF4-8740-3C7B68D0703D,PEDESTRIAN,Standing,NO IMPROPER ACTIONS,OTHER,No,NO APPARENT INJURY,N/A,39.07431833,-77.09076,"(39.07431833, -77.09076)"
MCP1438002S,16033074,Montgomery County Police,Injury Crash,06/30/2016 10:49:00 AM,County,EPSILON DR,EPSILON PL,,N/A,PEDESTRIAN,SAME DIR REAR END,CLEAR,DRY,DAYLIGHT,NO CONTROLS,NONE DETECTED,NONE DETECTED,A64D706D-54E3-4455-B144-AC1BD0306A35,PEDESTRIAN,Standing,NO IMPROPER ACTIONS,OTHER,No,NO APPARENT INJURY,N/A,39.13841333,-77.16330667,"(39.13841333, -77.16330667)"
MCP1580004X,15062796,MONTGOMERY,Injury Crash,12/09/2015 06:37:00 AM,County,GAITHER RD,SHADY GROVE RD,,N/A,PEDESTRIAN,OTHER,N/A,DRY,DARK LIGHTS ON,TRAFFIC SIGNAL,NONE DETECTED,UNKNOWN,F7C502CF-9CE1-40B0-9186-5614EACFAD09,PEDESTRIAN,Cross/Enter at Intersection,NO IMPROPER ACTIONS,AT INTERSECTION MARKED CROSSWALK,No,POSSIBLE INJURY,N/A,39.11731,-77.18363667,"(39.11731, -77.18363667)"
MCP28660054,180063057,Montgomery County Police,Injury Crash,12/17/2018 07:56:00 PM,County,CEDAR LA,SAUL RD,,N/A,PEDESTRIAN,OTHER,CLEAR,DRY,DARK LIGHTS ON,TRAFFIC SIGNAL,UNKNOWN,NONE DETECTED,18FF8A9B-CC47-4E6E-A8E3-E89F1D975197,PEDESTRIAN,Cross/Enter at Intersection,NO IMPROPER ACTIONS,AT INTERSECTION MARKED CROSSWALK,No,SUSPECTED MINOR INJURY,NONE,39.01665342,-77.08789371,"(39.01665342, -77.08789371)"
EJ7885003K,230057360,Gaithersburg Police Depar,Injury Crash,09/28/2023 06:17:00 PM,,,,IN THE PARKING GARAGE OF 10121 WASHINGTONIAN BLVD,,PEDESTRIAN,OTHER,CLEAR,,DAYLIGHT,NO CONTROLS,UNKNOWN,NONE DETECTED,9E6D56D2-6A46-402C-9ADA-3028BC182D75,PEDESTRIAN,Standing,OTHER,OTHER,No,POSSIBLE INJURY,N/A,39.1202178,-77.2044607,"(39.1202178, -77.2044607)"
MCP2177004T,230047959,Montgomery County Police,Injury Crash,08/05/2023 01:48:00 PM,,,,PARKING LOT OF 880 RUSSELL AVENUE,,PEDESTRIAN,SINGLE VEHICLE,CLOUDY,,DAYLIGHT,N/A,NONE DETECTED,N/A,46AD2293-DB7E-4CE6-BF15-9EEF1DB170B5,PEDESTRIAN,Other,OTHER,OTHER,Unknown,POSSIBLE INJURY,N/A,39.15639822,-77.21397835,"(39.15639822, -77.21397835)"
MCP28500016,180048206,Montgomery County Police,Injury Crash,09/27/2018 03:35:00 AM,County,STEDWICK RD,WATKINS MILL RD,,N/A,PEDESTRIAN,OPPOSITE DIRECTION SIDESWIPE,RAINING,WET,DARK LIGHTS ON,NO CONTROLS,ALCOHOL PRESENT,N/A,322684B3-1FD0-4042-A9FF-C82BC23FB40A,PEDESTRIAN,Standing,NO IMPROPER ACTIONS,ON ROADWAY NOT AT CROSSWALK,No,SUSPECTED SERIOUS INJURY,N/A,39.170935,-77.21022167,"(39.170935, -77.21022167)"
MCP2686002N,180023937,Montgomery County Police,Injury Crash,05/15/2018 05:20:00 PM,Maryland (State),FREDERICK RD,BROOKS AVE,,GAITHERSBURG,BICYCLIST,STRAIGHT MOVEMENT ANGLE,CLEAR,DRY,DAYLIGHT,NO CONTROLS,NONE DETECTED,UNKNOWN,31607F01-B537-4797-8D2A-ED2B36DF33E2,BICYCLIST,Walking/Cycling on Sidewalk,UNKNOWN,SIDEWALK,No,SUSPECTED SERIOUS INJURY,NONE,39.14336167,-77.200995,"(39.14336167, -77.200995)"
MCP2708001D,16045389,Montgomery County Police,Injury Crash,09/05/2016 04:13:00 PM,County,CARROLL AVE,PINEY BRANCH RD,,N/A,BICYCLIST,SAME DIRECTION RIGHT TURN,CLEAR,DRY,DAYLIGHT,TRAFFIC SIGNAL,UNKNOWN,NONE DETECTED,C3A1DCBA-5FE5-480C-A249-CA8E10C6BD56,BICYCLIST,Walking/Cycling on Sidewalk,N/A,ON ROADWAY AT CROSSWALK,Yes,POSSIBLE INJURY,NONE,38.99983,-76.99064,"(38.99983, -76.99064)"
MCP29420019,15061579,MONTGOMERY,Injury Crash,12/02/2015 05:20:00 PM,Maryland (State),WISCONSIN AVE,BRADLEY LA,,N/A,BICYCLIST,STRAIGHT MOVEMENT ANGLE,FOGGY,WET,DARK LIGHTS ON,TRAFFIC SIGNAL,NONE DETECTED,NONE DETECTED,6CB45660-2F5C-4EA5-9324-9EA5046B5A55,BICYCLIST,Walking/Riding w/Traffic,FAILURE TO YIELD RIGHT OF WAY,ON ROADWAY NOT AT CROSSWALK,Yes,SUSPECTED MINOR INJURY,MC/BIKE HELMET,38.97717641,-77.09067822,"(38.97717641, -77.09067822)"
DD5610005Q,190031674,Rockville Police Departme,Injury Crash,07/03/2019 10:53:00 AM,Municipality,MT VERNON PL,ROCKVILLE PIKE,,N/A,PEDESTRIAN,OTHER,CLEAR,DRY,DAYLIGHT,STOP SIGN,NONE DETECTED,N/A,363C98D6-3772-41DC-B9CE-B95CD752E012,PEDESTRIAN,Other,NO IMPROPER ACTIONS,ON ROADWAY AT CROSSWALK,No,POSSIBLE INJURY,N/A,39.07886167,-77.142135,"(39.07886167, -77.142135)"
MCP243600B6,200030650,Montgomery County Police,Injury Crash,08/07/2020 10:15:00 AM,County,HARTWELL RD,BRADFORD RD,,N/A,PEDESTRIAN,SINGLE VEHICLE,CLEAR,DRY,DAYLIGHT,STOP SIGN,UNKNOWN,UNKNOWN,922B2AC7-99B0-475A-9AE9-E48BBF580FD1,PEDESTRIAN,Walking/Riding w/Traffic,UNKNOWN,ON ROADWAY NOT AT CROSSWALK,Yes,SUSPECTED SERIOUS INJURY,NONE,39.00013798,-77.00635538,"(39.00013798, -77.00635538)"