Report Number,Local Case Number,Agency Name,ACRS Report Type,Crash Date/Time,Route Type,Road Name,Cross-Street Name,Off-Road Description,Municipality,Related Non-Motorist,Collision Type,Weather,Surface Condition,Light,Traffic Control,Driver Substance Abuse,Non-Motorist Substance Abuse,Person ID,Pedestrian Type,Pedestrian Movement,Pedestrian Actions,Pedestrian Location,At Fault,Injury Severity,Safety Equipment,Latitude,Longitude,Location
EJ78330028,16045623,Gaithersburg Police Depar,Injury Crash,09/06/2016 06:28:00 PM,Municipality,FALLBROOK ST,STERNWHEELER CT,,GAITHERSBURG,PEDESTRIAN,OTHER,CLEAR,DRY,DAYLIGHT,NO CONTROLS,NONE DETECTED,NONE DETECTED,101AD7C5-157E-4F20-90B2-B7C5B20598A7,PEDESTRIAN,Playing,DART DASH,ON ROADWAY NOT AT CROSSWALK,Yes,SUSPECTED MINOR INJURY,NONE,39.14544,-77.187215,"(39.14544, -77.187215)"
MCP2789000K,15003826,Montgomery County Police,Injury Crash,01/23/2015 08:10:00 PM,Maryland (State),COLESVILLE RD,GEORGIA AVE,,N/A,PEDESTRIAN,SINGLE VEHICLE,RAINING,WET,DARK LIGHTS ON,TRAFFIC SIGNAL,N/A,N/A,BE95E8A5-2271-404B-9A7E-665E6DAF897F,PEDESTRIAN,Cross/Enter at Intersection,NO IMPROPER ACTIONS,AT INTERSECTION MARKED CROSSWALK,,SUSPECTED MINOR INJURY,N/A,38.99734667,-77.029575,"(38.99734667, -77.029575)"
MCP33050010,210039823,Montgomery County Police,Injury Crash,10/06/2021 01:33:00 PM,Maryland (State),GEORGIA AVE,CAMERON ST,,N/A,PEDESTRIAN,SAME DIRECTION RIGHT TURN,CLOUDY,DRY,DAYLIGHT,TRAFFIC SIGNAL,NONE DETECTED,NONE DETECTED,1FC31874-481D-479F-BECF-3EC5F869CE4B,PEDESTRIAN,Cross/Enter at Intersection,NO IMPROPER ACTIONS,ON ROADWAY AT CROSSWALK,No,SUSPECTED MINOR INJURY,N/A,38.9976706,-77.02961255,"(38.9976706, -77.02961255)"
MCP22030066,220039488,Montgomery County Police,Injury Crash,09/11/2022 01:20:00 PM,,,,PARKING LOT OF 12029 GEORGIA AVE,,PEDESTRIAN,N/A,RAINING,,DAYLIGHT,N/A,N/A,NONE DETECTED,4F2D6CFF-A874-4681-9636-C81F69FE760E,PEDESTRIAN,Cross/Enter not at Intersection,NO IMPROPER ACTIONS,ON ROADWAY NOT AT CROSSWALK,No,POSSIBLE INJURY,N/A,39.0529015,-77.0502545,"(39.0529015, -77.0502545)"
MCP24200047,220022518,Montgomery County Police,Property Damage Crash,06/01/2022 02:15:00 PM,,,,PARKING LOT OF 12389 GEORGIA AVE,,PEDESTRIAN,OTHER,CLEAR,,DAYLIGHT,NO CONTROLS,N/A,NONE DETECTED,E2FE718F-2E2D-4790-8010-D79A7B6EA85B,PEDESTRIAN,Other,NO IMPROPER ACTIONS,OTHER,No,NO APPARENT INJURY,N/A,39.14941667,-77.06661833,"(39.14941667, -77.06661833)"
MCP15750061,170545427,Montgomery County Police,Injury Crash,11/28/2017 03:45:00 PM,County,SHADY GROVE RD,DARNESTOWN RD,,N/A,BICYCLIST,STRAIGHT MOVEMENT ANGLE,CLEAR,DRY,DAYLIGHT,TRAFFIC SIGNAL,NONE DETECTED,NONE DETECTED,DBFBE688-8FB5-4654-B195-829CBEE6B0FD,BICYCLIST,Cross/Enter at Intersection,NO IMPROPER ACTIONS,ON ROADWAY AT CROSSWALK,No,POSSIBLE INJURY,NONE,39.09298509,-77.19645984,"(39.09298509, -77.19645984)"
MCP3114002Z,230018017,Montgomery County Police,Injury Crash,04/15/2023 06:03:00 PM,,,,PARKING LOT OF 10151 COLESVILLE ROAD,,PEDESTRIAN,SAME DIRECTION SIDESWIPE,CLEAR,,DAYLIGHT,N/A,N/A,N/A,E1D200F4-B541-432C-B7F7-D1DC70F9855F,PEDESTRIAN,Standing,NO IMPROPER ACTIONS,CURB,No,SUSPECTED MINOR INJURY,N/A,39.02129667,-77.01142583,"(39.02129667, -77.01142583)"
MCP2134001R,180058159,Montgomery County Police,Fatal Crash,11/20/2018 06:44:00 AM,Municipality,S SUMMIT AVE,WELLS AVE,,GAITHERSBURG,PEDESTRIAN,OTHER,CLEAR,N/A,DAWN,OTHER,N/A,UNKNOWN,3472140D-AE30-4C4F-AE41-2212B1289F04,PEDESTRIAN,Cross/Enter at Intersection,UNKNOWN,ON ROADWAY AT CROSSWALK,Unknown,FATAL INJURY,NONE,39.14136392,-77.19350721,"(39.14136392, -77.19350721)"
MCP2906001X,180046170,Montgomery County Police,Injury Crash,09/15/2018 07:00:00 PM,Municipality,WASHINGTONIAN BLVD,BOARDWALK PL,,N/A,PEDESTRIAN,STRAIGHT MOVEMENT ANGLE,CLEAR,DRY,DAYLIGHT,N/A,N/A,N/A,D86D412F-1271-4D08-BC05-F9607B1A28FD,PEDESTRIAN,Cross/Enter at Intersection,INATTENTIVE,ON ROADWAY AT CROSSWALK,Yes,SUSPECTED MINOR INJURY,NONE,39.11727593,-77.19916649,"(39.11727593, -77.19916649)"
MCP32800029,220028685,Montgomery County Police,Injury Crash,07/04/2022 02:12:00 PM,Maryland (State),SANDY SPRING RD,DINO DR,,N/A,"BICYCLIST, OTHER",ANGLE MEETS RIGHT TURN,CLEAR,DRY,DAYLIGHT,TRAFFIC SIGNAL,NONE DETECTED,NONE DETECTED,FA1E617F-5474-42B6-8EB7-961D6F8C58EF,BICYCLIST,Cross/Enter at Intersection,FAILURE TO YIELD RIGHT OF WAY,OUTSIDE RIGHT OF WAY,Yes,SUSPECTED SERIOUS INJURY,NONE,39.10874,-76.92343667,"(39.10874, -76.92343667)"
MCP9419002N,200030096,Montgomery County Police,Injury Crash,08/03/2020 01:49:00 PM,,,,PARKING LOT OF 12409 BRAXFIELD CT.,,PEDESTRIAN,OTHER,CLOUDY,,DAYLIGHT,NO CONTROLS,NONE DETECTED,NONE DETECTED,38464FA5-1EAE-4209-B0A6-139F2C434B6D,PEDESTRIAN,Other,N/A,OTHER,No,SUSPECTED MINOR INJURY,NONE,39.05966701,-77.10486404,"(39.05966701, -77.10486404)"
MCP2712001F,17000094,Montgomery County Police,Injury Crash,01/01/2017 12:02:00 PM,Maryland (State),NEW HAMPSHIRE AVE,ENT TO WHITE OAK SHOPPING CENTER,,N/A,PEDESTRIAN,OTHER,CLEAR,DRY,DAYLIGHT,STOP SIGN,NONE DETECTED,NONE DETECTED,DE54AC36-C656-4E20-8CFA-2FA6B0FE51AE,PEDESTRIAN,Cross/Enter at Intersection,NO IMPROPER ACTIONS,ON ROADWAY AT CROSSWALK,No,POSSIBLE INJURY,NONE,39.04091754,-76.99099258,"(39.04091754, -76.99099258)"
HA2389000D,15001213,MCPARK,Injury Crash,11/02/2015 05:46:00 PM,,,,"OCCURRED ON NE CAPITAL CRESCENT TRAIL, APPROXIMATELY 50 FEET PRIOR TO DORSET AVENUE INTERSECTION.",,BICYCLIST,HEAD ON,CLEAR,,DARK -- UNKNOWN LIGHTING,N/A,,UNKNOWN,56920666-4276-4E05-8DDA-E910B16642CE,BICYCLIST,N/A,IMPROPER PASSING,SHARED USE PATH OR TRAILS,Yes,NO APPARENT INJURY,UNKNOWN,38.96842663,-77.10256577,"(38.96842663, -77.10256577)"
MCP3078002L,180061491,Montgomery County Police,Injury Crash,12/09/2018 02:23:00 AM,,,,14400 TAOS COURT,,PEDESTRIAN,OTHER,CLEAR,,DARK LIGHTS ON,N/A,UNKNOWN,NONE DETECTED,D456826E-F980-45C2-880C-0ACE34EE5999,PEDESTRIAN,Standing,NO IMPROPER ACTIONS,OTHER,No,SUSPECTED MINOR INJURY,N/A,39.03722,-77.04036,"(39.03722, -77.04036)"
MCP31390036,220023142,Montgomery County Police,Injury Crash,05/30/2022 07:19:00 PM,,,,3660 CHILDRESS TERRACE,,OTHER,OTHER,CLEAR,,DAYLIGHT,NO CONTROLS,NONE DETECTED,N/A,A39584E4-94ED-4A03-B462-FF7ACB2CF16F,OTHER,N/A,NO IMPROPER ACTIONS,INSIDE BUILDING,No,NO APPARENT INJURY,N/A,39.091989,-76.93580717,"(39.091989, -76.93580717)"
MCP1233003R,210001754,Montgomery County Police,Injury Crash,01/14/2021 03:28:00 PM,Maryland (State),UNIVERSITY BLVD W,HOBSON ST,,N/A,PEDESTRIAN,STRAIGHT MOVEMENT ANGLE,CLEAR,DRY,DAYLIGHT,TRAFFIC SIGNAL,NONE DETECTED,NONE DETECTED,BA600D47-CB18-4010-83E4-7EF4EB546284,PEDESTRIAN,Other,NO IMPROPER ACTIONS,N/A,No,SUSPECTED SERIOUS INJURY,NONE,39.03581667,-77.064925,"(39.03581667, -77.064925)"
MCP2968000T,15041885,MONTGOMERY,Property Damage Crash,08/21/2015 02:01:00 PM,Maryland (State),DARNESTOWN RD,BLACKBERRY DR,,N/A,BICYCLIST,SINGLE VEHICLE,CLEAR,DRY,DAYLIGHT,TRAFFIC SIGNAL,N/A,N/A,1402DDE6-933D-4433-BC4A-FDBB38771EE9,BICYCLIST,Walking/Riding w/Traffic,N/A,SHOULDER,No,NO APPARENT INJURY,MC/BIKE HELMET,39.11539443,-77.24898219,"(39.11539443, -77.24898219)"
MCP30510029,180050769,Montgomery County Police,Injury Crash,10/10/2018 07:50:00 PM,Other Public Roadway,MONTROSE PKWY,E JEFFERSON ST,,N/A,PEDESTRIAN,OTHER,CLEAR,DRY,DARK LIGHTS ON,TRAFFIC SIGNAL,NONE DETECTED,NONE DETECTED,A967266F-B6F0-46F7-BD88-6E3C68FCAA40,PEDESTRIAN,Cross/Enter at Intersection,NO IMPROPER ACTIONS,ON ROADWAY AT CROSSWALK,No,POSSIBLE INJURY,REFLECTIVE CLOTHING,39.05093961,-77.12610848,"(39.05093961, -77.12610848)"
MCP3191003W,230010066,Montgomery County Police,Injury Crash,02/28/2023 06:25:00 PM,County,FIELDS RD,RIO BLVD,,GAITHERSBURG,OTHER,OTHER,CLEAR,DRY,DUSK,TRAFFIC SIGNAL,NONE DETECTED,NONE DETECTED,62620FF5-C6FC-461F-A8E7-EA1C2624F94B,OTHER,Cross/Enter at Intersection,UNKNOWN,AT INTERSECTION MARKED CROSSWALK,Unknown,POSSIBLE INJURY,NONE,39.11574885,-77.20397746,"(39.11574885, -77.20397746)"
MCP0942002J,190050694,Montgomery County Police,Injury Crash,10/22/2019 02:19:00 PM,County,WOODMONT AVE,ELM ST,,N/A,PEDESTRIAN,OTHER,RAINING,WET,DAYLIGHT,TRAFFIC SIGNAL,NONE DETECTED,NONE DETECTED,EED7CCD5-117A-4B62-8963-0864A6C36611,PEDESTRIAN,Cross/Enter at Intersection,NO IMPROPER ACTIONS,AT INTERSECTION MARKED CROSSWALK,No,POSSIBLE INJURY,NONE,38.98168833,-77.09616167,"(38.98168833, -77.09616167)"
MCP3254001Y,220020677,Montgomery County Police,Injury Crash,05/15/2022 12:32:00 PM,County,MATENY RD,GREAT SENECA HWY,,N/A,BICYCLIST,OTHER,CLEAR,DRY,DAYLIGHT,TRAFFIC SIGNAL,NONE DETECTED,NONE DETECTED,711D2483-9E85-4E98-BA2E-3322C1F79B19,BICYCLIST,Cross/Enter at Intersection,NO IMPROPER ACTIONS,ON ROADWAY AT CROSSWALK,No,SUSPECTED MINOR INJURY,MC/BIKE HELMET,39.14622307,-77.27464274,"(39.14622307, -77.27464274)"
MCP2679001Z,170500609,Montgomery County Police,Injury Crash,04/05/2017 06:15:00 PM,County,REDLAND RD,SOMERVILLE DR,,N/A,PEDESTRIAN,OTHER,CLEAR,DRY,DAYLIGHT,NO CONTROLS,N/A,NONE DETECTED,B3280ADF-D445-4077-A35B-4386164BF6B0,PEDESTRIAN,Cross/Enter not at Intersection,FAILURE TO YIELD RIGHT OF WAY,ON ROADWAY NOT AT CROSSWALK,Yes,POSSIBLE INJURY,NONE,39.11714094,-77.16470249,"(39.11714094, -77.16470249)"
MCP27640017,16043306,Montgomery County Police,Injury Crash,08/25/2016 07:52:00 PM,County,BERRY ST,WEISMAN RD,,N/A,BICYCLIST,STRAIGHT MOVEMENT ANGLE,CLEAR,DRY,DUSK,STOP SIGN,NONE DETECTED,NONE DETECTED,FBA6AE2C-7DFC-4B06-BD52-AFE97DD66271,BICYCLIST,Cross/Enter at Intersection,OTHER,AT INTERSECTION BUT NO CROSSWALK,Yes,SUSPECTED SERIOUS INJURY,NONE,39.05738589,-77.06286907,"(39.05738589, -77.06286907)"
MCP2351003B,190041966,Montgomery County Police,Injury Crash,09/02/2019 12:26:00 PM,,,,PKNGLT ENTRANCE 12230 ROCKVILLE PIKE,,PEDESTRIAN,OTHER,CLEAR,,DAYLIGHT,TRAFFIC SIGNAL,NONE DETECTED,NONE DETECTED,96CFC987-AF43-48A0-8E77-82037E307925,PEDESTRIAN,Cross/Enter not at Intersection,UNKNOWN,OTHER,Unknown,SUSPECTED MINOR INJURY,NONE,39.05607167,-77.11936167,"(39.05607167, -77.11936167)"
DM8336002Y,190055154,Takoma Park Police Depart,Property Damage Crash,11/15/2019 03:40:00 PM,Maryland (State),CARROLL AVE,ETHAN ALLEN AVE,,N/A,OTHER,OTHER,CLOUDY,DRY,DAYLIGHT,N/A,N/A,N/A,A3E8B331-4DE5-401A-967F-A3B07FF61C87,OTHER,N/A,NO IMPROPER ACTIONS,N/A,No,NO APPARENT INJURY,N/A,38.977835,-77.00701833,"(38.977835, -77.00701833)"
MCP2437001F,16004168,Montgomery County Police,Injury Crash,01/25/2016 07:29:00 PM,Maryland (State),GEORGIA AVE,HATHAWAY DR,,N/A,PEDESTRIAN,SINGLE VEHICLE,CLEAR,WET,DARK NO LIGHTS,NO CONTROLS,NONE DETECTED,ALCOHOL PRESENT,D011E0E3-C041-43AA-ACA8-DB199F6E0345,PEDESTRIAN,Walking/Riding w/Traffic,NOT VISIBLE,ON ROADWAY NOT AT CROSSWALK,Yes,SUSPECTED SERIOUS INJURY,NONE,39.06922667,-77.06196333,"(39.06922667, -77.06196333)"
MCP1378009D,16021859,Montgomery County Police,Injury Crash,05/03/2016 04:02:00 PM,County,COMPRINT CT,SHADY GROVE RD,,N/A,PEDESTRIAN,SINGLE VEHICLE,CLOUDY,DRY,DAYLIGHT,TRAFFIC SIGNAL,NONE DETECTED,NONE DETECTED,8331B717-AB5E-4AD4-8C3C-BBEDFC727A3F,PEDESTRIAN,Cross/Enter at Intersection,NO IMPROPER ACTIONS,ON ROADWAY AT CROSSWALK,No,POSSIBLE INJURY,N/A,39.11944333,-77.18282667,"(39.11944333, -77.18282667)"
MCP2934004Z,220037915,Montgomery County Police,Property Damage Crash,09/01/2022 04:06:00 PM,,,,PARKING LOT OF 10400 OLD GEORGETOWN RD.,,PEDESTRIAN,OTHER,CLEAR,,DAYLIGHT,NO CONTROLS,UNKNOWN,NONE DETECTED,620474ED-067A-47DC-B2A3-6003D655DAE2,PEDESTRIAN,Other,NO IMPROPER ACTIONS,OTHER,No,NO APPARENT INJURY,NONE,39.026319,-77.127215,"(39.026319, -77.127215)"
MCP2353007M,190037499,Montgomery County Police,Injury Crash,08/06/2019 03:20:00 PM,County,MACON RD,ROCKING HORSE RD,,N/A,PEDESTRIAN,SAME DIRECTION SIDESWIPE,CLOUDY,DRY,DAYLIGHT,NO CONTROLS,NONE DETECTED,NONE DETECTED,F834FDD8-8E97-4AEC-969D-6C4E05ADA87E,PEDESTRIAN,Walking/Cycling on Sidewalk,NO IMPROPER ACTIONS,SIDEWALK,No,SUSPECTED MINOR INJURY,NONE,39.05159833,-77.09651,"(39.05159833, -77.09651)"
MCP3123006H,230066555,Montgomery County Police,Injury Crash,11/15/2023 06:28:00 PM,,,,PARKING LOT OF 2120 RANDOLPH RD,,MACHINE OPERATOR/RIDER,SINGLE VEHICLE,CLOUDY,,DARK NO LIGHTS,N/A,N/A,N/A,4F4FCB62-D49D-48FF-9A00-71E5EF54CA1A,MACHINE OPERATOR/RIDER,Getting off/on Vehicle,NO IMPROPER ACTIONS,OTHER,No,SUSPECTED MINOR INJURY,N/A,39.05949333,-77.04632667,"(39.05949333, -77.04632667)"
MCP33530024,230073214,Montgomery County Police,Injury Crash,12/22/2023 07:17:00 PM,Maryland (State),GEORGIA AVE,WENDY LA,,N/A,PEDESTRIAN,STRAIGHT MOVEMENT ANGLE,CLEAR,DRY,DARK LIGHTS ON,N/A,UNKNOWN,NONE DETECTED,0C48ECCA-CD4A-473B-8324-D32C54685C55,PEDESTRIAN,Cross/Enter not at Intersection,FAILURE TO YIELD RIGHT OF WAY,ON ROADWAY NOT AT CROSSWALK,Yes,POSSIBLE INJURY,NONE,39.07969254,-77.07385365,"(39.07969254, -77.07385365)"
MCP3162000G,180045182,Montgomery County Police,Property Damage Crash,09/10/2018 03:56:00 PM,Maryland (State),NEW HAMPSHIRE AVE,RAMP 4 FR MD 650 NB TO IS 495 EB,,N/A,PEDESTRIAN,SAME DIR REAR END,RAINING,WET,DAYLIGHT,NO CONTROLS,NONE DETECTED,N/A,494CC876-4091-49AA-AC7A-43607BD5FC19,PEDESTRIAN,Standing,NO IMPROPER ACTIONS,ON ROADWAY AT CROSSWALK,No,NO APPARENT INJURY,N/A,39.01603667,-76.97742833,"(39.01603667, -76.97742833)"
MCP2396002Z,180053035,Montgomery County Police,Property Damage Crash,10/23/2018 10:20:00 AM,County,NORTH GATE DR,NORTH GATE TERR,,N/A,OTHER,SINGLE VEHICLE,CLEAR,DRY,DAYLIGHT,NO CONTROLS,NONE DETECTED,N/A,126DD776-73EA-4E43-9D09-20EEA2BAF6FD,OTHER,N/A,N/A,N/A,No,NO APPARENT INJURY,N/A,39.08437333,-77.049025,"(39.08437333, -77.049025)"
MCP1301000N,16036204,Montgomery County Police,Fatal Crash,07/17/2016 01:23:00 PM,Maryland (State),VEIRS MILL RD,TURKEY BRANCH PKWY,,N/A,BICYCLIST,SINGLE VEHICLE,CLEAR,DRY,DAYLIGHT,OTHER,NONE DETECTED,UNKNOWN,DD07E95B-EF89-4715-A848-564A11BE6CF9,BICYCLIST,Cross/Enter at Intersection,FAILURE TO OBEY TRAFFIC SIGNS SIGNALS OR OFFICER,ON ROADWAY AT CROSSWALK,Yes,FATAL INJURY,MC/BIKE HELMET,39.05998514,-77.08942294,"(39.05998514, -77.08942294)"
DM8499000P,210046856,Takoma Park Police Depart,Property Damage Crash,11/18/2021 04:00:00 PM,Maryland (State),CARROLL AVE,FLOWER AVE,,TAKOMA PARK,OTHER,SINGLE VEHICLE,N/A,DRY,DAYLIGHT,TRAFFIC SIGNAL,ALCOHOL CONTRIBUTED,N/A,9D07F85D-1C6C-46BD-9D7E-DE92E4C1FEF8,OTHER,N/A,N/A,SIDEWALK,No,NO APPARENT INJURY,N/A,38.98475274,-76.99849128,"(38.98475274, -76.99849128)"
MCP2914007C,180038331,Montgomery County Police,Injury Crash,08/02/2018 02:36:00 PM,Maryland (State),NEW HAMPSHIRE AVE,POWDER MILL RD,,N/A,PEDESTRIAN,OTHER,RAINING,WET,DAYLIGHT,TRAFFIC SIGNAL,N/A,N/A,765CE0F3-6797-41D7-91EE-8968BC32EB57,PEDESTRIAN,Cross/Enter at Intersection,DART DASH,ON ROADWAY AT CROSSWALK,Unknown,POSSIBLE INJURY,NONE,39.02224071,-76.9773522,"(39.02224071, -76.9773522)"
MCP32760025,220029082,Montgomery County Police,Injury Crash,07/11/2022 08:40:00 PM,,,,8560 SECOND AVE SILVER SPRING MD PARKING GARAGE,,PEDESTRIAN,OTHER,CLEAR,,OTHER,NO CONTROLS,UNKNOWN,NONE DETECTED,2ED6652A-F4BD-4962-A2BA-B40C16C687FD,PEDESTRIAN,Other,NO IMPROPER ACTIONS,OTHER,No,SUSPECTED MINOR INJURY,NONE,38.99609,-77.03275,"(38.99609, -77.03275)"
MCP12350034,210027773,Montgomery County Police,Property Damage Crash,07/18/2021 05:02:00 PM,Maryland (State),UNIVERSITY BLVD W,BRUNETT AVE,,N/A,PEDESTRIAN,SAME DIR REAR END,CLEAR,DRY,DAYLIGHT,NO CONTROLS,NONE DETECTED,NONE DETECTED,69CDCDAE-B4F4-4331-8106-1521404616A4,PEDESTRIAN,Cross/Enter at Intersection,NO IMPROPER ACTIONS,AT INTERSECTION MARKED CROSSWALK,No,NO APPARENT INJURY,N/A,39.02293208,-77.01672807,"(39.02293208, -77.01672807)"
MCP15640075,230020118,Montgomery County Police,Injury Crash,04/27/2023 11:31:00 AM,,,,"MCDONALD'S PARKING LOT LOCATION 18010 GEORGIA AVENUE, OLNEY, MARYLAND 20832",,PEDESTRIAN,OTHER,CLOUDY,,DAYLIGHT,NO CONTROLS,NONE DETECTED,NONE DETECTED,E2FCDBE6-76BB-46CC-B191-C9E3279691E1,PEDESTRIAN,Cross/Enter not at Intersection,NO IMPROPER ACTIONS,OTHER,No,POSSIBLE INJURY,N/A,39.1517915,-77.06752,"(39.1517915, -77.06752)"
DD561500DK,220051178,Rockville Police Departme,Property Damage Crash,11/19/2022 07:45:00 AM,Municipality,TWINBROOK PKWY,CHAPMAN AVE,,ROCKVILLE,BICYCLIST,STRAIGHT MOVEMENT ANGLE,CLEAR,DRY,DAYLIGHT,TRAFFIC SIGNAL,NONE DETECTED,NONE DETECTED,5A96D84B-EEE1-4B82-B809-D5119A8AA7E5,BICYCLIST,Cross/Enter at Intersection,FAILURE TO YIELD RIGHT OF WAY,AT INTERSECTION MARKED CROSSWALK,Yes,NO APPARENT INJURY,NONE,39.05880939,-77.11901631,"(39.05880939, -77.11901631)"
MCP31740013,190037174,Montgomery County Police,Injury Crash,08/04/2019 09:16:00 PM,,,,PARKING LOT OF 18250 FLOWER HILL WAY,,PEDESTRIAN,SINGLE VEHICLE,CLEAR,,DARK LIGHTS ON,N/A,NONE DETECTED,NONE DETECTED,115387EB-77CF-434B-9BB1-FCA04ED6C860,PEDESTRIAN,Other,INATTENTIVE,OTHER,Unknown,SUSPECTED MINOR INJURY,NONE,39.15565167,-77.16581,"(39.15565167, -77.16581)"
MCP2965005L,210053307,Montgomery County Police,Injury Crash,12/31/2021 08:35:00 AM,County,FAIRLAND RD,TAMARACK RD,,N/A,PEDESTRIAN,SINGLE VEHICLE,CLOUDY,WET,DAYLIGHT,TRAFFIC SIGNAL,NONE DETECTED,NONE DETECTED,927B0794-4F49-4339-9BB7-A6D8748F87C3,PEDESTRIAN,Cross/Enter at Intersection,UNKNOWN,ON ROADWAY AT CROSSWALK,No,SUSPECTED MINOR INJURY,NONE,39.07807833,-76.979865,"(39.07807833, -76.979865)"
MCP3255004V,230033617,Montgomery County Police,Injury Crash,07/14/2023 05:32:00 PM,Municipality,WASHINGTONIAN BLVD,ENT. TO WASHINGTONIAN CENTER,,N/A,PEDESTRIAN,SINGLE VEHICLE,RAINING,WET,DAYLIGHT,STOP SIGN,N/A,N/A,7BC11752-5A89-48DE-8A14-5B1B2D028054,PEDESTRIAN,Cross/Enter at Intersection,NO IMPROPER ACTIONS,ON ROADWAY AT CROSSWALK,No,SUSPECTED MINOR INJURY,N/A,39.11871562,-77.20252175,"(39.11871562, -77.20252175)"
MCP29390016,16052541,Montgomery County Police,Injury Crash,10/12/2016 07:22:00 PM,,,,"CHIK-FIL-A PARKING LOT LOCATED AT 19945 CENTURY BLVD GERMANTOWN, MD 20874",,PEDESTRIAN,STRAIGHT MOVEMENT ANGLE,CLEAR,,DARK LIGHTS ON,NO CONTROLS,NONE DETECTED,NONE DETECTED,765BAEF9-4E9F-40F1-9413-C72BE8A12BC8,PEDESTRIAN,Other,INATTENTIVE,OTHER,Yes,SUSPECTED MINOR INJURY,NONE,39.18263895,-77.26173878,"(39.18263895, -77.26173878)"
MCP2689008K,220026071,Montgomery County Police,Injury Crash,06/17/2022 09:44:00 AM,,,,PARKING LOT BEHIND CVS AT 7955 TUCKERMAN LA AND NEXT TO AN UNDER CONTRUCTION CAPITAL ONE BANK BRANCH,,PEDESTRIAN,SINGLE VEHICLE,CLEAR,,DAYLIGHT,NO CONTROLS,,NONE DETECTED,F8677410-535D-4049-AED6-97FB1082C436,PEDESTRIAN,Getting off/on Vehicle,N/A,ON ROADWAY NOT AT CROSSWALK,Yes,SUSPECTED SERIOUS INJURY,N/A,39.04169749,-77.15658611,"(39.04169749, -77.15658611)"
MCP3114001T,200005694,Montgomery County Police,Injury Crash,02/03/2020 06:45:00 PM,,,,1220 TECH ROAD/DRIVEWAY ENTRANCE OF WESTECH VILLAGE CENTER,,PEDESTRIAN,OTHER,CLEAR,,DARK LIGHTS ON,NO CONTROLS,NONE DETECTED,NONE DETECTED,1BC4042D-40F6-4F24-A953-C2E2DC8C747C,PEDESTRIAN,Cross/Enter at Intersection,NO IMPROPER ACTIONS,DRIVEWAY ACCESS MARKED CROSSWALK,No,SUSPECTED SERIOUS INJURY,NONE,39.05643922,-76.96700331,"(39.05643922, -76.96700331)"
EJ785600BZ,230047508,Gaithersburg Police Depar,Injury Crash,08/02/2023 06:37:00 PM,Municipality,KENTLANDS BLVD,MARKET ST,,GAITHERSBURG,PEDESTRIAN,OTHER,CLOUDY,DRY,DAYLIGHT,STOP SIGN,N/A,N/A,A931C563-4A9D-486A-8025-A0ACE268A27F,PEDESTRIAN,Cross/Enter at Intersection,NO IMPROPER ACTIONS,AT INTERSECTION MARKED CROSSWALK,No,SUSPECTED MINOR INJURY,NONE,39.1232753,-77.2360439,"(39.1232753, -77.2360439)"
MCP2921004L,230008946,Montgomery County Police,Injury Crash,02/22/2023 04:12:00 PM,,,,"PARKING LOT/DRIVEWAY OF MCDONALD'S LOCATED AT 12982 MIDDLEBROOK RD. GERMANTOWN, MD 20874.",,PEDESTRIAN,SINGLE VEHICLE,CLEAR,,DAYLIGHT,N/A,NONE DETECTED,UNKNOWN,D0665EC8-CE67-48B5-8342-2E5AE54A146F,PEDESTRIAN,Walking/Riding w/Traffic,NO IMPROPER ACTIONS,OTHER,No,POSSIBLE INJURY,N/A,39.180255,-77.269395,"(39.180255, -77.269395)"
MCP3123006N,230069784,Montgomery County Police,Injury Crash,12/04/2023 11:58:00 AM,US (State),COLUMBIA PIKE,BLACKBURN RD,,N/A,PEDESTRIAN,SAME DIR REAR END,CLEAR,DRY,DAYLIGHT,TRAFFIC SIGNAL,N/A,N/A,D14DD185-0BA5-426D-837D-AEC92B908196,PEDESTRIAN,Push/Work on Vehicle,NO IMPROPER ACTIONS,OTHER,No,SUSPECTED SERIOUS INJURY,N/A,39.10491517,-76.9330545,"(39.10491517, -76.9330545)"
MCP2821002N,220050750,Montgomery County Police,Injury Crash,11/15/2022 02:25:00 PM,,,,PARKING LOT OF 10215 FERNWOOD RD,,PEDESTRIAN,OTHER,N/A,,DAYLIGHT,NO CONTROLS,UNKNOWN,UNKNOWN,A6D82D8D-CEB0-483D-9F20-C48F55D5FC94,PEDESTRIAN,Standing,N/A,OTHER,No,POSSIBLE INJURY,N/A,39.02356551,-77.13462348,"(39.02356551, -77.13462348)"
MCP3111003Q,210027479,Montgomery County Police,Injury Crash,07/15/2021 11:22:00 AM,County,MACARTHUR BLVD,BEGIN BRIDGE,,N/A,BICYCLIST,SINGLE VEHICLE,CLEAR,DRY,DAYLIGHT,TRAFFIC SIGNAL,UNKNOWN,NONE DETECTED,5406B525-7AF8-4885-8A18-5C0D67552D61,BICYCLIST,Walking/Riding w/Traffic,INATTENTIVE,ON ROADWAY NOT AT CROSSWALK,Yes,POSSIBLE INJURY,MC/BIKE HELMET,38.97282543,-77.14753291,"(38.97282543, -77.14753291)"
MCP2713000L,16002857,Montgomery County Police,Injury Crash,01/15/2016 11:04:00 PM,County,PRICE AVE,GEORGIA AVE,,N/A,PEDESTRIAN,STRAIGHT MOVEMENT ANGLE,RAINING,WET,DARK LIGHTS ON,NO CONTROLS,UNKNOWN,N/A,A58D74A3-7836-4D8A-B09C-C1FFA6ACA8B6,PEDESTRIAN,Cross/Enter at Intersection,NO IMPROPER ACTIONS,ON ROADWAY AT CROSSWALK,No,SUSPECTED MINOR INJURY,NONE,39.04012589,-77.0512189,"(39.04012589, -77.0512189)"