Report Number,Local Case Number,Agency Name,ACRS Report Type,Crash Date/Time,Route Type,Road Name,Cross-Street Name,Off-Road Description,Municipality,Related Non-Motorist,Collision Type,Weather,Surface Condition,Light,Traffic Control,Driver Substance Abuse,Non-Motorist Substance Abuse,Person ID,Pedestrian Type,Pedestrian Movement,Pedestrian Actions,Pedestrian Location,At Fault,Injury Severity,Safety Equipment,Latitude,Longitude,Location
MCP32330038,220039399,Montgomery County Police,Injury Crash,09/10/2022 06:56:00 PM,Maryland (State),PINEY BRANCH RD,CARROLL AVE,,N/A,PEDESTRIAN,SINGLE VEHICLE,CLEAR,DRY,DAWN,WARNING SIGN,NONE DETECTED,NONE DETECTED,4ADAE45E-0669-49B5-B1B7-18B59C51C050,PEDESTRIAN,Cross/Enter not at Intersection,NO IMPROPER ACTIONS,ON ROADWAY AT CROSSWALK,No,SUSPECTED MINOR INJURY,NONE,39.03362783,-77.00331017,"(39.03362783, -77.00331017)"
MCP3038006J,230060111,Montgomery County Police,Injury Crash,10/12/2023 03:46:00 PM,County,ELLSWORTH DR,FENTON ST,,N/A,BICYCLIST,OTHER,CLEAR,DRY,DAYLIGHT,NO CONTROLS,NONE DETECTED,NONE DETECTED,F16F1CD9-5E3C-4B9A-91CE-5B791FB524CA,BICYCLIST,Walking/Riding w/Traffic,NO IMPROPER ACTIONS,ON ROADWAY NOT AT CROSSWALK,No,SUSPECTED MINOR INJURY,MC/BIKE HELMET,38.99732156,-77.02495353,"(38.99732156, -77.02495353)"
EJ7826004D,190022707,Gaithersburg Police Depar,Injury Crash,05/14/2019 12:17:00 PM,,ELLINGTON BLVD,FIELDS RD,,N/A,PEDESTRIAN,OTHER,CLOUDY,DRY,DAYLIGHT,N/A,N/A,N/A,004FB443-B5D0-45DA-8F3B-9888F495EC96,PEDESTRIAN,Cross/Enter at Intersection,NO IMPROPER ACTIONS,ON ROADWAY AT CROSSWALK,No,POSSIBLE INJURY,NONE,39.11518833,-77.20483333,"(39.11518833, -77.20483333)"
MCP2228000P,200001033,Montgomery County Police,Injury Crash,01/07/2020 09:40:00 AM,County,MONTROSE RD,TILDENWOOD DR,,ROCKVILLE,PEDESTRIAN,SINGLE VEHICLE,N/A,DRY,DAYLIGHT,TRAFFIC SIGNAL,NONE DETECTED,NONE DETECTED,55A250BA-F78E-45D8-98A8-2FADF6807426,PEDESTRIAN,Cross/Enter at Intersection,NO IMPROPER ACTIONS,ON ROADWAY AT CROSSWALK,No,SUSPECTED MINOR INJURY,NONE,39.053775,-77.13771333,"(39.053775, -77.13771333)"
MCP20460098,180059937,Montgomery County Police,Injury Crash,11/30/2018 05:32:00 PM,County,BRIGGS CHANEY RD,ASTON MANOR DR,,N/A,PEDESTRIAN,OTHER,CLEAR,DRY,DARK LIGHTS ON,NO CONTROLS,NONE DETECTED,NONE DETECTED,9A37E85E-CAB4-48ED-841F-E9862B93C8D0,PEDESTRIAN,Cross/Enter at Intersection,NO IMPROPER ACTIONS,AT INTERSECTION BUT NO CROSSWALK,No,POSSIBLE INJURY,N/A,39.07589015,-76.94114938,"(39.07589015, -76.94114938)"
MCP3038005B,210039517,Montgomery County Police,Injury Crash,10/04/2021 08:06:00 PM,County,FENTON ST,SLIGO AVE,,N/A,PEDESTRIAN,OTHER,CLEAR,DRY,DARK LIGHTS ON,TRAFFIC SIGNAL,NONE DETECTED,NONE DETECTED,DFB15920-8562-44D6-A6CC-C1388694F245,PEDESTRIAN,Cross/Enter not at Intersection,IN ROADWAY IMPROPERLY,ON ROADWAY NOT AT CROSSWALK,Yes,POSSIBLE INJURY,N/A,38.99007051,-77.02390053,"(38.99007051, -77.02390053)"
MCP32450045,230005127,Montgomery County Police,Injury Crash,01/31/2023 05:35:00 PM,County,OMEGA DR,RESEARCH BLVD,,N/A,PEDESTRIAN,N/A,RAINING,WET,DARK LIGHTS ON,NO CONTROLS,NONE DETECTED,NONE DETECTED,128E2078-BE75-4D57-8289-B0F516541775,PEDESTRIAN,Cross/Enter not at Intersection,DART DASH,ON ROADWAY NOT AT CROSSWALK,Yes,POSSIBLE INJURY,NONE,39.10871833,-77.19306417,"(39.10871833, -77.19306417)"
MCP2832002M,17015784,Montgomery County Police,Injury Crash,03/28/2017 01:38:00 PM,Maryland (State),EAST WEST HWY,GRUBB RD,,N/A,PEDESTRIAN,SINGLE VEHICLE,CLOUDY,DRY,DAYLIGHT,TRAFFIC SIGNAL,NONE DETECTED,NONE DETECTED,C453E4F1-F934-48E4-AF1F-8F114534F46E,PEDESTRIAN,Cross/Enter at Intersection,NO IMPROPER ACTIONS,ON ROADWAY AT CROSSWALK,No,SUSPECTED MINOR INJURY,N/A,38.99381333,-77.05224833,"(38.99381333, -77.05224833)"
MCP2291005S,220006216,Montgomery County Police,Injury Crash,02/12/2022 04:11:00 PM,Maryland (State),OLD GEORGETOWN RD,BEECH AVE,,N/A,BICYCLIST,HEAD ON LEFT TURN,CLEAR,DRY,DAYLIGHT,TRAFFIC SIGNAL,NONE DETECTED,NONE DETECTED,C48ACC2E-1FEC-4072-A715-0E3E6BA2EDB1,BICYCLIST,Standing,NO IMPROPER ACTIONS,SIDEWALK,No,POSSIBLE INJURY,MC/BIKE HELMET,39.01002068,-77.11475414,"(39.01002068, -77.11475414)"
DM8453000L,16052032,Takoma Park Police Depart,Injury Crash,10/10/2016 08:53:00 AM,Maryland (State),PHILADELPHIA AVE,CHICAGO AVE,,TAKOMA PARK,PEDESTRIAN,OTHER,CLEAR,DRY,DAYLIGHT,N/A,NONE DETECTED,NONE DETECTED,AB8EF9FA-B6CE-44B5-A508-3A9F59997B1C,PEDESTRIAN,Cross/Enter at Intersection,UNKNOWN,AT INTERSECTION MARKED CROSSWALK,Unknown,SUSPECTED MINOR INJURY,N/A,38.98666317,-77.02147186,"(38.98666317, -77.02147186)"
MCP31430029,200027271,Montgomery County Police,Injury Crash,07/14/2020 06:30:00 AM,County,MARINELLI RD,ROCKVILLE PIKE,,N/A,PEDESTRIAN,OTHER,CLEAR,DRY,DAYLIGHT,TRAFFIC SIGNAL,NONE DETECTED,NONE DETECTED,741A060D-E358-4268-9F6A-A7B7FC70DDB4,PEDESTRIAN,Cross/Enter at Intersection,NO IMPROPER ACTIONS,ON ROADWAY AT CROSSWALK,Unknown,POSSIBLE INJURY,NONE,39.04735167,-77.11233833,"(39.04735167, -77.11233833)"
MCP3130004H,220006366,Montgomery County Police,Injury Crash,02/14/2022 07:00:00 AM,Maryland (State),CONNECTICUT AVE,WELLER RD,,N/A,PEDESTRIAN,STRAIGHT MOVEMENT ANGLE,CLOUDY,DRY,DAYLIGHT,TRAFFIC SIGNAL,NONE DETECTED,NONE DETECTED,73D2F379-3DB2-41CC-86F9-DEA59003D2D4,PEDESTRIAN,Walking to/from school,NO IMPROPER ACTIONS,AT INTERSECTION MARKED CROSSWALK,No,SUSPECTED MINOR INJURY,N/A,39.06367167,-77.07343,"(39.06367167, -77.07343)"
MCP23480047,180049336,Montgomery County Police,Injury Crash,10/02/2018 10:11:00 PM,,,,PARKING LOT OF KNIGHTS OF PYTHIAS LODGE AT 11011 GAME PRESERVE RD,,PEDESTRIAN,SINGLE VEHICLE,CLEAR,,DARK LIGHTS ON,NO CONTROLS,NONE DETECTED,NONE DETECTED,CF1B4D4E-FB75-47FF-AB81-8933E6390E9F,PEDESTRIAN,Other,OTHER,OTHER,No,SUSPECTED MINOR INJURY,N/A,39.16405734,-77.2294604,"(39.16405734, -77.2294604)"
MCP3280002R,220050990,Montgomery County Police,Injury Crash,11/18/2022 10:28:00 AM,,,,PARKING LOT OF 2300 BROADBIRCH RD,,PEDESTRIAN,OTHER,CLEAR,,DAYLIGHT,NO CONTROLS,NONE DETECTED,NONE DETECTED,53247BF7-7EC7-4F73-B25C-9454E6881334,PEDESTRIAN,Other,NO IMPROPER ACTIONS,OTHER,No,POSSIBLE INJURY,NONE,39.05816833,-76.96123833,"(39.05816833, -76.96123833)"
MCP2951002B,170516494,Montgomery County Police,Injury Crash,06/29/2017 07:20:00 PM,Maryland (State),GEORGIA AVE,LOTTE PLAZA,,N/A,BICYCLIST,SINGLE VEHICLE,CLEAR,DRY,DAYLIGHT,STOP SIGN,NONE DETECTED,NONE DETECTED,D423F8B6-EADD-45F2-8C5F-8D7266F96947,BICYCLIST,Walking/Cycling on Sidewalk,NO IMPROPER ACTIONS,CURB,No,POSSIBLE INJURY,NONE,39.07996167,-77.07373383,"(39.07996167, -77.07373383)"
MCP137800RS,190037868,Montgomery County Police,Injury Crash,08/08/2019 04:32:00 PM,Maryland (State),QUINCE ORCHARD RD,ORCHARD RIDGE DR,,GAITHERSBURG,PEDESTRIAN,SINGLE VEHICLE,CLOUDY,DRY,DAYLIGHT,TRAFFIC SIGNAL,NONE DETECTED,NONE DETECTED,D87A57A4-751A-4781-A1F2-E324D0912438,PEDESTRIAN,Cross/Enter at Intersection,NO IMPROPER ACTIONS,ON ROADWAY AT CROSSWALK,No,SUSPECTED MINOR INJURY,NONE,39.12906759,-77.23353053,"(39.12906759, -77.23353053)"
MCP2639008Z,200008439,Montgomery County Police,Injury Crash,02/20/2020 07:57:00 AM,County,ARCOLA AVE,LAMBERTON DR,,N/A,BICYCLIST,HEAD ON LEFT TURN,CLOUDY,DRY,DAYLIGHT,NO CONTROLS,NONE DETECTED,NONE DETECTED,8A8F995B-92D6-4640-AE8E-9524B35A12D6,BICYCLIST,Walking/Riding w/Traffic,IMPROPER PASSING,SHOULDER,Yes,POSSIBLE INJURY,MC/BIKE HELMET,39.04224,-77.02996333,"(39.04224, -77.02996333)"
MCP31290022,200026231,Montgomery County Police,Injury Crash,07/06/2020 03:47:00 PM,County,SPARTAN RD,GEORGIA AVE,,N/A,OTHER CONVEYANCE,SINGLE VEHICLE,CLEAR,DRY,DAYLIGHT,NO CONTROLS,NONE DETECTED,NONE DETECTED,F77D3000-E430-4400-B86A-4557820455D0,OTHER CONVEYANCE,Cross/Enter at Intersection,IN ROADWAY IMPROPERLY,OUTSIDE RIGHT OF WAY,Yes,SUSPECTED SERIOUS INJURY,NONE,39.15007064,-77.06526871,"(39.15007064, -77.06526871)"
MCP2829003K,170538120,Montgomery County Police,Injury Crash,10/22/2017 07:55:00 AM,County,SPRING ST,ROEDER RD,,N/A,PEDESTRIAN,OTHER,CLEAR,DRY,DAYLIGHT,NO CONTROLS,NONE DETECTED,NONE DETECTED,AE6CB71A-87D8-407B-9D12-76CE8D58B56B,PEDESTRIAN,Cross/Enter not at Intersection,IN ROADWAY IMPROPERLY,ON ROADWAY NOT AT CROSSWALK,Yes,SUSPECTED MINOR INJURY,N/A,38.99901697,-77.02503785,"(38.99901697, -77.02503785)"
EJ7852006F,220046268,Gaithersburg Police Depar,Property Damage Crash,10/21/2022 05:49:00 PM,,,,104 MAIN STREET,,PEDESTRIAN,OTHER,N/A,,DAYLIGHT,N/A,N/A,NONE DETECTED,99D584C1-3E7D-4CE5-B7E2-9D6809B7EF3D,PEDESTRIAN,Other,INATTENTIVE,OUTSIDE RIGHT OF WAY,Yes,NO APPARENT INJURY,REFLECTIVE CLOTHING,39.12431796,-77.2370865,"(39.12431796, -77.2370865)"
DM8434001N,190002928,Takoma Park Police Depart,Injury Crash,01/18/2019 05:01:00 PM,,,,PARKING LOT,,PEDESTRIAN,SINGLE VEHICLE,CLEAR,,DARK LIGHTS ON,NO CONTROLS,N/A,NONE DETECTED,9100658A-C254-4DF5-9414-0B3225809DD6,PEDESTRIAN,Unknown,NO IMPROPER ACTIONS,OTHER,No,POSSIBLE INJURY,NONE,38.98563,-77.00221667,"(38.98563, -77.00221667)"
EJ7886000P,2100366000,Gaithersburg Police Depar,Injury Crash,09/16/2021 10:00:00 PM,County,EMORY GROVE RD,QUAIL VALLEY DR,,N/A,PEDESTRIAN,STRAIGHT MOVEMENT ANGLE,RAINING,WET,DARK LIGHTS ON,NO CONTROLS,UNKNOWN,ALCOHOL PRESENT,8810D129-E59B-4B13-8A4A-9806111812AE,PEDESTRIAN,Cross/Enter at Intersection,UNKNOWN,AT INTERSECTION BUT NO CROSSWALK,No,SUSPECTED MINOR INJURY,N/A,39.15965386,-77.18871888,"(39.15965386, -77.18871888)"
MCP1563008R,230057550,Montgomery County Police,Injury Crash,09/29/2023 05:18:00 PM,,,,SIDEWALK/PAVED PATH IN FRONT OF 9111 RIVER RD. DRIVEWAY ADJACENT TO ROADWAY,,BICYCLIST,STRAIGHT MOVEMENT ANGLE,CLOUDY,,DAYLIGHT,STOP SIGN,NONE DETECTED,NONE DETECTED,136F7158-98E3-48EE-B750-98C9EEBA6B38,BICYCLIST,Walking/Cycling on Sidewalk,NO IMPROPER ACTIONS,SHARED USE PATH OR TRAILS,No,SUSPECTED MINOR INJURY,MC/BIKE HELMET,39.00456,-77.18641167,"(39.00456, -77.18641167)"
MCP2087001Z,170534160,Montgomery County Police,Injury Crash,10/01/2017 01:07:00 PM,County,MAGELLAN AVE,GLASGOW DR,,N/A,BICYCLIST,SINGLE VEHICLE,CLEAR,DRY,DAYLIGHT,STOP SIGN,NONE DETECTED,NONE DETECTED,CBCE76FE-0632-4C77-9CC7-4F466D9DE9EC,BICYCLIST,Cross/Enter at Intersection,FAILURE TO OBEY TRAFFIC SIGNS SIGNALS OR OFFICER,ON ROADWAY NOT AT CROSSWALK,Yes,POSSIBLE INJURY,NONE,39.07089333,-77.0922,"(39.07089333, -77.0922)"
MCP28230012,15005505,Montgomery County Police,Injury Crash,02/03/2015 04:37:00 PM,,,,4101 Aspen Hill Road (Shell Gas Station),,PEDESTRIAN,OTHER,CLEAR,,DAYLIGHT,NO CONTROLS,NONE DETECTED,NONE DETECTED,18E9E4D5-E450-45E7-85D1-42A67122ADD9,PEDESTRIAN,Standing,N/A,INSIDE BUILDING,,SUSPECTED MINOR INJURY,N/A,39.08039167,-77.08152667,"(39.08039167, -77.08152667)"
DD5634000Z,180064599,Rockville Police Departme,Injury Crash,12/26/2018 06:00:00 PM,Maryland (State),HUNGERFORD DR,N WASHINGTON ST,,ROCKVILLE,PEDESTRIAN,OTHER,CLOUDY,DRY,DARK LIGHTS ON,TRAFFIC SIGNAL,NONE DETECTED,NONE DETECTED,30FD3B1A-7979-486C-9098-FB27FA26910A,PEDESTRIAN,Cross/Enter at Intersection,NO IMPROPER ACTIONS,ON ROADWAY AT CROSSWALK,No,POSSIBLE INJURY,NONE,39.0920635,-77.15303667,"(39.0920635, -77.15303667)"
MCP3114001N,190053512,Montgomery County Police,Injury Crash,11/06/2019 05:22:00 PM,Other Public Roadway,CALVERTON BLVD,CHERRY HILL RD,,N/A,PEDESTRIAN,SINGLE VEHICLE,CLEAR,DRY,DARK LIGHTS ON,NO CONTROLS,NONE DETECTED,NONE DETECTED,33666EB0-36AC-4CC4-B610-28A572FFBDE5,PEDESTRIAN,Cross/Enter at Intersection,NO IMPROPER ACTIONS,ON ROADWAY AT CROSSWALK,No,SUSPECTED MINOR INJURY,NONE,39.056385,-76.95302833,"(39.056385, -76.95302833)"
MCP23530066,180057453,Montgomery County Police,Injury Crash,11/16/2018 08:53:00 AM,County,MAYFIELD DR,LONE OAK DR,,N/A,PEDESTRIAN,SINGLE VEHICLE,CLOUDY,WET,DAYLIGHT,NO CONTROLS,UNKNOWN,NONE DETECTED,C5A1B403-4593-4DDB-9C4B-70FFC0959BB5,PEDESTRIAN,Cross/Enter at Intersection,NO IMPROPER ACTIONS,AT INTERSECTION MARKED CROSSWALK,No,SUSPECTED MINOR INJURY,NONE,39.02067018,-77.13102063,"(39.02067018, -77.13102063)"
MCP3059007Y,220021726,Montgomery County Police,Injury Crash,05/21/2022 05:44:00 PM,County,SENECA FOREST CIR,SENECA FOREST CIR,,N/A,OTHER,SAME DIR REAR END,CLEAR,DRY,DAYLIGHT,NO CONTROLS,,NONE DETECTED,7C11BD5E-EA55-4E90-841B-38A1EECFDD2C,OTHER,Getting off/on Vehicle,ENTERING EXITING PARKED STANDING VEHICLE,OTHER,Yes,NO APPARENT INJURY,N/A,39.20750333,-77.234685,"(39.20750333, -77.234685)"
MCP2335001Q,220031928,Montgomery County Police,Injury Crash,07/24/2022 11:00:00 PM,County,NEEDLE DR,STRINGTOWN RD,,N/A,PEDESTRIAN,SINGLE VEHICLE,CLEAR,DRY,DARK NO LIGHTS,NO CONTROLS,N/A,NONE DETECTED,35423570-E129-434F-8BDB-442BFEDA3082,PEDESTRIAN,Standing,UNKNOWN,OTHER,No,SUSPECTED SERIOUS INJURY,N/A,39.22153777,-77.24664433,"(39.22153777, -77.24664433)"
DD5653001X,220045117,Rockville Police Departme,Property Damage Crash,10/14/2022 07:30:00 AM,Municipality,MARYLAND AVE,NEW MARK ESPLANADE,,ROCKVILLE,BICYCLIST,SINGLE VEHICLE,CLOUDY,UNKNOWN,DAYLIGHT,STOP SIGN,UNKNOWN,N/A,4E42D942-A912-4DD4-B121-CE958A966F76,BICYCLIST,Walking/Riding w/Traffic,NO IMPROPER ACTIONS,IN BIKEWAY,No,NO APPARENT INJURY,MC/BIKE HELMET,39.0788738,-77.15614325,"(39.0788738, -77.15614325)"
MCP2890000R,15052280,MONTGOMERY,Injury Crash,10/14/2015 11:33:00 PM,County,MIDDLEBROOK RD,FREDERICK RD,,N/A,PEDESTRIAN,SINGLE VEHICLE,CLEAR,DRY,DARK NO LIGHTS,NO CONTROLS,NONE DETECTED,NONE DETECTED,4EF7F2F6-5EB7-47BA-8EB1-E251B17E9611,PEDESTRIAN,Cross/Enter not at Intersection,DART DASH,ON ROADWAY NOT AT CROSSWALK,Yes,SUSPECTED SERIOUS INJURY,N/A,39.18172167,-77.23669,"(39.18172167, -77.23669)"
MCP2001001G,200045803,Montgomery County Police,Fatal Crash,11/20/2020 05:16:00 AM,Maryland (State),ROCKVILLE PIKE,GROSVENOR LA,,N/A,PEDESTRIAN,SINGLE VEHICLE,CLEAR,DRY,DARK LIGHTS ON,OTHER,NONE DETECTED,N/A,6F258D73-FB16-43ED-A9A7-0542E55FCC2A,PEDESTRIAN,Cross/Enter at Intersection,UNKNOWN,ON ROADWAY AT CROSSWALK,Yes,FATAL INJURY,OTHER,39.02256036,-77.10278445,"(39.02256036, -77.10278445)"
MCP30160021,180051626,Montgomery County Police,Injury Crash,10/15/2018 02:30:00 PM,Maryland (State),GREAT SENECA HWY,RICHTER FARM RD,,N/A,PEDESTRIAN,SINGLE VEHICLE,RAINING,WET,DAYLIGHT,TRAFFIC SIGNAL,N/A,N/A,939400A7-F843-4A58-9D2B-B5FBF733A79C,PEDESTRIAN,Cross/Enter at Intersection,DART DASH,AT INTERSECTION MARKED CROSSWALK,Yes,POSSIBLE INJURY,NONE,39.148822,-77.27670067,"(39.148822, -77.27670067)"
DM83880030,190026013,Takoma Park Police Depart,Injury Crash,05/31/2019 04:42:00 PM,,,,PARKING LOT OF 1127 UNIVERSITY BLVD.,,PEDESTRIAN,OTHER,CLEAR,,DAYLIGHT,NO CONTROLS,NONE DETECTED,NONE DETECTED,1FC70D6B-90EB-489A-AFE9-1D8A9791B9A6,PEDESTRIAN,Playing,DART DASH,OTHER,Yes,POSSIBLE INJURY,N/A,38.55400492,-79.18192616,"(38.55400492, -79.18192616)"
MCP2987004F,180054734,Montgomery County Police,Injury Crash,11/01/2018 06:21:00 AM,Maryland (State),NEW HAMPSHIRE AVE,NORTHAMPTON DR,,N/A,PEDESTRIAN,STRAIGHT MOVEMENT ANGLE,CLEAR,DRY,DARK LIGHTS ON,NO CONTROLS,NONE DETECTED,NONE DETECTED,40094AB5-4347-4C63-92A3-68371C1CA2CC,PEDESTRIAN,Cross/Enter not at Intersection,IN ROADWAY IMPROPERLY,ON ROADWAY NOT AT CROSSWALK,Yes,SUSPECTED SERIOUS INJURY,NONE,39.007785,-76.97982333,"(39.007785, -76.97982333)"
MCP2987000Q,16023118,Montgomery County Police,Injury Crash,05/10/2016 07:30:00 AM,,,,"IN DRIVEWAY OF 509 HARDING DR, SILVER SPRING MD 20901",,PEDESTRIAN,SINGLE VEHICLE,CLEAR,,DAYLIGHT,NO CONTROLS,NONE DETECTED,NONE DETECTED,05240AE3-201B-43C4-8CD8-8092A6BD84F2,PEDESTRIAN,Standing,NOT VISIBLE,OTHER,Yes,SUSPECTED MINOR INJURY,NONE,39.01157833,-76.98385667,"(39.01157833, -76.98385667)"
MCP25340048,220025009,Montgomery County Police,Injury Crash,06/10/2022 10:35:00 PM,Maryland (State),UNIVERSITY BLVD W,ELKIN ST,,N/A,PEDESTRIAN,SINGLE VEHICLE,CLEAR,DRY,DARK LIGHTS ON,NO CONTROLS,NONE DETECTED,NONE DETECTED,FA1AABA5-45BB-46FE-996C-D36B69EA6BE7,PEDESTRIAN,Cross/Enter not at Intersection,UNKNOWN,ON ROADWAY NOT AT CROSSWALK,Yes,SUSPECTED MINOR INJURY,N/A,39.0414565,-77.05098933,"(39.0414565, -77.05098933)"
MCP2635008L,230063652,Montgomery County Police,Injury Crash,10/31/2023 05:49:00 PM,County,ASPEN HILL RD,ARCTIC AVE,,N/A,PEDESTRIAN,OTHER,CLEAR,DRY,DAYLIGHT,TRAFFIC SIGNAL,N/A,N/A,6DE46D4A-93CA-4A37-9566-95F9FEBB2060,PEDESTRIAN,Cross/Enter at Intersection,NO IMPROPER ACTIONS,ON ROADWAY AT CROSSWALK,No,SUSPECTED MINOR INJURY,NONE,39.0712315,-77.09882583,"(39.0712315, -77.09882583)"
DD5603008C,200028613,Rockville Police Departme,Injury Crash,07/23/2020 02:15:00 PM,Maryland (State),ROCKVILLE PIKE,HALPINE RD,,ROCKVILLE,PEDESTRIAN,OTHER,CLEAR,DRY,DAYLIGHT,TRAFFIC SIGNAL,NONE DETECTED,NONE DETECTED,22AC67AE-17F4-45CF-A6BB-D0304FF6D7AC,PEDESTRIAN,Cross/Enter at Intersection,NO IMPROPER ACTIONS,AT INTERSECTION MARKED CROSSWALK,No,SUSPECTED MINOR INJURY,NONE,39.06163528,-77.124226,"(39.06163528, -77.124226)"
MCP3358000G,230019203,Montgomery County Police,Injury Crash,04/22/2023 10:10:00 AM,Municipality,LELAND ST,OAK LA,,CHEVY CHASE #4,BICYCLIST,STRAIGHT MOVEMENT ANGLE,CLEAR,DRY,DAYLIGHT,STOP SIGN,N/A,N/A,EBACE963-7760-4A4E-9499-DC20CF6734C8,BICYCLIST,Cross/Enter at Intersection,FAILURE TO OBEY TRAFFIC SIGNS SIGNALS OR OFFICER,ON ROADWAY NOT AT CROSSWALK,Yes,SUSPECTED MINOR INJURY,MC/BIKE HELMET,38.9851545,-77.08398083,"(38.9851545, -77.08398083)"
MCP2671002B,190060159,Montgomery County Police,Property Damage Crash,12/13/2019 06:30:00 PM,County,WAYNE AVE,GEORGIA AVE,,N/A,PEDESTRIAN,SINGLE VEHICLE,RAINING,WET,DARK LIGHTS ON,TRAFFIC SIGNAL,NONE DETECTED,NONE DETECTED,585B9975-CCA2-4D76-80E8-858ACCD51618,PEDESTRIAN,Cross/Enter at Intersection,FAILURE TO OBEY TRAFFIC SIGNS SIGNALS OR OFFICER,ON ROADWAY AT CROSSWALK,Yes,NO APPARENT INJURY,NONE,38.99446114,-77.02693229,"(38.99446114, -77.02693229)"
HA2434000C,17001376,Maryland-National Capital,Injury Crash,10/14/2017 07:09:00 PM,Government,SLIGO CREEK PKWY,SCHUYLER RD,,N/A,PEDESTRIAN,OTHER,CLEAR,DRY,DUSK,STOP SIGN,N/A,N/A,8C97EBEE-2559-40FD-8B2B-D209B8B00435,PEDESTRIAN,Cross/Enter at Intersection,DART DASH,ON ROADWAY AT CROSSWALK,No,POSSIBLE INJURY,NONE,39.00255115,-77.01304972,"(39.00255115, -77.01304972)"
MCP3263001H,210042562,Montgomery County Police,Injury Crash,10/22/2021 05:04:00 PM,County,HIGHLAND AVE,TILBURY ST,,N/A,PEDESTRIAN,OTHER,CLEAR,DRY,DARK LIGHTS ON,STOP SIGN,NONE DETECTED,NONE DETECTED,6276A9E3-5C13-44B7-9B96-1195BBE0665E,PEDESTRIAN,Cross/Enter at Intersection,NO IMPROPER ACTIONS,ON ROADWAY AT CROSSWALK,No,SUSPECTED MINOR INJURY,NONE,38.99110833,-77.09392833,"(38.99110833, -77.09392833)"
DD56110054,180042145,Rockville Police Departme,Property Damage Crash,08/24/2018 07:55:00 AM,Municipality,W GUDE DR,GAITHER RD,,ROCKVILLE,PEDESTRIAN,SINGLE VEHICLE,CLEAR,DRY,DAYLIGHT,NO CONTROLS,N/A,UNKNOWN,9D173C4C-118D-4F5B-8CB5-AFA2A189FFBB,PEDESTRIAN,Standing,IN ROADWAY IMPROPERLY,ON ROADWAY NOT AT CROSSWALK,Yes,NO APPARENT INJURY,N/A,39.10669833,-77.16453833,"(39.10669833, -77.16453833)"
MCP30420039,210029396,Montgomery County Police,Injury Crash,07/29/2021 10:50:00 AM,County,FERRARA AVE,FERRARA DR,,N/A,PEDESTRIAN,N/A,CLEAR,DRY,DAYLIGHT,NO CONTROLS,,NONE DETECTED,1C0E41A0-2316-48E3-99D0-E9F8EB4050D6,PEDESTRIAN,Getting off/on Vehicle,ENTERING EXITING PARKED STANDING VEHICLE,MEDIAN,Yes,SUSPECTED SERIOUS INJURY,NONE,39.052365,-77.077675,"(39.052365, -77.077675)"
MCP27470014,15039852,MONTGOMERY,Injury Crash,08/10/2015 08:45:00 PM,Maryland (State),GEORGIA AVE,CONNECTICUT AVE,,N/A,PEDESTRIAN,STRAIGHT MOVEMENT ANGLE,CLOUDY,WET,DARK LIGHTS ON,NO CONTROLS,NONE DETECTED,NONE DETECTED,5F2768FD-35AD-4114-8C9D-1168AAFDC609,PEDESTRIAN,Cross/Enter at Intersection,DART DASH,ON ROADWAY AT CROSSWALK,No,SUSPECTED MINOR INJURY,N/A,39.0841,-77.08213833,"(39.0841, -77.08213833)"
MCP28130016,15031257,Montgomery County Police,Injury Crash,06/26/2015 03:10:00 PM,,,,DRIVEWAY OF 10820 GEORGIA AVE,,BICYCLIST,SINGLE VEHICLE,CLEAR,,DAYLIGHT,NO CONTROLS,N/A,N/A,DC2D21EB-E9D6-4D88-8630-6386EC4B7705,BICYCLIST,Walking/Riding against Traffic,WRONG WAY RIDING OR WALKING,SHOULDER,,POSSIBLE INJURY,N/A,39.03275667,-77.04888667,"(39.03275667, -77.04888667)"
MCP32000027,200050155,Montgomery County Police,Injury Crash,12/21/2020 11:25:00 AM,County,OLD STAGE RD,OLD BRIDGE RD,,N/A,PEDESTRIAN,OTHER,FOGGY,WET,DAYLIGHT,STOP SIGN,NONE DETECTED,NONE DETECTED,3D7A2C3E-2AD0-4A97-8ADC-CBF3F04F0185,PEDESTRIAN,Cross/Enter at Intersection,NO IMPROPER ACTIONS,ON ROADWAY AT CROSSWALK,No,SUSPECTED MINOR INJURY,NONE,39.05184575,-77.14570648,"(39.05184575, -77.14570648)"
MCP29660050,180050359,Montgomery County Police,Injury Crash,10/08/2018 07:20:00 PM,County,ASPEN HILL RD,ARCTIC AVE,,N/A,BICYCLIST,OTHER,CLEAR,DRY,DARK LIGHTS ON,TRAFFIC SIGNAL,NONE DETECTED,NONE DETECTED,C2AD26FA-941C-4D06-8C48-AF4BA3B8A8F5,BICYCLIST,Cross/Enter at Intersection,NO IMPROPER ACTIONS,ON ROADWAY AT CROSSWALK,No,SUSPECTED MINOR INJURY,N/A,39.07151,-77.09904167,"(39.07151, -77.09904167)"
MCP3337000V,220049173,Montgomery County Police,Injury Crash,11/07/2022 06:13:00 PM,Maryland (State),GEORGIA AVE,EPPING RD,,N/A,OTHER CONVEYANCE,HEAD ON LEFT TURN,CLEAR,DRY,DARK LIGHTS ON,NO CONTROLS,NONE DETECTED,NONE DETECTED,0F6C46AA-9E0E-4CFB-ACDD-507E0C6DB9E7,OTHER CONVEYANCE,Cross/Enter at Intersection,NO IMPROPER ACTIONS,AT INTERSECTION BUT NO CROSSWALK,No,SUSPECTED MINOR INJURY,NONE,39.06520703,-77.05779474,"(39.06520703, -77.05779474)"
MCP2799002N,170501295,Montgomery County Police,Injury Crash,04/09/2017 08:44:00 PM,County,MORNINGWOOD DR,MORNINGWOOD CT,,N/A,BICYCLIST,HEAD ON,CLEAR,DRY,DARK NO LIGHTS,N/A,,ALCOHOL PRESENT,AAF5730E-F6CE-4E77-9BB7-6769523E5005,BICYCLIST,Walking/Riding w/Traffic,INATTENTIVE,ON ROADWAY NOT AT CROSSWALK,Yes,SUSPECTED MINOR INJURY,NONE,39.15077333,-77.08787167,"(39.15077333, -77.08787167)"