Report Number,Local Case Number,Agency Name,ACRS Report Type,Crash Date/Time,Route Type,Road Name,Cross-Street Name,Off-Road Description,Municipality,Related Non-Motorist,Collision Type,Weather,Surface Condition,Light,Traffic Control,Driver Substance Abuse,Non-Motorist Substance Abuse,Person ID,Pedestrian Type,Pedestrian Movement,Pedestrian Actions,Pedestrian Location,At Fault,Injury Severity,Safety Equipment,Latitude,Longitude,Location
MCP235800BW,230062610,Montgomery County Police,Injury Crash,10/26/2023 06:30:00 AM,County,MACARTHUR BLVD,SANGAMORE RD,,N/A,BICYCLIST,STRAIGHT MOVEMENT ANGLE,CLEAR,DRY,DARK LIGHTS ON,TRAFFIC SIGNAL,NONE DETECTED,NONE DETECTED,A6176535-1334-4E7E-8C0C-9E88273A0D24,BICYCLIST,Walking/Riding w/Traffic,NO IMPROPER ACTIONS,OTHER,No,POSSIBLE INJURY,MC/BIKE HELMET,38.96858,-77.13904,"(38.96858, -77.13904)"
MCP9386008Z,210052390,Montgomery County Police,Property Damage Crash,12/23/2021 06:10:00 PM,County,PRICHARD RD,CONE LA,,N/A,PEDESTRIAN,OTHER,CLEAR,DRY,DARK LIGHTS ON,N/A,NONE DETECTED,NONE DETECTED,EFBDCC07-B68A-4ACE-A055-1D5402D70B37,PEDESTRIAN,Standing,NO IMPROPER ACTIONS,ON ROADWAY NOT AT CROSSWALK,No,NO APPARENT INJURY,NONE,39.0366085,-77.04600817,"(39.0366085, -77.04600817)"
MCP2159000T,220042533,Montgomery County Police,Property Damage Crash,09/29/2022 03:08:00 PM,County,DAWSON FARM RD,GERMANTOWN RD,,N/A,BICYCLIST,STRAIGHT MOVEMENT ANGLE,CLEAR,DRY,DAYLIGHT,TRAFFIC SIGNAL,N/A,UNKNOWN,A7E1EFC9-6944-48E9-AA92-9F388F811F41,BICYCLIST,Unknown,UNKNOWN,UNKNOWN,Yes,NO APPARENT INJURY,UNKNOWN,39.17141108,-77.27718681,"(39.17141108, -77.27718681)"
MCP2818004B,190018118,Montgomery County Police,Injury Crash,04/18/2019 09:53:00 AM,County,GROVE ST,SLIGO AVE,,N/A,PEDESTRIAN,OTHER,CLOUDY,DRY,DAYLIGHT,STOP SIGN,NONE DETECTED,NONE DETECTED,74A92D26-C72B-4395-A99E-39610AFE2749,PEDESTRIAN,Other,NO IMPROPER ACTIONS,AT INTERSECTION MARKED CROSSWALK,No,SUSPECTED MINOR INJURY,N/A,38.99017264,-77.0218665,"(38.99017264, -77.0218665)"
MCP2966000Z,15043905,MONTGOMERY,Injury Crash,09/01/2015 10:23:00 AM,County,OLD BALTIMORE RD,GEORGIA AVE,,N/A,BICYCLIST,OTHER,CLEAR,DRY,DAYLIGHT,TRAFFIC SIGNAL,NONE DETECTED,NONE DETECTED,613AB5F9-8B3B-4787-AB53-87D2FEA813F2,BICYCLIST,Cross/Enter at Intersection,N/A,ON ROADWAY AT CROSSWALK,No,SUSPECTED MINOR INJURY,MC/BIKE HELMET,39.13700921,-77.06881285,"(39.13700921, -77.06881285)"
MCP2877006W,190021647,Montgomery County Police,Injury Crash,05/08/2019 07:30:00 AM,Maryland (State),GEORGIA AVE,BELVEDERE BLVD,,N/A,PEDESTRIAN,SAME DIRECTION SIDESWIPE,CLEAR,DRY,DAYLIGHT,NO CONTROLS,NONE DETECTED,NONE DETECTED,1FDC2172-16F2-4598-B6F3-30407CF91234,PEDESTRIAN,Cross/Enter not at Intersection,INATTENTIVE,ON ROADWAY NOT AT CROSSWALK,Yes,SUSPECTED MINOR INJURY,NONE,39.01937898,-77.04395262,"(39.01937898, -77.04395262)"
MCP2617002R,16065629,Montgomery County Police,Property Damage Crash,12/22/2016 08:16:00 AM,Maryland (State),MASSACHUSETTS AVE,WESTBARD AVE,,N/A,BICYCLIST,OTHER,CLEAR,DRY,DAYLIGHT,TRAFFIC SIGNAL,NONE DETECTED,NONE DETECTED,F298094D-3987-488F-A3B7-77BEA038ED20,BICYCLIST,Cross/Enter at Intersection,NO IMPROPER ACTIONS,ON ROADWAY AT CROSSWALK,No,NO APPARENT INJURY,MC/BIKE HELMET,38.95845667,-77.10993833,"(38.95845667, -77.10993833)"
MCP3014001W,180054797,Montgomery County Police,Injury Crash,11/01/2018 03:01:00 PM,,,,"SIDEWALK IN FRONT OF 14101 GEORGIA AVENUE SILVER SPRING, MARYLAND 20906",,PEDESTRIAN,OTHER,CLEAR,,DAYLIGHT,NO CONTROLS,NONE DETECTED,NONE DETECTED,9D13568A-A7DF-422B-9D9C-39EAACADE8FB,PEDESTRIAN,Other,NO IMPROPER ACTIONS,SIDEWALK,No,SUSPECTED MINOR INJURY,NONE,39.08505,-77.07823167,"(39.08505, -77.07823167)"
MCP2717008V,16065025,Montgomery County Police,Injury Crash,12/19/2016 12:45:00 PM,,,,10400 OLD GEORGETOWN ROAD (GIANT FOOD PARKING LOT),,PEDESTRIAN,OTHER,CLEAR,,DAYLIGHT,NO CONTROLS,NONE DETECTED,NONE DETECTED,BCFFB152-7A45-4A35-8B48-2C86C1780C74,PEDESTRIAN,Cross/Enter not at Intersection,DART DASH,OUTSIDE RIGHT OF WAY,Yes,SUSPECTED MINOR INJURY,NONE,39.02603667,-77.126905,"(39.02603667, -77.126905)"
MCP2603002G,180062405,Montgomery County Police,Injury Crash,12/14/2018 08:36:00 AM,County,SNOUFFERS SCHOOL RD,LEWISBERRY DR,,N/A,PEDESTRIAN,OTHER,CLOUDY,N/A,DAYLIGHT,TRAFFIC SIGNAL,N/A,N/A,6052B498-AA78-4427-8C77-340E0E65C52F,PEDESTRIAN,Unknown,NO IMPROPER ACTIONS,ON ROADWAY AT CROSSWALK,No,SUSPECTED MINOR INJURY,N/A,39.18288,-77.182245,"(39.18288, -77.182245)"
HA2497000C,230062265,Maryland-National Capital,Injury Crash,10/25/2023 07:00:00 AM,County,KEATING ST,JUSTICE RD,,N/A,PEDESTRIAN,SINGLE VEHICLE,CLEAR,DRY,DAWN,STOP SIGN,N/A,N/A,C56089C3-432C-494F-AFA4-0761FCE3C497,PEDESTRIAN,Unknown,UNKNOWN,ON ROADWAY AT CROSSWALK,No,SUSPECTED MINOR INJURY,NONE,39.07669637,-77.08936362,"(39.07669637, -77.08936362)"
DD5623000C,170529119,Rockville Police Departme,Injury Crash,09/07/2017 07:49:00 AM,Maryland (State),ROCKVILLE PIKE,RICHARD MONTGOMERY DR,,ROCKVILLE,PEDESTRIAN,OTHER,CLEAR,DRY,DAYLIGHT,TRAFFIC SIGNAL,NONE DETECTED,NONE DETECTED,7E3591CB-62F8-491C-A6A9-E34AA61A3084,PEDESTRIAN,Cross/Enter at Intersection,NO IMPROPER ACTIONS,AT INTERSECTION MARKED CROSSWALK,No,POSSIBLE INJURY,NONE,39.08063033,-77.14393733,"(39.08063033, -77.14393733)"
MCP2848005W,170550147,Montgomery County Police,Injury Crash,12/22/2017 01:03:00 PM,,,,NORDSTORM PARKING GARAGE-7111 DEMOCRACY BLVD,,PEDESTRIAN,OTHER,CLEAR,,DAYLIGHT,NO CONTROLS,NONE DETECTED,NONE DETECTED,150D3CCB-B772-420B-AC69-D563B65446E2,PEDESTRIAN,Cross/Enter at Intersection,NO IMPROPER ACTIONS,OTHER,No,POSSIBLE INJURY,NONE,39.02394667,-77.14436667,"(39.02394667, -77.14436667)"
MCP23580025,16042259,Montgomery County Police,Injury Crash,08/20/2016 07:10:00 AM,County,DEMOCRACY BLVD,RAMP 2 FR DEMOCRACY BLVD TO IS 270Y NB,,N/A,BICYCLIST,OTHER,CLEAR,DRY,DAYLIGHT,N/A,NONE DETECTED,NONE DETECTED,C25F76CE-397F-4B74-AE45-739FB95C24AB,BICYCLIST,Walking/Riding w/Traffic,NO IMPROPER ACTIONS,OTHER,No,SUSPECTED SERIOUS INJURY,UNKNOWN,38.99748,-77.10974,"(38.99748, -77.10974)"
EJ7873006C,220051445,Gaithersburg Police Depar,Injury Crash,11/19/2022 06:55:00 PM,,,,"IN THE PARKING LOT OF 366 N SUMMIT AVE GAITHERSBURG, MD 20877",,PEDESTRIAN,OTHER,UNKNOWN,,DARK LIGHTS ON,NO CONTROLS,UNKNOWN,NONE DETECTED,2AE81C74-BB4E-46EA-8C95-186FD2094F9E,PEDESTRIAN,Other,DART DASH,OTHER,Yes,POSSIBLE INJURY,NONE,39.14848487,-77.19115591,"(39.14848487, -77.19115591)"
DD55980022,170539245,Rockville Police Departme,Injury Crash,10/27/2017 06:58:00 PM,Maryland (State),VEIRS MILL RD,ATLANTIC AVE,,ROCKVILLE,PEDESTRIAN,STRAIGHT MOVEMENT ANGLE,CLEAR,DRY,DARK LIGHTS ON,TRAFFIC SIGNAL,N/A,N/A,3A3851FB-C037-43B6-8B72-DB4F2B3C0BAD,PEDESTRIAN,Cross/Enter at Intersection,N/A,ON ROADWAY AT CROSSWALK,No,SUSPECTED MINOR INJURY,N/A,39.07521933,-77.11582817,"(39.07521933, -77.11582817)"
MCP2853005R,190007242,Montgomery County Police,Injury Crash,02/14/2019 04:19:00 AM,Maryland (State),UNIVERSITY BLVD W,LEXINGTON ST,,N/A,PEDESTRIAN,OTHER,CLEAR,DRY,N/A,TRAFFIC SIGNAL,N/A,N/A,2F651CFE-4F38-4864-91F0-DFA59DBB4930,PEDESTRIAN,Cross/Enter at Intersection,FAILURE TO OBEY TRAFFIC SIGNS SIGNALS OR OFFICER,ON ROADWAY AT CROSSWALK,Yes,SUSPECTED SERIOUS INJURY,N/A,39.01957,-77.01117833,"(39.01957, -77.01117833)"
MCP2676001Q,15061648,MONTGOMERY,Injury Crash,12/02/2015 10:44:00 PM,County,MIDCOUNTY HWY,WOODFIELD RD,,N/A,PEDESTRIAN,OTHER,N/A,DRY,DARK NO LIGHTS,NO CONTROLS,N/A,N/A,D62B14F8-463B-4614-BC02-0AF98F52E704,PEDESTRIAN,Other,DART DASH,OTHER,Yes,SUSPECTED MINOR INJURY,NONE,39.15505667,-77.18051076,"(39.15505667, -77.18051076)"
MCP3230004L,230055094,Montgomery County Police,Injury Crash,09/15/2023 03:47:00 PM,County,BEL PRE RD,PARKER FARM WAY,,N/A,PEDESTRIAN,OTHER,CLEAR,DRY,DAYLIGHT,TRAFFIC SIGNAL,UNKNOWN,NONE DETECTED,17C3C93E-6BE8-4D5E-9705-0D49858E3004,PEDESTRIAN,Cross/Enter at Intersection,NO IMPROPER ACTIONS,ON ROADWAY AT CROSSWALK,No,SUSPECTED MINOR INJURY,N/A,39.09044757,-77.05077914,"(39.09044757, -77.05077914)"
MCP229800L8,180053322,Montgomery County Police,Injury Crash,10/24/2018 05:33:00 PM,,,,PARKING LOT OF 22222 DAVIS MILL RD,,"MACHINE OPERATOR/RIDER, OTHER",OTHER,CLEAR,,DAYLIGHT,NO CONTROLS,,NONE DETECTED,9B46E634-02FE-4FB2-A79F-5F5601A80AFA,MACHINE OPERATOR/RIDER,N/A,OTHER,OTHER,Unknown,POSSIBLE INJURY,N/A,39.221495,-77.2227965,"(39.221495, -77.2227965)"
MCP2664005M,220010551,Montgomery County Police,Injury Crash,03/11/2022 04:02:00 PM,Maryland (State),OLNEY LAYTONSVILLE RD,ENT TO SHOPPING CENTER,,N/A,BICYCLIST,SINGLE VEHICLE,CLEAR,DRY,DAYLIGHT,STOP SIGN,NONE DETECTED,NONE DETECTED,F2A0E6DB-05B2-47CA-AE37-0851A0E03920,BICYCLIST,Cross/Enter at Intersection,NO IMPROPER ACTIONS,ON ROADWAY AT CROSSWALK,No,SUSPECTED MINOR INJURY,MC/BIKE HELMET,39.15379386,-77.06830777,"(39.15379386, -77.06830777)"
DD5583007T,230005382,Rockville Police Departme,Property Damage Crash,02/02/2023 09:00:00 AM,Service Road,S CAMPUS DR,ENT TO PARKING,,N/A,PEDESTRIAN,SINGLE VEHICLE,CLEAR,DRY,DAYLIGHT,N/A,NONE DETECTED,UNKNOWN,C7EC8AD6-64E7-4CCE-AEB1-4E7DF44A91AD,PEDESTRIAN,Cross/Enter not at Intersection,DART DASH,ON ROADWAY NOT AT CROSSWALK,Yes,NO APPARENT INJURY,NONE,39.09637809,-77.15823874,"(39.09637809, -77.15823874)"
MCP2738004D,220052755,Montgomery County Police,Injury Crash,11/29/2022 09:53:00 PM,Maryland (State),NEW HAMPSHIRE AVE,LOCKWOOD DR,,N/A,PEDESTRIAN,OTHER,CLEAR,DRY,N/A,TRAFFIC SIGNAL,N/A,N/A,9C39FDED-12CA-48F9-8DBC-6E3DB9034031,PEDESTRIAN,Standing,UNKNOWN,MEDIAN,Unknown,SUSPECTED MINOR INJURY,N/A,39.0393995,-76.990528,"(39.0393995, -76.990528)"
MCP22990008,16044954,Montgomery County Police,Injury Crash,09/02/2016 06:23:00 PM,,,,"MONTGOMERY COUNTY PARKING LOT 20
8212 COLONIAL LANE SILVER SPRING, MD",,OTHER CONVEYANCE,SINGLE VEHICLE,CLEAR,,DAYLIGHT,N/A,NONE DETECTED,N/A,69070CA7-9E68-4664-AA78-4BCDA510CE29,OTHER CONVEYANCE,Other,UNKNOWN,ON ROADWAY NOT AT CROSSWALK,Yes,POSSIBLE INJURY,NONE,38.99172607,-77.02797085,"(38.99172607, -77.02797085)"
MCP2177004S,230046972,Montgomery County Police,Injury Crash,07/30/2023 02:40:00 PM,Municipality,RUSSELL AVE,SPUR TO ODENDHAL AVE,,N/A,PEDESTRIAN,SINGLE VEHICLE,CLEAR,DRY,DAYLIGHT,N/A,NONE DETECTED,NONE DETECTED,E688F882-C73E-4F32-84FF-B8ABD359ACE5,PEDESTRIAN,Cross/Enter at Intersection,NO IMPROPER ACTIONS,ON ROADWAY AT CROSSWALK,No,SUSPECTED MINOR INJURY,N/A,39.15050159,-77.2043814,"(39.15050159, -77.2043814)"
MCP3271001C,210035483,Montgomery County Police,Injury Crash,09/09/2021 04:25:00 PM,County,RIDGEFIELD RD,WESTBARD AVE,,N/A,OTHER CONVEYANCE,SINGLE VEHICLE,CLEAR,DRY,DAYLIGHT,TRAFFIC SIGNAL,NONE DETECTED,NONE DETECTED,58BEA775-C448-4969-A5C7-62BDA6569DDD,OTHER CONVEYANCE,Cross/Enter at Intersection,NO IMPROPER ACTIONS,ON ROADWAY AT CROSSWALK,No,POSSIBLE INJURY,NONE,38.96594412,-77.10744591,"(38.96594412, -77.10744591)"
MCP29520022,16027591,Montgomery County Police,Injury Crash,06/02/2016 02:53:00 PM,,,,ALLEY BEHIND LA FITNESS CONNECTING GEORGIA AVE AND DRIVEWAY TO PARKING GARAGE.,,OTHER CONVEYANCE,OTHER,CLEAR,,DAYLIGHT,NO CONTROLS,NONE DETECTED,NONE DETECTED,F9D18D7B-0CEB-4EAA-8F77-A79E76EFBDA7,OTHER CONVEYANCE,Other,NO IMPROPER ACTIONS,OTHER,No,POSSIBLE INJURY,NONE,38.99858667,-77.02928,"(38.99858667, -77.02928)"
MCP2813005J,180046686,Montgomery County Police,Injury Crash,09/18/2018 07:50:00 PM,County,WINDHAM LA,GEORGIA AVE,,N/A,PEDESTRIAN,SINGLE VEHICLE,CLEAR,DRY,DARK NO LIGHTS,TRAFFIC SIGNAL,N/A,N/A,D33485BE-C2F4-42DD-B7BE-EB3AFD9657D8,PEDESTRIAN,Walking/Riding against Traffic,FAILURE TO YIELD RIGHT OF WAY,ON ROADWAY AT CROSSWALK,Yes,SUSPECTED MINOR INJURY,N/A,38.99719833,-77.02999,"(38.99719833, -77.02999)"
MCP32000061,220029471,Montgomery County Police,Injury Crash,07/09/2022 12:24:00 PM,County,MONTROSE RD,EVELYN DR,,ROCKVILLE,PEDESTRIAN,OTHER,RAINING,WET,DAYLIGHT,STOP SIGN,NONE DETECTED,NONE DETECTED,443D3B8C-0747-47D7-984F-FEE4FCD26BDD,PEDESTRIAN,Cross/Enter at Intersection,NO IMPROPER ACTIONS,ON ROADWAY NOT AT CROSSWALK,No,SUSPECTED MINOR INJURY,NONE,39.05342,-77.13329233,"(39.05342, -77.13329233)"
MCP29950055,190047077,Montgomery County Police,Injury Crash,10/02/2019 04:35:00 PM,,,,"PARKING LOT OF 4101 RANDOLPH RD. SILVER SPRING, MD 20906. (SHELL GAS STATION)",,PEDESTRIAN,N/A,CLEAR,,DAYLIGHT,NO CONTROLS,NONE DETECTED,NONE DETECTED,3ACB19FD-9E19-4DE0-9820-391345037DA0,PEDESTRIAN,Standing,OTHER,OTHER,No,POSSIBLE INJURY,N/A,39.09205,-77.06954167,"(39.09205, -77.06954167)"
MCP15500018,15020472,Montgomery County Police,Injury Crash,04/30/2015 07:19:00 PM,Municipality,FREDERICK PL,FREDERICK AVE,,KENSINGTON,PEDESTRIAN,SINGLE VEHICLE,CLOUDY,N/A,DAYLIGHT,N/A,NONE DETECTED,NONE DETECTED,77710985-FE06-4BE3-B3C4-F1C8408BAB45,PEDESTRIAN,Standing,N/A,OTHER,,SUSPECTED SERIOUS INJURY,N/A,39.020775,-77.07114333,"(39.020775, -77.07114333)"
DD5602000F,16041851,Rockville Police Departme,Injury Crash,08/18/2016 01:35:00 AM,Municipality,MONROE ST,MT VERNON PL,,ROCKVILLE,PEDESTRIAN,OTHER,N/A,WET,DARK NO LIGHTS,NO CONTROLS,UNKNOWN,ALCOHOL PRESENT,BA21D37A-8CDC-49D6-AD3B-906F263182D5,PEDESTRIAN,Walking/Riding w/Traffic,IN ROADWAY IMPROPERLY,ON ROADWAY NOT AT CROSSWALK,Yes,POSSIBLE INJURY,NONE,39.07894833,-77.15103,"(39.07894833, -77.15103)"
DM84760036,220005815,Takoma Park Police Depart,Injury Crash,02/10/2022 10:58:00 AM,Maryland (State),NEW HAMPSHIRE AVE,HOLTON LA,,TAKOMA PARK,PEDESTRIAN,SINGLE VEHICLE,CLEAR,DRY,DAYLIGHT,TRAFFIC SIGNAL,N/A,N/A,1411A1A9-3D6B-4E9A-ACE4-C33240B88357,PEDESTRIAN,Cross/Enter at Intersection,NO IMPROPER ACTIONS,ON ROADWAY AT CROSSWALK,No,SUSPECTED SERIOUS INJURY,N/A,38.98603167,-76.98817933,"(38.98603167, -76.98817933)"
MCP3002002J,180022566,Montgomery County Police,Injury Crash,05/08/2018 10:06:00 AM,,,,12277 NEBEL STREET,,PEDESTRIAN,OTHER,CLEAR,,DAYLIGHT,N/A,NONE DETECTED,NONE DETECTED,FB9D7E2E-5647-49EC-83B0-BBB99BF6150F,PEDESTRIAN,Standing,OTHER,OTHER,No,POSSIBLE INJURY,NONE,39.05222833,-77.10930833,"(39.05222833, -77.10930833)"
MCP1512001C,170550918,Montgomery County Police,Injury Crash,12/27/2017 05:46:00 PM,Maryland (State),CLOPPER RD,METROPOLITAN GROVE RD,,GAITHERSBURG,PEDESTRIAN,SINGLE VEHICLE,CLEAR,DRY,DARK LIGHTS ON,NO CONTROLS,NONE DETECTED,NONE DETECTED,5524EE95-046C-493B-9130-132A1E0E1E67,PEDESTRIAN,Cross/Enter not at Intersection,FAILURE TO YIELD RIGHT OF WAY,ON ROADWAY NOT AT CROSSWALK,Yes,SUSPECTED MINOR INJURY,NONE,39.14486,-77.22616167,"(39.14486, -77.22616167)"
MCP20080033,16063764,Montgomery County Police,Injury Crash,12/12/2016 03:18:00 PM,County,MACARTHUR BLVD,HARVARD AVE,,GLEN ECHO,BICYCLIST,ANGLE MEETS LEFT TURN,CLEAR,DRY,DAYLIGHT,N/A,NONE DETECTED,NONE DETECTED,AD68D665-AED3-4D15-B14F-84E2324A0306,BICYCLIST,Cross/Enter at Intersection,NO IMPROPER ACTIONS,IN BIKEWAY,No,POSSIBLE INJURY,MC/BIKE HELMET,38.969655,-77.14156833,"(38.969655, -77.14156833)"
MCP2953000L,15052867,MONTGOMERY,Injury Crash,10/18/2015 01:02:00 PM,,,,Northgate Shopping Center,,PEDESTRIAN,OTHER,CLEAR,,DAYLIGHT,NO CONTROLS,NONE DETECTED,NONE DETECTED,52E6B298-8A74-462A-BA2F-255D7AC6DF2A,PEDESTRIAN,Cross/Enter not at Intersection,FAILURE TO YIELD RIGHT OF WAY,OUTSIDE RIGHT OF WAY,Yes,SUSPECTED SERIOUS INJURY,N/A,39.08131,-77.07788833,"(39.08131, -77.07788833)"
MCP2087002Q,190004828,Montgomery County Police,Injury Crash,01/31/2019 06:43:00 AM,Maryland (State),GEORGIA AVE,CONNECTICUT AVE,,N/A,PEDESTRIAN,SINGLE VEHICLE,CLEAR,DRY,DAWN,TRAFFIC SIGNAL,NONE DETECTED,NONE DETECTED,B1B00341-3E2B-49B9-AF58-C81E2D01486E,PEDESTRIAN,Cross/Enter at Intersection,NO IMPROPER ACTIONS,ON ROADWAY AT CROSSWALK,No,POSSIBLE INJURY,N/A,39.08375333,-77.07751333,"(39.08375333, -77.07751333)"
MCP13790042,15051918,MONTGOMERY,Injury Crash,10/13/2015 11:34:00 AM,,,,"Parking lot of 12021 Georgia Ave Silver Spring, MD 20906",,PEDESTRIAN,OTHER,CLEAR,,DAYLIGHT,NO CONTROLS,NONE DETECTED,NONE DETECTED,45BFEA63-C173-44B2-9F8C-C124D2CEDA2F,PEDESTRIAN,Other,NO IMPROPER ACTIONS,OTHER,No,POSSIBLE INJURY,NONE,39.05274667,-77.049875,"(39.05274667, -77.049875)"
MCP2611000H,15009794,Montgomery County Police,Injury Crash,03/01/2015 07:14:00 PM,County,OLD COLUMBIA PIKE,CARRIAGE HOUSE TERR,,N/A,OTHER,STRAIGHT MOVEMENT ANGLE,WINTRY MIX,SNOW,DARK LIGHTS ON,NO CONTROLS,N/A,N/A,9B5F32EA-0740-40F9-BA07-0364B6AF53CC,OTHER,Standing,NO IMPROPER ACTIONS,OTHER,,NO APPARENT INJURY,N/A,39.0491856,-76.9795622,"(39.0491856, -76.9795622)"
MCP11280043,15051173,MONTGOMERY,Injury Crash,10/09/2015 07:28:00 AM,Maryland (State),WISCONSIN AVE,ELM ST,,N/A,BICYCLIST,OTHER,CLOUDY,WET,DAWN,TRAFFIC SIGNAL,NONE DETECTED,NONE DETECTED,04EABA0B-B9A8-4C7C-ADA9-737ABF0E747F,BICYCLIST,Cross/Enter at Intersection,NO IMPROPER ACTIONS,ON ROADWAY AT CROSSWALK,No,SUSPECTED MINOR INJURY,NONE,38.98281167,-77.09328167,"(38.98281167, -77.09328167)"
MCP2830006B,230024335,Montgomery County Police,Injury Crash,05/21/2023 11:33:00 AM,County,QUEEN ELIZABETH DR,HERITAGE HILLS DR,,N/A,PEDESTRIAN,OTHER,CLEAR,DRY,DAYLIGHT,STOP SIGN,NONE DETECTED,NONE DETECTED,F6723E40-BA71-4B5F-A8DD-9C4180544BF1,PEDESTRIAN,Cross/Enter at Intersection,NO IMPROPER ACTIONS,ON ROADWAY AT CROSSWALK,No,SUSPECTED MINOR INJURY,NONE,39.16158201,-77.07134938,"(39.16158201, -77.07134938)"
MCP2946002X,180056753,Montgomery County Police,Injury Crash,11/12/2018 02:07:00 PM,,,,9936 MAIN STREET,,PEDESTRIAN,SINGLE VEHICLE,CLOUDY,,DAYLIGHT,NO CONTROLS,NONE DETECTED,NONE DETECTED,4ECAB87B-955F-4431-9862-E07135F4BDC4,PEDESTRIAN,Cross/Enter at Intersection,UNKNOWN,AT INTERSECTION BUT NO CROSSWALK,No,POSSIBLE INJURY,N/A,39.2883,-77.20557333,"(39.2883, -77.20557333)"
MCP2847001W,170507160,Montgomery County Police,Injury Crash,05/11/2017 02:20:00 AM,County,CONNECTICUT AVE,ROAD END - GATE,,N/A,OTHER,SINGLE VEHICLE,CLEAR,DRY,DARK LIGHTS ON,NO CONTROLS,,N/A,683EABA1-22F7-446A-9986-9AF970829AF4,OTHER,Other,OTHER,OTHER,Yes,SUSPECTED MINOR INJURY,N/A,39.093625,-77.06889,"(39.093625, -77.06889)"
MCP9301000S,15066413,Montgomery County Police,Injury Crash,12/27/2015 01:11:00 PM,Municipality,BOOTH ST,MIDTOWN RD,,GAITHERSBURG,PEDESTRIAN,SINGLE VEHICLE,N/A,N/A,DAYLIGHT,STOP SIGN,NONE DETECTED,NONE DETECTED,014563E6-4450-4FF0-A855-1B157E536DFB,PEDESTRIAN,Cross/Enter at Intersection,UNKNOWN,AT INTERSECTION MARKED CROSSWALK,Unknown,SUSPECTED MINOR INJURY,NONE,39.15428833,-77.21278,"(39.15428833, -77.21278)"
MCP3041000D,170504434,Montgomery County Police,Injury Crash,04/26/2017 11:18:00 PM,Municipality,ROLLINS AVE,ROAD END,,N/A,PEDESTRIAN,SINGLE VEHICLE,CLEAR,DRY,DARK -- UNKNOWN LIGHTING,N/A,N/A,ALCOHOL PRESENT,027D9AB4-A0F2-4BCA-9368-CAA4DA3F9561,PEDESTRIAN,Standing,UNKNOWN,OTHER,Unknown,POSSIBLE INJURY,N/A,39.05758375,-77.13183403,"(39.05758375, -77.13183403)"
MCP28480033,16033490,Montgomery County Police,Injury Crash,07/02/2016 07:57:00 AM,County,MACARTHUR BLVD,TOMLINSON AVE,,N/A,BICYCLIST,HEAD ON LEFT TURN,CLEAR,N/A,DAYLIGHT,NO CONTROLS,NONE DETECTED,NONE DETECTED,39692AC2-1098-4AC4-91B8-188A7EE2F353,BICYCLIST,Cross/Enter not at Intersection,NO IMPROPER ACTIONS,ON ROADWAY NOT AT CROSSWALK,No,SUSPECTED MINOR INJURY,MC/BIKE HELMET,38.97353333,-77.15563,"(38.97353333, -77.15563)"
MCP2612002P,180002973,Montgomery County Police,Property Damage Crash,01/18/2018 08:00:00 PM,Maryland (State),GEORGIA AVE,BEL PRE RD,,N/A,OTHER,OTHER,CLEAR,DRY,DARK LIGHTS ON,N/A,N/A,N/A,BE73EBA2-F3C8-4433-AFB4-D3F8AB4D9BF8,OTHER,Other Working,OTHER,OTHER,Yes,NO APPARENT INJURY,N/A,39.09332333,-77.07959,"(39.09332333, -77.07959)"
MCP29300039,230024625,Montgomery County Police,Injury Crash,05/22/2023 09:20:00 PM,Maryland (State),GEORGIA AVE,WELLER RD,,N/A,PEDESTRIAN,SINGLE VEHICLE,CLEAR,DRY,DARK NO LIGHTS,NO CONTROLS,NONE DETECTED,UNKNOWN,23EC0FDC-6C76-4C57-83EF-DDC2BE300E2A,PEDESTRIAN,Walking/Riding w/Traffic,IN ROADWAY IMPROPERLY,ON ROADWAY NOT AT CROSSWALK,Yes,SUSPECTED MINOR INJURY,NONE,39.06744833,-77.06039167,"(39.06744833, -77.06039167)"
MCP2846007Z,220021835,Montgomery County Police,Injury Crash,05/22/2022 03:15:00 PM,Maryland (State),GEORGIA AVE,BLUERIDGE AVE,,N/A,PEDESTRIAN,HEAD ON LEFT TURN,CLEAR,DRY,DAYLIGHT,PERSON,NONE DETECTED,NONE DETECTED,5774AC8B-CA66-4240-9325-D4065FF845E1,PEDESTRIAN,Cross/Enter at Intersection,NO IMPROPER ACTIONS,ON ROADWAY AT CROSSWALK,No,POSSIBLE INJURY,N/A,39.04295333,-77.05214333,"(39.04295333, -77.05214333)"
MCP2464000J,16015960,Montgomery County Police,Injury Crash,04/01/2016 05:24:00 PM,County,DEMOCRACY BLVD,FERNWOOD RD,,N/A,BICYCLIST,STRAIGHT MOVEMENT ANGLE,CLEAR,DRY,DAYLIGHT,TRAFFIC SIGNAL,NONE DETECTED,NONE DETECTED,3878E335-34FC-4D8D-BACD-3EC374E7784D,BICYCLIST,Cross/Enter at Intersection,FAILURE TO YIELD RIGHT OF WAY,ON ROADWAY AT CROSSWALK,Yes,SUSPECTED MINOR INJURY,NONE,39.02188167,-77.1351,"(39.02188167, -77.1351)"
MCP1064005H,17011626,Montgomery County Police,Property Damage Crash,03/05/2017 10:46:00 AM,,,,"SIDE WALK
8600 BLOCK COLESVILLE RD

SILVER SPRING, MD 20910",,BICYCLIST,OTHER,CLEAR,,DAYLIGHT,STOP SIGN,N/A,N/A,39BDEA4F-FE2F-4FF7-B5B8-107DEF8E47C1,BICYCLIST,Walking/Cycling on Sidewalk,N/A,SIDEWALK,No,NO APPARENT INJURY,MC/BIKE HELMET,38.99643167,-77.02789667,"(38.99643167, -77.02789667)"
MCP3055002T,210017989,Montgomery County Police,Injury Crash,05/13/2021 11:55:00 AM,,,,PARKING LOT AT 13781 CONNECTICUT AVE (GIANT),,PEDESTRIAN,OTHER,CLEAR,,DAYLIGHT,NO CONTROLS,N/A,N/A,E52457EE-6113-46A7-8A98-3FFA961F04BA,PEDESTRIAN,Other,NO IMPROPER ACTIONS,OTHER,No,SUSPECTED MINOR INJURY,NONE,39.07962,-77.07936,"(39.07962, -77.07936)"