Report Number,Local Case Number,Agency Name,ACRS Report Type,Crash Date/Time,Route Type,Road Name,Cross-Street Name,Off-Road Description,Municipality,Related Non-Motorist,Collision Type,Weather,Surface Condition,Light,Traffic Control,Driver Substance Abuse,Non-Motorist Substance Abuse,Person ID,Pedestrian Type,Pedestrian Movement,Pedestrian Actions,Pedestrian Location,At Fault,Injury Severity,Safety Equipment,Latitude,Longitude,Location
MCP3339000V,220049986,Montgomery County Police,Injury Crash,11/04/2022 01:40:00 PM,,,,"2119 UNIVERSITY BOULEVARD WEST, SILVER SPRING, MD 20904",,PEDESTRIAN,OTHER,UNKNOWN,,DAYLIGHT,N/A,UNKNOWN,UNKNOWN,972E9C99-DC0A-448C-8C44-A5A6655E77D7,PEDESTRIAN,Standing,ENTERING EXITING PARKED STANDING VEHICLE,OTHER,No,POSSIBLE INJURY,NONE,39.04141068,-77.0473585,"(39.04141068, -77.0473585)"
DD5574000K,16038539,Rockville Police Departme,Property Damage Crash,07/29/2016 12:45:00 PM,Municipality,VINSON ST,S WASHINGTON ST,,ROCKVILLE,OTHER CONVEYANCE,STRAIGHT MOVEMENT ANGLE,CLEAR,DRY,DAYLIGHT,NO CONTROLS,N/A,N/A,B01EEC2B-A167-41DF-BDE8-56F30F0303ED,OTHER CONVEYANCE,Cross/Enter at Intersection,N/A,ON ROADWAY AT CROSSWALK,No,NO APPARENT INJURY,MC/BIKE HELMET,39.08208333,-77.15273333,"(39.08208333, -77.15273333)"
MCP26270010,16007866,Montgomery County Police,Injury Crash,02/16/2016 10:00:00 PM,Maryland (State),RIVER RD,ROYAL DOMINION DR,,N/A,PEDESTRIAN,SINGLE VEHICLE,CLEAR,DRY,DARK NO LIGHTS,NO CONTROLS,NONE DETECTED,NONE DETECTED,A51FB142-FB16-42E7-8FCA-E0D83282E041,PEDESTRIAN,Other,IN ROADWAY IMPROPERLY,AT INTERSECTION BUT NO CROSSWALK,Yes,SUSPECTED MINOR INJURY,NONE,38.987945,-77.14669,"(38.987945, -77.14669)"
MCP28510023,16057442,Montgomery County Police,Injury Crash,11/07/2016 03:47:00 PM,Maryland (State),GREAT SENECA HWY,MIDDLEBROOK RD,,N/A,PEDESTRIAN,SINGLE VEHICLE,CLEAR,DRY,DAYLIGHT,TRAFFIC SIGNAL,NONE DETECTED,NONE DETECTED,4F693368-D7C0-4535-AA41-CAAF0129485B,PEDESTRIAN,Cross/Enter at Intersection,FAILURE TO OBEY TRAFFIC SIGNS SIGNALS OR OFFICER,ON ROADWAY AT CROSSWALK,Yes,SUSPECTED MINOR INJURY,NONE,39.17465833,-77.26129667,"(39.17465833, -77.26129667)"
MCP3037002H,190012244,Montgomery County Police,Injury Crash,03/16/2019 07:54:00 PM,,,,"PARKING LOT OF 501 QUINCE ORCHARD RD, GAITHERSBURG, MD",,PEDESTRIAN,SINGLE VEHICLE,N/A,,DARK LIGHTS ON,N/A,UNKNOWN,NONE DETECTED,3932B4AA-1DE9-45C5-8313-77B5816147E6,PEDESTRIAN,Other,NO IMPROPER ACTIONS,OTHER,No,SUSPECTED MINOR INJURY,N/A,39.18419667,-77.26345167,"(39.18419667, -77.26345167)"
MCP9128000D,16004931,Montgomery County Police,Injury Crash,01/30/2016 01:13:00 PM,,,,PARKING LOT OF 10901 GEORGIA AVE,,PEDESTRIAN,OTHER,CLEAR,,DAYLIGHT,NO CONTROLS,NONE DETECTED,NONE DETECTED,60FEB910-B12B-429E-ABBC-5183813C1C38,PEDESTRIAN,Other,NO IMPROPER ACTIONS,OTHER,No,SUSPECTED MINOR INJURY,N/A,39.03390833,-77.04842,"(39.03390833, -77.04842)"
DM8434001P,190005950,Takoma Park Police Depart,Injury Crash,02/06/2019 05:50:00 PM,Municipality,PHILADELPHIA AVE,CEDAR AVE,,TAKOMA PARK,PEDESTRIAN,SINGLE VEHICLE,RAINING,WET,DARK LIGHTS ON,N/A,NONE DETECTED,NONE DETECTED,76C8DCA2-F4C2-403D-A339-A1F60EAD1ABA,PEDESTRIAN,Cross/Enter at Intersection,DART DASH,ON ROADWAY AT CROSSWALK,No,SUSPECTED SERIOUS INJURY,REFLECTIVE CLOTHING,38.927975,-77.01557667,"(38.927975, -77.01557667)"
MCP29480029,180009623,Montgomery County Police,Injury Crash,02/24/2018 05:10:00 PM,Maryland (State),GEORGIA AVE,PRICE AVE,,N/A,PEDESTRIAN,OTHER,RAINING,WET,DAYLIGHT,N/A,NONE DETECTED,NONE DETECTED,833B8594-1005-4A97-93F2-BCF2E1BFCB06,PEDESTRIAN,Cross/Enter at Intersection,NO IMPROPER ACTIONS,AT INTERSECTION MARKED CROSSWALK,No,SUSPECTED MINOR INJURY,NONE,39.04027,-77.05134167,"(39.04027, -77.05134167)"
DD5651003T,230053976,Rockville Police Departme,Injury Crash,09/09/2023 02:28:00 PM,,,,SAFEWAY PARKING LOT,,PEDESTRIAN,OTHER,CLEAR,,DAYLIGHT,NO CONTROLS,NONE DETECTED,NONE DETECTED,D1EC857D-F0ED-46A0-9E67-460B3AECC195,PEDESTRIAN,Other,NO IMPROPER ACTIONS,OTHER,No,POSSIBLE INJURY,N/A,39.11283043,-77.17165995,"(39.11283043, -77.17165995)"
EJ7829001N,15057386,GAITHERSBURG,Injury Crash,11/10/2015 05:40:00 PM,Municipality,PALM SPRING DR,PALMTREE DR,,GAITHERSBURG,PEDESTRIAN,SINGLE VEHICLE,RAINING,WET,DARK LIGHTS ON,NO CONTROLS,NONE DETECTED,NONE DETECTED,78111F0E-1331-4D51-ABF1-3A6D0256A7BB,PEDESTRIAN,Cross/Enter at Intersection,FAILURE TO YIELD RIGHT OF WAY,ON ROADWAY AT CROSSWALK,No,SUSPECTED MINOR INJURY,N/A,39.12377667,-77.21204167,"(39.12377667, -77.21204167)"
MCP3123006Q,230074174,Montgomery County Police,Injury Crash,12/29/2023 04:31:00 PM,County,MEDICAL CENTER DR,GREAT SENECA HWY,,N/A,BICYCLIST,STRAIGHT MOVEMENT ANGLE,CLEAR,DRY,DAYLIGHT,TRAFFIC SIGNAL,N/A,N/A,12929414-CCD8-41DF-B022-B393FD194A57,BICYCLIST,Walking/Cycling on Sidewalk,DART DASH,AT INTERSECTION MARKED CROSSWALK,Yes,SUSPECTED MINOR INJURY,MC/BIKE HELMET,39.09868686,-77.20405464,"(39.09868686, -77.20405464)"
MCP2330003R,220041478,Montgomery County Police,Property Damage Crash,09/23/2022 01:17:00 PM,,,,2229 UNIVERSITY BLVD W,,OTHER,SINGLE VEHICLE,CLEAR,,DAYLIGHT,NO CONTROLS,NONE DETECTED,NONE DETECTED,98FCE520-F814-44F5-8A3D-69AC5006E8F4,OTHER,N/A,N/A,INSIDE BUILDING,No,NO APPARENT INJURY,N/A,39.04178826,-77.04921585,"(39.04178826, -77.04921585)"
MCP3112005R,210053334,Montgomery County Police,Injury Crash,12/31/2021 12:18:00 PM,Maryland (State),WISCONSIN AVE,CHESTNUT ST,,N/A,PEDESTRIAN,OTHER,CLOUDY,DRY,DAYLIGHT,NO CONTROLS,NONE DETECTED,NONE DETECTED,04F1C0FC-3A11-4E17-9259-172DC64BCE85,PEDESTRIAN,Cross/Enter at Intersection,NO IMPROPER ACTIONS,AT INTERSECTION MARKED CROSSWALK,No,SUSPECTED MINOR INJURY,NONE,38.99348833,-77.09561,"(38.99348833, -77.09561)"
MCP28460021,16032703,Montgomery County Police,Injury Crash,06/28/2016 01:15:00 PM,County,SHOREFIELD RD,GEORGIA AVE,,N/A,PEDESTRIAN,OTHER,CLOUDY,DRY,DAYLIGHT,TRAFFIC SIGNAL,NONE DETECTED,NONE DETECTED,AE9A8913-1B4B-4010-A12A-E3F88D9A0C46,PEDESTRIAN,Cross/Enter at Intersection,NO IMPROPER ACTIONS,ON ROADWAY AT CROSSWALK,No,POSSIBLE INJURY,NONE,39.05316667,-77.050735,"(39.05316667, -77.050735)"
MCP2693001B,16004084,Montgomery County Police,Injury Crash,01/24/2016 04:04:00 PM,County,BAUER DR,BURNSIDE DR,,N/A,PEDESTRIAN,SINGLE VEHICLE,CLEAR,SNOW,DAYLIGHT,NO CONTROLS,NONE DETECTED,NONE DETECTED,58E7003A-C511-4120-B577-8D09C9E5CA69,PEDESTRIAN,Walking/Riding w/Traffic,NO IMPROPER ACTIONS,SHOULDER,No,POSSIBLE INJURY,N/A,39.094385,-77.10942667,"(39.094385, -77.10942667)"
MCP2931005Z,220033947,Montgomery County Police,Injury Crash,08/07/2022 07:53:00 PM,,,,PARKING LOT OF 12266 ROCKVILLE PIKE,,PEDESTRIAN,STRAIGHT MOVEMENT ANGLE,CLEAR,,DAYLIGHT,NO CONTROLS,NONE DETECTED,NONE DETECTED,6B80FE70-B664-4E07-A531-9C3B09F9DB4E,PEDESTRIAN,Other,NO IMPROPER ACTIONS,ON ROADWAY AT CROSSWALK,No,POSSIBLE INJURY,NONE,39.05719333,-77.12165333,"(39.05719333, -77.12165333)"
MCP2203003L,180057062,Montgomery County Police,Injury Crash,11/14/2018 06:12:00 AM,Maryland (State),VEIRS MILL RD,CENTERHILL ST,,N/A,PEDESTRIAN,STRAIGHT MOVEMENT ANGLE,CLEAR,DRY,DARK NO LIGHTS,NO CONTROLS,UNKNOWN,NONE DETECTED,016CD83F-DC56-448A-9842-55EEFE49F413,PEDESTRIAN,Cross/Enter not at Intersection,IN ROADWAY IMPROPERLY,ON ROADWAY NOT AT CROSSWALK,Yes,POSSIBLE INJURY,N/A,39.05034667,-77.072875,"(39.05034667, -77.072875)"
MCP2689002G,16051905,Montgomery County Police,Injury Crash,10/09/2016 10:59:00 AM,County,ARDENNES AVE,TWINBROOK PKWY,,N/A,BICYCLIST,SINGLE VEHICLE,CLEAR,DRY,DAYLIGHT,TRAFFIC SIGNAL,NONE DETECTED,NONE DETECTED,F391FD4D-1E2D-45B9-82A9-BC17CDB054F2,BICYCLIST,Cross/Enter at Intersection,NO IMPROPER ACTIONS,ON ROADWAY AT CROSSWALK,No,POSSIBLE INJURY,NONE,39.06370266,-77.11632818,"(39.06370266, -77.11632818)"
MCP2339002G,170512551,Montgomery County Police,Injury Crash,06/08/2017 07:32:00 AM,County,BRIGGS CHANEY RD,GOOD HOPE RD,,N/A,BICYCLIST,HEAD ON LEFT TURN,N/A,DRY,DAYLIGHT,NO CONTROLS,NONE DETECTED,NONE DETECTED,BBA9D4FB-1414-4CA9-9C38-58CEC03FB028,BICYCLIST,Cross/Enter at Intersection,N/A,AT INTERSECTION BUT NO CROSSWALK,No,SUSPECTED MINOR INJURY,MC/BIKE HELMET,39.101519,-76.980297,"(39.101519, -76.980297)"
MCP3196002X,220003322,Montgomery County Police,Injury Crash,01/25/2022 05:52:00 PM,County,WISTERIA DR,FATHER HURLEY BLVD,,N/A,OTHER,OTHER,CLEAR,DRY,UNKNOWN,TRAFFIC SIGNAL,NONE DETECTED,NONE DETECTED,99E4A7AF-B08E-4A55-8C39-11FFD38EB7AD,OTHER,Cross/Enter at Intersection,N/A,ON ROADWAY AT CROSSWALK,No,POSSIBLE INJURY,N/A,39.18136567,-77.27657533,"(39.18136567, -77.27657533)"
MCP2440000X,220038190,Montgomery County Police,Injury Crash,09/03/2022 09:20:00 AM,Other Public Roadway,EMORY ST,MUNCASTER MILL RD,,N/A,BICYCLIST,OTHER,CLEAR,DRY,DAYLIGHT,STOP SIGN,NONE DETECTED,NONE DETECTED,11D5A6FC-DDAB-4ED0-95C2-B9E932A70C73,BICYCLIST,Other,NO IMPROPER ACTIONS,AT INTERSECTION BUT NO CROSSWALK,No,SUSPECTED MINOR INJURY,MC/BIKE HELMET,39.157915,-77.159095,"(39.157915, -77.159095)"
MCP2773001T,16026276,Montgomery County Police,Injury Crash,05/26/2016 07:08:00 PM,,,,SIDE WALK IN FRONT OF PARKING LOT OF 420 UNIVERSITY BLVD E,,PEDESTRIAN,OTHER,CLEAR,,DAYLIGHT,NO CONTROLS,NONE DETECTED,NONE DETECTED,ED64C75A-46C4-474D-A408-A784AA5D1B25,PEDESTRIAN,Walking/Cycling on Sidewalk,NO IMPROPER ACTIONS,SIDEWALK,No,POSSIBLE INJURY,NONE,39.008748,-76.99865,"(39.008748, -76.99865)"
MCP32330038,220039399,Montgomery County Police,Injury Crash,09/10/2022 06:56:00 PM,Maryland (State),PINEY BRANCH RD,CARROLL AVE,,N/A,PEDESTRIAN,SINGLE VEHICLE,CLEAR,DRY,DAWN,WARNING SIGN,NONE DETECTED,NONE DETECTED,BBA5F182-9899-4C1D-AFD0-8189882869D3,PEDESTRIAN,Cross/Enter not at Intersection,NO IMPROPER ACTIONS,ON ROADWAY AT CROSSWALK,No,SUSPECTED MINOR INJURY,N/A,39.03362783,-77.00331017,"(39.03362783, -77.00331017)"
MCP28590029,16032842,Montgomery County Police,Injury Crash,06/29/2016 06:48:00 AM,,,,"PARKING SPACE OUTSIDE 1088 WEST SIDE DR, GAITHERSBURG, MD.",,PEDESTRIAN,OTHER,N/A,,DAYLIGHT,NO CONTROLS,N/A,NONE DETECTED,73E4C9E2-F31C-4EDD-9E17-81711C5649AA,PEDESTRIAN,Standing,OTHER,OTHER,Yes,SUSPECTED MINOR INJURY,NONE,39.12388466,-77.20288038,"(39.12388466, -77.20288038)"
MCP26170087,190053280,Montgomery County Police,Injury Crash,11/05/2019 02:05:00 PM,County,ARCOLA AVE,KERSEY RD,,N/A,PEDESTRIAN,OTHER,CLEAR,DRY,DAYLIGHT,NO CONTROLS,NONE DETECTED,NONE DETECTED,DB39F010-09B7-4111-8921-4814E44A1621,PEDESTRIAN,Cross/Enter at Intersection,N/A,AT INTERSECTION MARKED CROSSWALK,No,NO APPARENT INJURY,NONE,39.043475,-77.03062167,"(39.043475, -77.03062167)"
MCP3016003S,220030779,Montgomery County Police,Injury Crash,07/18/2022 05:54:00 AM,County,WARING STATION RD,SUMMER OAK DR,,N/A,PEDESTRIAN,OTHER,CLOUDY,DRY,DAWN,YIELD SIGN,UNKNOWN,N/A,4FA3176B-E933-459C-AA6E-B1BA3BA5E4C6,PEDESTRIAN,N/A,IN ROADWAY IMPROPERLY,N/A,Yes,POSSIBLE INJURY,N/A,39.16473833,-77.24378667,"(39.16473833, -77.24378667)"
MCP2853007B,200009971,Montgomery County Police,Injury Crash,02/28/2020 06:10:00 PM,County,ELTON RD,NEW HAMPSHIRE AVE,,N/A,PEDESTRIAN,OTHER,CLEAR,DRY,DARK LIGHTS ON,TRAFFIC SIGNAL,N/A,N/A,BEDC1FC8-7D06-4F7D-99B7-A829CF77B0C9,PEDESTRIAN,Cross/Enter at Intersection,NO IMPROPER ACTIONS,AT INTERSECTION MARKED CROSSWALK,No,NO APPARENT INJURY,N/A,39.021095,-76.976515,"(39.021095, -76.976515)"
MCP3225001P,210030126,Montgomery County Police,Injury Crash,08/03/2021 03:35:00 PM,Maryland (State),UNIVERSITY BLVD W,MAYHEW DR,,N/A,OTHER,STRAIGHT MOVEMENT ANGLE,CLEAR,DRY,DAYLIGHT,STOP SIGN,NONE DETECTED,NONE DETECTED,FF3DFDC0-2204-4D76-B762-ACBB1AA039E5,OTHER,Cross/Enter at Intersection,WRONG WAY RIDING OR WALKING,IN BIKEWAY,Unknown,POSSIBLE INJURY,N/A,39.03612841,-77.03736134,"(39.03612841, -77.03736134)"
MCP3099000C,180015076,Montgomery County Police,Injury Crash,03/27/2018 08:45:00 PM,,,,PARKING LOT IN FRONT OF GIANT FOOD LOCATED AT 20944 FREDERICK RD GERMANTOWN MD 20876,,PEDESTRIAN,OTHER,CLEAR,,OTHER,NO CONTROLS,,NONE DETECTED,F3B88AAE-F3D6-4496-BF36-9901F1BFE23B,PEDESTRIAN,Standing,NO IMPROPER ACTIONS,OTHER,No,SUSPECTED MINOR INJURY,N/A,39.20291222,-77.24689543,"(39.20291222, -77.24689543)"
EJ7826002G,17052,Gaithersburg Police Depar,Injury Crash,08/29/2017 05:30:00 AM,Maryland (State),QUINCE ORCHARD RD,W DIAMOND AVE,,N/A,BICYCLIST,STRAIGHT MOVEMENT ANGLE,RAINING,WET,DARK LIGHTS ON,TRAFFIC SIGNAL,N/A,N/A,3A1D28AE-D653-452C-88BA-38CB89E9C50A,BICYCLIST,Other,FAILURE TO OBEY TRAFFIC SIGNS SIGNALS OR OFFICER,ON ROADWAY AT CROSSWALK,Yes,POSSIBLE INJURY,NONE,39.14306167,-77.22071333,"(39.14306167, -77.22071333)"
MCP3084002Y,190006658,Montgomery County Police,Injury Crash,02/11/2019 11:08:00 AM,County,DEMOCRACY BLVD,FERNWOOD RD,,N/A,PEDESTRIAN,OTHER,RAINING,WET,DAYLIGHT,TRAFFIC SIGNAL,NONE DETECTED,NONE DETECTED,577890A2-25CD-4E11-958E-1D1255762759,PEDESTRIAN,Cross/Enter at Intersection,NO IMPROPER ACTIONS,ON ROADWAY AT CROSSWALK,No,POSSIBLE INJURY,NONE,39.02203833,-77.13535,"(39.02203833, -77.13535)"
MCP2902005K,220043563,Montgomery County Police,Injury Crash,10/06/2022 07:34:00 AM,Maryland (State),CLOPPER RD,RICHTER FARM RD,,N/A,BICYCLIST,OTHER,CLEAR,DRY,DAYLIGHT,STOP SIGN,N/A,N/A,E56BAB2E-2E51-4FD4-8727-8B069B20B1F1,BICYCLIST,Cross/Enter at Intersection,UNKNOWN,N/A,Unknown,SUSPECTED MINOR INJURY,NONE,39.169965,-77.29678833,"(39.169965, -77.29678833)"
MCP3065000B,170525195,Montgomery County Police,Injury Crash,08/16/2017 04:46:00 PM,Maryland (State),NEW HAMPSHIRE AVE,NORTHAMPTON DR,,N/A,BICYCLIST,SINGLE VEHICLE,CLEAR,DRY,DAYLIGHT,N/A,NONE DETECTED,ALCOHOL PRESENT,3F6F20BA-E788-4E3A-AD98-B1C7C2CAC2ED,BICYCLIST,Cross/Enter not at Intersection,FAILURE TO YIELD RIGHT OF WAY,ON ROADWAY NOT AT CROSSWALK,Yes,SUSPECTED SERIOUS INJURY,NONE,39.00792333,-76.97992,"(39.00792333, -76.97992)"
EJ7870002F,200007376,Gaithersburg Police Depar,Injury Crash,02/13/2020 04:38:00 PM,Maryland (State),FREDERICK RD,BROOKS AVE,,GAITHERSBURG,PEDESTRIAN,SINGLE VEHICLE,CLOUDY,WET,DAYLIGHT,NO CONTROLS,NONE DETECTED,NONE DETECTED,F09BC689-2F71-4DB4-83E3-357082466BF2,PEDESTRIAN,Cross/Enter not at Intersection,DART DASH,ON ROADWAY NOT AT CROSSWALK,Yes,POSSIBLE INJURY,NONE,39.14320358,-77.2005593,"(39.14320358, -77.2005593)"
MCP2987000T,16029146,Montgomery County Police,Injury Crash,06/10/2016 07:40:00 AM,,,,PARKING LOT OF WOODMOOR SHOPPING CENTER,,PEDESTRIAN,SINGLE VEHICLE,CLEAR,,DAYLIGHT,NO CONTROLS,NONE DETECTED,NONE DETECTED,5328943C-C08E-4D7B-B456-80665CA62899,PEDESTRIAN,Cross/Enter not at Intersection,N/A,OTHER,No,SUSPECTED MINOR INJURY,NONE,39.02061115,-77.0120278,"(39.02061115, -77.0120278)"
MCP3112005R,210053334,Montgomery County Police,Injury Crash,12/31/2021 12:18:00 PM,Maryland (State),WISCONSIN AVE,CHESTNUT ST,,N/A,PEDESTRIAN,OTHER,CLOUDY,DRY,DAYLIGHT,NO CONTROLS,NONE DETECTED,NONE DETECTED,FCB3B52D-BCE5-442E-B219-669AC1A6739C,PEDESTRIAN,Cross/Enter at Intersection,NO IMPROPER ACTIONS,AT INTERSECTION MARKED CROSSWALK,No,SUSPECTED MINOR INJURY,NONE,38.99348833,-77.09561,"(38.99348833, -77.09561)"
MCP93110037,210017682,Montgomery County Police,Injury Crash,05/11/2021 11:12:00 AM,County,HACKAMORE DR,BRICKYARD RD,,N/A,PEDESTRIAN,SAME DIR REAR END,CLEAR,DRY,DAYLIGHT,NO CONTROLS,NONE DETECTED,NONE DETECTED,DEA09DEA-EEBA-44BB-9A46-306FFA6084A6,PEDESTRIAN,Other Working,NO IMPROPER ACTIONS,OTHER,No,SUSPECTED MINOR INJURY,N/A,38.98572667,-77.21298333,"(38.98572667, -77.21298333)"
MCP2756004R,220056264,Montgomery County Police,Injury Crash,12/19/2022 04:25:00 PM,,,,"PARKING LOT OF COSTCO 11160 VEIRS MILL RD. SILVER SPRING, MD 20902",,PEDESTRIAN,OPPOSITE DIRECTION SIDESWIPE,CLEAR,,DAYLIGHT,NO CONTROLS,NONE DETECTED,NONE DETECTED,A996772C-5A83-443E-9157-89C789086C88,PEDESTRIAN,Standing,NO IMPROPER ACTIONS,SIDEWALK,No,POSSIBLE INJURY,NONE,39.03562333,-77.055785,"(39.03562333, -77.055785)"
MCP2767008V,210001648,Montgomery County Police,Injury Crash,01/13/2021 05:40:00 PM,County,RANDOLPH RD,HEURICH RD,,N/A,BICYCLIST,SINGLE VEHICLE,CLEAR,DRY,DUSK,NO CONTROLS,UNKNOWN,NONE DETECTED,5BC95A45-7042-4825-9138-8FA5D048F7C9,BICYCLIST,Cross/Enter at Intersection,NO IMPROPER ACTIONS,ON ROADWAY NOT AT CROSSWALK,No,POSSIBLE INJURY,NONE,39.06225291,-77.04188665,"(39.06225291, -77.04188665)"
MCP2094005G,15049899,MONTGOMERY,Injury Crash,10/02/2015 07:58:00 AM,Maryland (State),ROCKVILLE PIKE,STRATHMORE AVE,,N/A,PEDESTRIAN,OTHER,RAINING,WET,DARK LIGHTS ON,TRAFFIC SIGNAL,NONE DETECTED,NONE DETECTED,59610ACD-8FE1-447E-8851-C653CE887A34,PEDESTRIAN,Cross/Enter at Intersection,NO IMPROPER ACTIONS,ON ROADWAY AT CROSSWALK,No,POSSIBLE INJURY,NONE,39.03480667,-77.10679,"(39.03480667, -77.10679)"
MCP3230001H,200034830,Montgomery County Police,Injury Crash,09/05/2020 06:40:00 PM,,,,REAR PARKING LOT OF 13625 GEORGIA AVE,,PEDESTRIAN,SINGLE VEHICLE,CLEAR,,DAYLIGHT,NO CONTROLS,NONE DETECTED,NONE DETECTED,EE77B261-1CEE-4B69-8C5F-8A14A482B3B0,PEDESTRIAN,Other,INATTENTIVE,OTHER,No,SUSPECTED MINOR INJURY,N/A,39.08032256,-77.07115942,"(39.08032256, -77.07115942)"
MCP3012000S,16016902,Montgomery County Police,Injury Crash,04/07/2016 07:42:00 AM,,,,ASPEN HILL SHOPPING CENTER PARKING LOT,,PEDESTRIAN,N/A,RAINING,,DAYLIGHT,NO CONTROLS,NONE DETECTED,NONE DETECTED,EB0FE60D-7D1D-481E-B9D6-F74CC581B516,PEDESTRIAN,Walking/Cycling on Sidewalk,NO IMPROPER ACTIONS,ON ROADWAY AT CROSSWALK,No,SUSPECTED MINOR INJURY,NONE,39.07721738,-77.0799011,"(39.07721738, -77.0799011)"
EJ7809000V,16060797,Gaithersburg Police Depar,Property Damage Crash,11/26/2016 08:47:00 PM,Maryland (State),S FREDERICK RD,CEDAR AVE,,GAITHERSBURG,PEDESTRIAN,SINGLE VEHICLE,CLEAR,DRY,DARK LIGHTS ON,NO CONTROLS,NONE DETECTED,NONE DETECTED,298EE32F-4D36-4EA4-A983-BADE1D1B3C61,PEDESTRIAN,Cross/Enter not at Intersection,DART DASH,ON ROADWAY NOT AT CROSSWALK,Yes,NO APPARENT INJURY,N/A,39.13965754,-77.1964176,"(39.13965754, -77.1964176)"
MCP2311002B,16026138,Montgomery County Police,Injury Crash,05/26/2016 01:46:00 AM,County,MONTGOMERY VILLAGE AVE,WALKERS CHOICE RD,,N/A,BICYCLIST,SAME DIR REAR END,CLEAR,DRY,DARK NO LIGHTS,N/A,N/A,N/A,C2C964E2-0C7D-4B2C-8FBB-42D9302E3F2D,BICYCLIST,Walking/Riding w/Traffic,NOT VISIBLE,ON ROADWAY NOT AT CROSSWALK,No,SUSPECTED MINOR INJURY,N/A,39.16437333,-77.20392167,"(39.16437333, -77.20392167)"
DD56370028,210006695,Rockville Police Departme,Injury Crash,02/21/2021 04:23:00 PM,,,,PARKING GARAGE OF 1628 E JEFFERSON ST,,PEDESTRIAN,OTHER,CLEAR,,N/A,NO CONTROLS,NONE DETECTED,NONE DETECTED,558878A4-6EEE-49CE-A6FC-7CC240648B1C,PEDESTRIAN,Cross/Enter not at Intersection,DART DASH,OTHER,Yes,SUSPECTED MINOR INJURY,NONE,39.06067784,-77.1270258,"(39.06067784, -77.1270258)"
MCP1378007T,15049147,MONTGOMERY,Injury Crash,09/28/2015 12:22:00 PM,County,S WESTLAND DR,FREDERICK RD,,N/A,PEDESTRIAN,SINGLE VEHICLE,CLOUDY,DRY,DAYLIGHT,TRAFFIC SIGNAL,NONE DETECTED,NONE DETECTED,7B9B6D74-600E-4FB6-A812-D1C9295FAACF,PEDESTRIAN,Cross/Enter at Intersection,NO IMPROPER ACTIONS,ON ROADWAY AT CROSSWALK,No,SUSPECTED SERIOUS INJURY,N/A,39.12589833,-77.18296,"(39.12589833, -77.18296)"
MCP3127000T,180025354,Montgomery County Police,Injury Crash,05/23/2018 05:55:00 PM,Maryland (State),WILSON LA,STRATFORD RD,,N/A,PEDESTRIAN,OTHER,CLEAR,DRY,DAYLIGHT,NO CONTROLS,NONE DETECTED,NONE DETECTED,7AD2ECC4-7349-4185-956F-08E1363A53E5,PEDESTRIAN,Cross/Enter at Intersection,INATTENTIVE,ON ROADWAY AT CROSSWALK,Yes,SUSPECTED MINOR INJURY,NONE,38.98715102,-77.10850954,"(38.98715102, -77.10850954)"
MCP1048003N,180021141,Montgomery County Police,Injury Crash,04/30/2018 04:21:00 PM,County,E GUDE DR,CECIL ST,,N/A,BICYCLIST,SAME DIRECTION RIGHT TURN,CLEAR,DRY,DAYLIGHT,TRAFFIC SIGNAL,N/A,NONE DETECTED,934EF8FF-DE08-4F00-97BA-2D53376D8597,BICYCLIST,Cross/Enter at Intersection,NO IMPROPER ACTIONS,AT INTERSECTION MARKED CROSSWALK,No,SUSPECTED MINOR INJURY,NONE,39.10631936,-77.15231538,"(39.10631936, -77.15231538)"
MCP1580003H,15029144,Montgomery County Police,Injury Crash,06/15/2015 03:55:00 PM,County,CLUB HOUSE RD,MONTGOMERY VILLAGE AVE,,N/A,PEDESTRIAN,SINGLE VEHICLE,CLEAR,DRY,DAYLIGHT,NO CONTROLS,NONE DETECTED,NONE DETECTED,427011B3-37A4-4B4F-96AE-4B2F686824C1,PEDESTRIAN,Cross/Enter not at Intersection,DART DASH,ON ROADWAY NOT AT CROSSWALK,,SUSPECTED MINOR INJURY,N/A,39.1746,-77.20453667,"(39.1746, -77.20453667)"
MCP3064004C,220007560,Montgomery County Police,Injury Crash,02/21/2022 10:45:00 AM,County,SHOREFIELD RD,GEORGIA AVE,,N/A,PEDESTRIAN,SINGLE VEHICLE,CLEAR,DRY,DAYLIGHT,TRAFFIC SIGNAL,NONE DETECTED,NONE DETECTED,643E452F-611A-4871-BEF1-5B414644148E,PEDESTRIAN,Cross/Enter at Intersection,UNKNOWN,AT INTERSECTION BUT NO CROSSWALK,Unknown,POSSIBLE INJURY,NONE,39.05301805,-77.05083386,"(39.05301805, -77.05083386)"
MCP2992002M,190041453,Montgomery County Police,Injury Crash,08/29/2019 09:35:00 PM,Maryland (State),LAYHILL RD,BEL PRE RD,,N/A,PEDESTRIAN,OTHER,N/A,DRY,DARK NO LIGHTS,NO CONTROLS,N/A,ALCOHOL PRESENT,225036BE-DCA0-4732-A692-FB3669F00C31,PEDESTRIAN,Getting off/on Vehicle,DART DASH,OTHER,Yes,SUSPECTED MINOR INJURY,N/A,39.09172333,-77.04509833,"(39.09172333, -77.04509833)"
MCP29920030,200036769,Montgomery County Police,Injury Crash,09/19/2020 04:45:00 PM,County,BEL PRE RD,ENT TO APARTMENTS,,N/A,BICYCLIST,OTHER,CLEAR,DRY,DAYLIGHT,NO CONTROLS,N/A,N/A,885F94EE-1F46-49A9-B52E-FFA9711F97D6,BICYCLIST,Walking/Cycling on Sidewalk,NO IMPROPER ACTIONS,ON ROADWAY AT CROSSWALK,No,SUSPECTED MINOR INJURY,MC/BIKE HELMET,39.09117667,-77.066665,"(39.09117667, -77.066665)"