Report Number,Local Case Number,Agency Name,ACRS Report Type,Crash Date/Time,Route Type,Road Name,Cross-Street Name,Off-Road Description,Municipality,Related Non-Motorist,Collision Type,Weather,Surface Condition,Light,Traffic Control,Driver Substance Abuse,Non-Motorist Substance Abuse,Person ID,Pedestrian Type,Pedestrian Movement,Pedestrian Actions,Pedestrian Location,At Fault,Injury Severity,Safety Equipment,Latitude,Longitude,Location
MCP3012005Z,200003610,Montgomery County Police,Injury Crash,01/22/2020 03:03:00 PM,Maryland (State),GEORGIA AVE,HATHAWAY DR,,N/A,PEDESTRIAN,OTHER,CLEAR,DRY,DAYLIGHT,TRAFFIC SIGNAL,N/A,N/A,FE0F0BE4-9565-4F09-9902-95B09B90A2B6,PEDESTRIAN,Walking/Riding against Traffic,IN ROADWAY IMPROPERLY,ON ROADWAY AT CROSSWALK,Yes,POSSIBLE INJURY,N/A,39.06811736,-77.0608396,"(39.06811736, -77.0608396)"
DD5583001V,16051391,Rockville Police Departme,Injury Crash,10/06/2016 02:00:00 PM,,,,"PARKING LOT OF GIANT FOOD, 625 HUNGERFORD DRIVE, ROCKVILLE",,PEDESTRIAN,OTHER,CLOUDY,,DAYLIGHT,N/A,UNKNOWN,NONE DETECTED,0F99B57D-29FE-4396-9536-EC9C2D673F73,PEDESTRIAN,Other,NO IMPROPER ACTIONS,OTHER,No,POSSIBLE INJURY,N/A,39.09294866,-77.15273112,"(39.09294866, -77.15273112)"
MCP3372001Y,230067838,Montgomery County Police,Injury Crash,11/22/2023 03:06:00 PM,County,CONNECTICUT AVE,BEL PRE RD,,N/A,PEDESTRIAN,SINGLE VEHICLE,CLEAR,DRY,DAYLIGHT,TRAFFIC SIGNAL,NONE DETECTED,NONE DETECTED,804CB5E0-45B3-4E78-B317-68535C8BCB2B,PEDESTRIAN,Cross/Enter at Intersection,NO IMPROPER ACTIONS,ON ROADWAY AT CROSSWALK,No,POSSIBLE INJURY,N/A,39.09196775,-77.07041842,"(39.09196775, -77.07041842)"
MCP24050009,15010068,Montgomery County Police,Injury Crash,03/03/2015 06:20:00 PM,Maryland (State),EAST WEST HWY,BLAIR MILL WAY,,N/A,PEDESTRIAN,STRAIGHT MOVEMENT ANGLE,RAINING,WET,DARK LIGHTS ON,NO CONTROLS,NONE DETECTED,NONE DETECTED,C23C6B18-5F51-4C06-B890-903E512ECD43,PEDESTRIAN,Cross/Enter at Intersection,NO IMPROPER ACTIONS,ON ROADWAY AT CROSSWALK,,POSSIBLE INJURY,N/A,38.98973202,-77.02835709,"(38.98973202, -77.02835709)"
MCP2939005N,210024258,Montgomery County Police,Injury Crash,06/24/2021 06:18:00 PM,County,SUNDOWN RD,HOWARD CHAPEL RD,,N/A,BICYCLIST,SAME DIR REAR END,CLEAR,DRY,DAYLIGHT,NO CONTROLS,NONE DETECTED,N/A,B36504C3-A059-4F71-AAE2-B75E9FC37CEF,BICYCLIST,Cross/Enter at Intersection,NO IMPROPER ACTIONS,ON ROADWAY NOT AT CROSSWALK,No,SUSPECTED MINOR INJURY,MC/BIKE HELMET,39.22366167,-77.07680333,"(39.22366167, -77.07680333)"
MCP2768000B,16021724,Montgomery County Police,Injury Crash,05/02/2016 10:00:00 PM,,,,PARKING LOT,,PEDESTRIAN,OTHER,RAINING,,DARK LIGHTS ON,N/A,UNKNOWN,NONE DETECTED,80A344E5-5078-405D-930B-6BE83A06A249,PEDESTRIAN,Cross/Enter not at Intersection,INATTENTIVE,ON ROADWAY NOT AT CROSSWALK,No,SUSPECTED MINOR INJURY,NONE,39.12399702,-77.20119596,"(39.12399702, -77.20119596)"
MCP29830034,180054646,Montgomery County Police,Injury Crash,10/31/2018 06:30:00 PM,County,BELVEDERE BLVD,GEORGIA AVE,,N/A,BICYCLIST,STRAIGHT MOVEMENT ANGLE,CLEAR,DRY,DARK NO LIGHTS,STOP SIGN,NONE DETECTED,NONE DETECTED,33C0304F-5CBD-4399-969D-DA72C0281B80,BICYCLIST,Cross/Enter at Intersection,NOT VISIBLE,SIDEWALK,No,POSSIBLE INJURY,MC/BIKE HELMET,39.019225,-77.04421833,"(39.019225, -77.04421833)"
MCP24920009,15020994,Montgomery County Police,Injury Crash,05/03/2015 10:06:00 PM,Maryland (State),FREDERICK RD,MAGNOLIA DR,,N/A,PEDESTRIAN,OTHER,CLEAR,DRY,DARK NO LIGHTS,NO CONTROLS,NONE DETECTED,UNKNOWN,38FD4162-7386-49B3-99B6-D916A01318CE,PEDESTRIAN,Cross/Enter not at Intersection,UNKNOWN,ON ROADWAY NOT AT CROSSWALK,,SUSPECTED SERIOUS INJURY,N/A,39.17761156,-77.23842904,"(39.17761156, -77.23842904)"
MCP3317000W,230002745,Montgomery County Police,Injury Crash,01/17/2023 08:13:00 PM,County,PATTON DR,UNIVERSITY BLVD E,,N/A,PEDESTRIAN,SINGLE VEHICLE,CLEAR,DRY,DARK LIGHTS ON,NO CONTROLS,UNKNOWN,NONE DETECTED,601C02C3-A386-410F-9683-2A53CD07D863,PEDESTRIAN,Cross/Enter at Intersection,NO IMPROPER ACTIONS,ON ROADWAY AT CROSSWALK,No,SUSPECTED MINOR INJURY,NONE,39.00256455,-76.99565913,"(39.00256455, -76.99565913)"
DM83360036,200008082,Takoma Park Police Depart,Injury Crash,02/18/2020 09:29:00 AM,Municipality,RITCHIE AVE,OSWEGO AVE,,TAKOMA PARK,PEDESTRIAN,OTHER,CLEAR,DRY,DAYLIGHT,NO CONTROLS,,N/A,6297A942-DEE2-49E5-A541-6C20E2A1E31E,PEDESTRIAN,Other,OTHER,N/A,Yes,SUSPECTED MINOR INJURY,N/A,38.98614597,-77.00901046,"(38.98614597, -77.00901046)"
MCP1205001L,15059306,MONTGOMERY,Injury Crash,11/20/2015 01:36:00 PM,,,,Parking area of 7851 Old Georgetown Road.,,PEDESTRIAN,OTHER,CLEAR,,DAYLIGHT,N/A,NONE DETECTED,NONE DETECTED,742381F1-6DE6-42A6-B5F0-312A65D25D6C,PEDESTRIAN,Other,NO IMPROPER ACTIONS,OTHER,No,SUSPECTED MINOR INJURY,N/A,38.98836856,-77.10028052,"(38.98836856, -77.10028052)"
MCP29300020,210046908,Montgomery County Police,Injury Crash,11/18/2021 08:15:00 PM,County,BEL PRE RD,PARKER FARM WAY,,N/A,PEDESTRIAN,OTHER,RAINING,WET,DARK LIGHTS ON,TRAFFIC SIGNAL,NONE DETECTED,NONE DETECTED,AF171322-9C8B-4167-B9F4-9129AD0F3997,PEDESTRIAN,Cross/Enter at Intersection,NO IMPROPER ACTIONS,AT INTERSECTION MARKED CROSSWALK,No,SUSPECTED MINOR INJURY,N/A,39.09076333,-77.048355,"(39.09076333, -77.048355)"
MCP2450003V,220000178,Montgomery County Police,Injury Crash,01/02/2022 04:20:00 PM,Maryland (State),PINEY BRANCH RD,UNIVERSITY BLVD E,,N/A,PEDESTRIAN,OTHER,N/A,WET,UNKNOWN,OTHER,N/A,ALCOHOL CONTRIBUTED,32D36CC3-596D-4D22-A61A-B527E8B134D5,PEDESTRIAN,Unknown,UNKNOWN,CURB,Yes,SUSPECTED SERIOUS INJURY,N/A,38.99956189,-76.99609516,"(38.99956189, -76.99609516)"
MCP158000BJ,190026998,Montgomery County Police,Injury Crash,06/06/2019 07:40:00 AM,County,CENTER CT,MONTGOMERY VILLAGE AVE,,N/A,BICYCLIST,SINGLE VEHICLE,CLOUDY,WET,DAYLIGHT,STOP SIGN,NONE DETECTED,NONE DETECTED,C4EC57A8-7B17-45DF-9309-5D525F2493ED,BICYCLIST,Cross/Enter at Intersection,NO IMPROPER ACTIONS,ON ROADWAY AT CROSSWALK,No,SUSPECTED MINOR INJURY,NONE,39.16800667,-77.205625,"(39.16800667, -77.205625)"
MCP13890026,190013061,Montgomery County Police,Injury Crash,03/21/2019 03:15:00 PM,County,STEDWICK RD,MONTGOMERY VILLAGE AVE,,N/A,BICYCLIST,STRAIGHT MOVEMENT ANGLE,RAINING,WET,DAYLIGHT,NO CONTROLS,NONE DETECTED,NONE DETECTED,21A2D781-EB9C-4578-A49F-EEE6B2B2D841,BICYCLIST,Cross/Enter not at Intersection,IN ROADWAY IMPROPERLY,OUTSIDE RIGHT OF WAY,Yes,SUSPECTED MINOR INJURY,MC/BIKE HELMET,39.16996671,-77.20606495,"(39.16996671, -77.20606495)"
MCP2977002F,170507852,Montgomery County Police,Injury Crash,05/15/2017 10:22:00 AM,County,MANCHESTER RD,BRADFORD RD,,N/A,PEDESTRIAN,OTHER,CLEAR,DRY,DAYLIGHT,NO CONTROLS,N/A,N/A,179229BD-A698-4490-B31C-15DEFBD314FE,PEDESTRIAN,Cross/Enter at Intersection,OTHER,ON ROADWAY NOT AT CROSSWALK,Yes,POSSIBLE INJURY,NONE,38.99829833,-77.00686,"(38.99829833, -77.00686)"
MCP28570037,210001882,Montgomery County Police,Injury Crash,01/15/2021 04:26:00 PM,,,,"PARKING LOT OF 18625 MOONEY DRIVE, GAITHERSBURG, MD 20879",,PEDESTRIAN,SINGLE VEHICLE,CLOUDY,,DAYLIGHT,N/A,NONE DETECTED,NONE DETECTED,9828D9BA-5524-448C-9987-0A272669F3EB,PEDESTRIAN,Other Working,UNKNOWN,N/A,No,SUSPECTED MINOR INJURY,N/A,39.16289373,-77.16414513,"(39.16289373, -77.16414513)"
MCP2921001G,16064255,Montgomery County Police,Injury Crash,12/14/2016 08:04:00 PM,,,,IN AREA BETWEEN THE BEST BUY STORE (20914 FREDERICK RD) AND THE BEST BUY PARKING LOT.,,PEDESTRIAN,SINGLE VEHICLE,CLEAR,,DARK LIGHTS ON,N/A,NONE DETECTED,NONE DETECTED,457CCBB6-CB41-4FAF-BD14-55CCA2E200ED,PEDESTRIAN,Cross/Enter at Intersection,NO IMPROPER ACTIONS,ON ROADWAY AT CROSSWALK,No,POSSIBLE INJURY,N/A,39.25777667,-77.20923333,"(39.25777667, -77.20923333)"
EJ7833003W,170524565,Gaithersburg Police Depar,Injury Crash,08/12/2017 11:38:00 PM,,,,"PARKING LOT OF 111 WATKINS STATION CIRCLE IN GAITHERSBURG, MD 20877",,PEDESTRIAN,OTHER,N/A,,DARK LIGHTS ON,NO CONTROLS,UNKNOWN,NONE DETECTED,8612D1E8-980E-47B4-AC2D-462CFE3AA978,PEDESTRIAN,Standing,OTHER,OTHER,No,POSSIBLE INJURY,NONE,39.16057648,-77.2195711,"(39.16057648, -77.2195711)"
MCP302600BX,230065061,Montgomery County Police,Injury Crash,11/08/2023 08:22:00 AM,County,BEECH AVE,SINGLETON DR,,N/A,PEDESTRIAN,SINGLE VEHICLE,CLEAR,DRY,DAYLIGHT,STOP SIGN,NONE DETECTED,NONE DETECTED,94345AF9-B1C7-45FF-87D8-72EE9F8F645B,PEDESTRIAN,Cross/Enter at Intersection,NOT VISIBLE,ON ROADWAY NOT AT CROSSWALK,No,SUSPECTED MINOR INJURY,NONE,39.00973033,-77.11581167,"(39.00973033, -77.11581167)"
MCP3350001Q,230062613,Montgomery County Police,Injury Crash,10/26/2023 07:20:00 AM,,GROSVENOR PL,GROSVENOR LN,,N/A,PEDESTRIAN,SINGLE VEHICLE,CLEAR,DRY,DUSK,NO CONTROLS,NONE DETECTED,NONE DETECTED,5AE3FE1D-931A-49F8-A216-4E5CEDFBB242,PEDESTRIAN,Cross/Enter at Intersection,NO IMPROPER ACTIONS,AT INTERSECTION MARKED CROSSWALK,No,SUSPECTED MINOR INJURY,N/A,39.02299667,-77.10580833,"(39.02299667, -77.10580833)"
MCP3339001V,230018092,Montgomery County Police,Injury Crash,04/16/2023 08:02:00 AM,,,,"13531 CONNECTICUT AVE, ASPEN HILL, MD 20906",,PEDESTRIAN,OTHER,CLEAR,,DAYLIGHT,N/A,NONE DETECTED,NONE DETECTED,78D473C0-ECE9-4DFB-8BA8-4D641BD59482,PEDESTRIAN,Other Working,NO IMPROPER ACTIONS,OTHER,No,POSSIBLE INJURY,NONE,39.07744483,-77.079981,"(39.07744483, -77.079981)"
MCP3268000F,200036194,Montgomery County Police,Injury Crash,09/15/2020 04:43:00 PM,Maryland (State),GEORGIA AVE,AUGUST DR,,N/A,PEDESTRIAN,N/A,CLEAR,DRY,DAYLIGHT,N/A,NONE DETECTED,N/A,7A8B4ECF-9866-4143-A007-508A50EE08C8,PEDESTRIAN,Cross/Enter not at Intersection,DART DASH,MEDIAN,Yes,SUSPECTED SERIOUS INJURY,N/A,39.02182648,-77.04473542,"(39.02182648, -77.04473542)"
MCP263900DL,220002119,Montgomery County Police,Property Damage Crash,01/18/2022 07:46:00 AM,County,CRYSTAL ROCK DR,WISTERIA DR,,N/A,PEDESTRIAN,STRAIGHT MOVEMENT ANGLE,CLOUDY,SNOW,DAYLIGHT,NO CONTROLS,NONE DETECTED,NONE DETECTED,D3B73550-DAB0-42D2-B311-E745785BE1D4,PEDESTRIAN,Cross/Enter not at Intersection,DART DASH,ON ROADWAY NOT AT CROSSWALK,Yes,NO APPARENT INJURY,NONE,39.17400833,-77.26557833,"(39.17400833, -77.26557833)"
DD5624000G,180011754,Rockville Police Departme,Injury Crash,03/08/2018 01:25:00 PM,Municipality,KING FARM BLVD,PICCARD DR,,ROCKVILLE,PEDESTRIAN,OTHER,CLEAR,DRY,DAYLIGHT,STOP SIGN,ALCOHOL PRESENT,NONE DETECTED,66E4D4DF-9C97-48C5-9E53-DC30CEC8DFBD,PEDESTRIAN,Cross/Enter at Intersection,NO IMPROPER ACTIONS,AT INTERSECTION MARKED CROSSWALK,No,SUSPECTED MINOR INJURY,N/A,39.11058284,-77.18243122,"(39.11058284, -77.18243122)"
MCP3021005F,200041083,Montgomery County Police,Injury Crash,10/18/2020 12:30:00 PM,,,,12012 CHERRY HILL RD - ALDI PARKING LOT,,PEDESTRIAN,SINGLE VEHICLE,CLEAR,,DAYLIGHT,NO CONTROLS,NONE DETECTED,NONE DETECTED,9981D314-3241-41E7-9F0E-0E7E947151E7,PEDESTRIAN,Standing,NO IMPROPER ACTIONS,OTHER,No,POSSIBLE INJURY,N/A,39.052725,-76.95676833,"(39.052725, -76.95676833)"
MCP25080007,15014007,Montgomery County Police,Injury Crash,03/26/2015 07:44:00 PM,,,,PARKING LOT OF 13408 KINGSVIEW VILLAGE AVE,,PEDESTRIAN,SINGLE VEHICLE,RAINING,,DARK LIGHTS ON,NO CONTROLS,NONE DETECTED,NONE DETECTED,5F62CB21-8ADC-45DB-8432-1E52943CB6A9,PEDESTRIAN,Other,NOT VISIBLE,OTHER,,POSSIBLE INJURY,NONE,39.15988333,-77.27945,"(39.15988333, -77.27945)"
MCP3328001G,230001561,Montgomery County Police,Injury Crash,01/10/2023 05:40:00 PM,County,RANDOLPH RD,KEMP MILL RD,,N/A,PEDESTRIAN,OTHER,CLEAR,DRY,DARK LIGHTS ON,TRAFFIC SIGNAL,UNKNOWN,UNKNOWN,E12F4DD3-23B3-431D-9B74-1D8E2AB26FB7,PEDESTRIAN,Cross/Enter at Intersection,FAILURE TO OBEY TRAFFIC SIGNS SIGNALS OR OFFICER,AT INTERSECTION MARKED CROSSWALK,Yes,SUSPECTED SERIOUS INJURY,NONE,39.06641242,-77.03036487,"(39.06641242, -77.03036487)"
MCP28770090,210022660,Montgomery County Police,Injury Crash,06/14/2021 08:23:00 AM,County,WILLARD AVE,FRIENDSHIP BLVD,,N/A,PEDESTRIAN,OTHER,CLEAR,DRY,DAYLIGHT,TRAFFIC SIGNAL,NONE DETECTED,NONE DETECTED,FD4BB509-886F-48E5-A1C0-5BFBF0A7917A,PEDESTRIAN,Cross/Enter at Intersection,NO IMPROPER ACTIONS,AT INTERSECTION MARKED CROSSWALK,No,SUSPECTED MINOR INJURY,NONE,38.96214079,-77.08894879,"(38.96214079, -77.08894879)"
EJ78840042,220008914,Gaithersburg Police Depar,Property Damage Crash,03/01/2022 07:19:00 PM,Municipality,WASHINGTONIAN BLVD,ROUNDABOUT,,N/A,PEDESTRIAN,SAME DIRECTION SIDESWIPE,CLEAR,DRY,DARK LIGHTS ON,N/A,N/A,N/A,13D09074-8A79-421F-90D3-4A0562CE8A1C,PEDESTRIAN,Walking/Riding w/Traffic,NO IMPROPER ACTIONS,ON ROADWAY NOT AT CROSSWALK,Unknown,NO APPARENT INJURY,LIGHTING,39.1178945,-77.20217447,"(39.1178945, -77.20217447)"
EJ785600BS,220051981,Gaithersburg Police Depar,Injury Crash,11/24/2022 05:18:00 PM,Maryland (State),QUINCE ORCHARD RD,FIRSTFIELD RD,,GAITHERSBURG,PEDESTRIAN,OTHER,CLEAR,DRY,DARK LIGHTS ON,TRAFFIC SIGNAL,N/A,ALCOHOL PRESENT,59C4A90E-2740-4D5B-A16A-7F13EB3C7492,PEDESTRIAN,Unknown,DART DASH,UNKNOWN,Unknown,SUSPECTED MINOR INJURY,NONE,39.14475985,-77.21946533,"(39.14475985, -77.21946533)"
MCP3270000T,200045439,Montgomery County Police,Property Damage Crash,11/17/2020 06:36:00 PM,Maryland (State),NEW HAMPSHIRE AVE,IN CORP LMTS TAKOMA PARK,,N/A,BICYCLIST,STRAIGHT MOVEMENT ANGLE,CLEAR,DRY,DARK LIGHTS ON,N/A,UNKNOWN,NONE DETECTED,3A6BF28C-53BF-44BE-B913-210842B262B2,BICYCLIST,Cross/Enter at Intersection,NO IMPROPER ACTIONS,AT INTERSECTION MARKED CROSSWALK,No,NO APPARENT INJURY,NONE,39.04090188,-76.99101255,"(39.04090188, -76.99101255)"
MCP30700016,190059496,Montgomery County Police,Injury Crash,12/10/2019 10:30:00 AM,County,COMMERCE LA,WISCONSIN AVE,,N/A,PEDESTRIAN,SINGLE VEHICLE,RAINING,WET,DAYLIGHT,TRAFFIC SIGNAL,N/A,N/A,22D8E7A3-5124-4FE6-86F9-B0854EBB2693,PEDESTRIAN,Cross/Enter at Intersection,UNKNOWN,AT INTERSECTION MARKED CROSSWALK,Unknown,POSSIBLE INJURY,NONE,38.98592806,-77.09472495,"(38.98592806, -77.09472495)"
MCP29700014,15058902,MONTGOMERY,Injury Crash,11/18/2015 01:54:00 PM,County,GRANDVIEW AVE,ENNALLS AVE,,N/A,PEDESTRIAN,SINGLE VEHICLE,CLOUDY,DRY,DAYLIGHT,STOP SIGN,N/A,N/A,EF5ED284-D620-4B88-A2CD-78DAB2E97A0D,PEDESTRIAN,Cross/Enter at Intersection,NO IMPROPER ACTIONS,ON ROADWAY AT CROSSWALK,No,SUSPECTED MINOR INJURY,N/A,39.04006912,-77.05277927,"(39.04006912, -77.05277927)"
MCP1305003Z,200006511,Montgomery County Police,Property Damage Crash,02/08/2020 02:52:00 PM,,,,PARKING LOT AT 22 TINDALL SRPINGS CT,,OTHER,OTHER,CLEAR,,DAYLIGHT,NO CONTROLS,NONE DETECTED,N/A,C29B8ED9-C74D-4F71-8804-6A0CE6219D80,OTHER,N/A,NO IMPROPER ACTIONS,INSIDE BUILDING,No,NO APPARENT INJURY,N/A,39.18515167,-77.17692833,"(39.18515167, -77.17692833)"
EJ7847000V,15008084,Gaithersburg Police Depar,Injury Crash,02/18/2015 09:09:00 PM,Maryland (State),FREDERICK RD,SPUR FR MD 124,,N/A,PEDESTRIAN,OTHER,CLOUDY,WET,DARK LIGHTS ON,NO CONTROLS,N/A,ALCOHOL CONTRIBUTED,D7365F4F-19AA-4007-B7D5-EA4CD68DDC02,PEDESTRIAN,Walking/Riding w/Traffic,IN ROADWAY IMPROPERLY,ON ROADWAY NOT AT CROSSWALK,,SUSPECTED MINOR INJURY,NONE,39.15197167,-77.21152833,"(39.15197167, -77.21152833)"
MCP2753000Q,15015658,Montgomery County Police,Injury Crash,04/05/2015 07:45:00 AM,County,BAUER DR,LAKE DR,,N/A,OTHER,SINGLE VEHICLE,CLEAR,DRY,DAYLIGHT,NO CONTROLS,ALCOHOL PRESENT,N/A,2BE5EB42-40BE-4BB2-BC62-1D8A2A23ACBE,OTHER,N/A,NO IMPROPER ACTIONS,OTHER,,NO APPARENT INJURY,N/A,39.09835,-77.110915,"(39.09835, -77.110915)"
MCP1342001Y,180003303,Montgomery County Police,Injury Crash,01/20/2018 02:10:00 PM,County,CARRY BACK DR,NATIVE DANCER RD,,N/A,BICYCLIST,SAME DIRECTION RIGHT TURN,CLEAR,DRY,DAYLIGHT,NO CONTROLS,MEDICATION PRESENT,NONE DETECTED,E843508C-1B39-4BD8-BE2A-4812D5B7BFC2,BICYCLIST,Walking/Riding w/Traffic,NO IMPROPER ACTIONS,OTHER,No,SUSPECTED MINOR INJURY,MC/BIKE HELMET,39.10126333,-77.26250333,"(39.10126333, -77.26250333)"
EJ78510083,220035553,Gaithersburg Police Depar,Injury Crash,08/18/2022 08:30:00 PM,Maryland (State),W DIAMOND AVE,RAMP 1 FR IS 270 NB TO MD 117 WB,,N/A,PEDESTRIAN,OTHER,CLEAR,DRY,DARK LIGHTS ON,TRAFFIC SIGNAL,NONE DETECTED,NONE DETECTED,4C5790CC-8ABE-4A90-A086-46D2FADDB111,PEDESTRIAN,Cross/Enter at Intersection,NO IMPROPER ACTIONS,AT INTERSECTION MARKED CROSSWALK,No,SUSPECTED MINOR INJURY,NONE,39.15165993,-77.21974894,"(39.15165993, -77.21974894)"
MCP3299000V,210041546,Montgomery County Police,Injury Crash,10/16/2021 03:39:00 PM,,,,11160 VEIRS MILL ROAD. COSTCO/TARGET PARKING LOT.,,PEDESTRIAN,OTHER,RAINING,,DAYLIGHT,NO CONTROLS,NONE DETECTED,NONE DETECTED,97E52A8A-5E6D-4ABD-9208-5627D8CA3BEC,PEDESTRIAN,Cross/Enter not at Intersection,INATTENTIVE,OTHER,Yes,POSSIBLE INJURY,NONE,39.03576029,-77.05606393,"(39.03576029, -77.05606393)"
MCP1417005K,16034135,Montgomery County Police,Injury Crash,07/06/2016 06:39:00 AM,,,,"DRIVEWAY OF
20211 GOSHEN ROAD",,PEDESTRIAN,SINGLE VEHICLE,CLEAR,,DAYLIGHT,NO CONTROLS,NONE DETECTED,NONE DETECTED,399630BF-45EE-4B79-8F2F-C4327491C8AF,PEDESTRIAN,Other,DART DASH,OTHER,Yes,SUSPECTED MINOR INJURY,NONE,39.18907963,-77.18577325,"(39.18907963, -77.18577325)"
MCP2750004V,200016263,Montgomery County Police,Injury Crash,04/17/2020 09:35:00 AM,,,,12313 GEORGIA AVE,,PEDESTRIAN,STRAIGHT MOVEMENT ANGLE,CLEAR,,DAYLIGHT,NO CONTROLS,NONE DETECTED,NONE DETECTED,9CDABA14-1A2B-4247-B97C-D0985BD01B04,PEDESTRIAN,Walking/Cycling on Sidewalk,NO IMPROPER ACTIONS,SIDEWALK,No,SUSPECTED MINOR INJURY,NONE,39.05927333,-77.04997333,"(39.05927333, -77.04997333)"
MCP21950009,15035166,Montgomery County Police,Injury Crash,02/22/2017 12:10:00 PM,County,E GUDE DR,FREDERICK RD,,N/A,BICYCLIST,OTHER,CLEAR,DRY,DAYLIGHT,NO CONTROLS,NONE DETECTED,NONE DETECTED,0382707F-A1D8-41D5-B842-59380286DA85,BICYCLIST,Walking/Cycling on Sidewalk,NO IMPROPER ACTIONS,SIDEWALK,No,POSSIBLE INJURY,NONE,39.10954983,-77.18127283,"(39.10954983, -77.18127283)"
MCP158000CM,200008049,Montgomery County Police,Injury Crash,02/18/2020 06:11:00 AM,County,MONTGOMERY VILLAGE AVE,CLUB HOUSE RD,,N/A,PEDESTRIAN,SINGLE VEHICLE,CLOUDY,DRY,DARK LIGHTS ON,TRAFFIC SIGNAL,NONE DETECTED,NONE DETECTED,8EC4F423-145E-419B-9D56-5D61B3760FB7,PEDESTRIAN,Cross/Enter at Intersection,NO IMPROPER ACTIONS,AT INTERSECTION MARKED CROSSWALK,No,SUSPECTED MINOR INJURY,N/A,39.174405,-77.20391833,"(39.174405, -77.20391833)"
MCP2970001Q,16033110,Montgomery County Police,Injury Crash,06/30/2016 01:34:00 PM,Maryland (State),UNIVERSITY BLVD W,DRUMM AVE,,N/A,PEDESTRIAN,SINGLE VEHICLE,CLEAR,DRY,DAYLIGHT,YIELD SIGN,N/A,N/A,CAD841F5-42D1-4E1C-9829-753D952D7EE8,PEDESTRIAN,Cross/Enter at Intersection,NO IMPROPER ACTIONS,ON ROADWAY AT CROSSWALK,No,SUSPECTED SERIOUS INJURY,N/A,39.03668,-77.06152,"(39.03668, -77.06152)"
MCP2588006P,190055048,Montgomery County Police,Injury Crash,11/15/2019 08:10:00 AM,County,GRENOBLE DR,KEATING ST,,N/A,OTHER,SAME DIRECTION SIDESWIPE,CLEAR,DRY,DAYLIGHT,NO CONTROLS,NONE DETECTED,NONE DETECTED,2F0A1CE5-DD1B-46C8-B6F9-8B5236F43A3A,OTHER,Other Working,NO IMPROPER ACTIONS,OTHER,No,POSSIBLE INJURY,REFLECTIVE CLOTHING,39.07689793,-77.09058001,"(39.07689793, -77.09058001)"
MCP2001001S,220027189,Montgomery County Police,Fatal Crash,06/24/2022 04:30:00 AM,Maryland (State),GEORGIA AVE,ROSSMOOR BLVD,,N/A,PEDESTRIAN,SINGLE VEHICLE,CLEAR,DRY,DARK NO LIGHTS,NO CONTROLS,NONE DETECTED,N/A,47FBE4D0-CEC8-4C4C-900A-7D45E68A1A18,PEDESTRIAN,Cross/Enter not at Intersection,IN ROADWAY IMPROPERLY,ON ROADWAY NOT AT CROSSWALK,Yes,FATAL INJURY,N/A,39.09968167,-77.07761667,"(39.09968167, -77.07761667)"
MCP2777004Z,180062705,Montgomery County Police,Injury Crash,12/15/2018 05:40:00 PM,County,WOODMONT AVE,HAMPDEN LA,,N/A,PEDESTRIAN,OTHER,RAINING,WET,DARK LIGHTS ON,TRAFFIC SIGNAL,NONE DETECTED,NONE DETECTED,127ED9F2-9A58-4C6E-BA9D-83C78C196CDE,PEDESTRIAN,Cross/Enter at Intersection,NO IMPROPER ACTIONS,ON ROADWAY AT CROSSWALK,No,POSSIBLE INJURY,NONE,38.98231333,-77.09590833,"(38.98231333, -77.09590833)"
MCP2420004T,230018104,Montgomery County Police,Injury Crash,04/16/2023 09:01:00 AM,Maryland (State),LAYHILL RD,BRIGGS RD,,N/A,BICYCLIST,OTHER,CLEAR,DRY,DAYLIGHT,TRAFFIC SIGNAL,NONE DETECTED,NONE DETECTED,5B01D49C-277B-4770-8C8F-B3E0F597E07E,BICYCLIST,Cross/Enter at Intersection,NO IMPROPER ACTIONS,ON ROADWAY AT CROSSWALK,No,SUSPECTED MINOR INJURY,MC/BIKE HELMET,39.0691727,-77.0455124,"(39.0691727, -77.0455124)"
MCP3022001N,180015324,Montgomery County Police,Injury Crash,03/22/2018 12:30:00 PM,,,,"PARKING LOT OF 7ELEVEN LOCATED AT 13001 WISTERIA DRIVE, GERMANTOWN, MD 20874",,PEDESTRIAN,OPPOSITE DIR BOTH LEFT TURN,CLEAR,,DAYLIGHT,STOP SIGN,UNKNOWN,UNKNOWN,FA9A83C1-92ED-4AB6-A0EC-F198348119E8,PEDESTRIAN,Cross/Enter at Intersection,N/A,AT INTERSECTION BUT NO CROSSWALK,No,SUSPECTED MINOR INJURY,N/A,39.17844221,-77.27031916,"(39.17844221, -77.27031916)"
MCP229800B9,16057493,Montgomery County Police,Injury Crash,11/07/2016 08:01:00 PM,Maryland (State),CLOPPER RD,LIBERTY MILL RD,,N/A,BICYCLIST,OTHER,CLEAR,N/A,DARK LIGHTS ON,NO CONTROLS,NONE DETECTED,ILLEGAL DRUG PRESENT,73047F75-5907-4BF0-9951-374611F33CF0,BICYCLIST,Cross/Enter at Intersection,NO IMPROPER ACTIONS,AT INTERSECTION BUT NO CROSSWALK,No,POSSIBLE INJURY,NONE,39.16217474,-77.28160657,"(39.16217474, -77.28160657)"
MCP26650010,15024061,Montgomery County Police,Injury Crash,05/19/2015 06:48:00 PM,County,CHESHIRE DR,OLD GEORGETOWN RD,,N/A,PEDESTRIAN,OTHER,CLEAR,DRY,DAYLIGHT,TRAFFIC SIGNAL,N/A,N/A,3BED917E-F2A2-451E-859A-88F7712D4083,PEDESTRIAN,Cross/Enter at Intersection,NO IMPROPER ACTIONS,AT INTERSECTION MARKED CROSSWALK,,POSSIBLE INJURY,N/A,39.02256833,-77.12319667,"(39.02256833, -77.12319667)"