Report Number,Local Case Number,Agency Name,ACRS Report Type,Crash Date/Time,Route Type,Road Name,Cross-Street Name,Off-Road Description,Municipality,Related Non-Motorist,Collision Type,Weather,Surface Condition,Light,Traffic Control,Driver Substance Abuse,Non-Motorist Substance Abuse,Person ID,Pedestrian Type,Pedestrian Movement,Pedestrian Actions,Pedestrian Location,At Fault,Injury Severity,Safety Equipment,Latitude,Longitude,Location
MCP3038006F,230053188,Montgomery County Police,Injury Crash,09/04/2023 09:00:00 PM,Maryland (State),COLESVILLE RD,EAST WEST HWY,,N/A,PEDESTRIAN,OTHER,CLEAR,DRY,DARK LIGHTS ON,TRAFFIC SIGNAL,UNKNOWN,NONE DETECTED,885CE063-3828-42CC-AF75-48D06342C127,PEDESTRIAN,Cross/Enter at Intersection,NO IMPROPER ACTIONS,AT INTERSECTION MARKED CROSSWALK,No,SUSPECTED MINOR INJURY,N/A,38.99358828,-77.03211329,"(38.99358828, -77.03211329)"
DD5666000D,230074399,Rockville Police Departme,Injury Crash,12/31/2023 03:22:00 PM,,,,INTO STRUCTURE OF 721 MONROE ST. APARTMENT102,,PEDESTRIAN,SINGLE VEHICLE,CLEAR,,DAYLIGHT,NO CONTROLS,NONE DETECTED,NONE DETECTED,67A0692A-DA2E-4B9C-9940-1208F4181565,PEDESTRIAN,Other,OTHER,OTHER,No,SUSPECTED MINOR INJURY,N/A,39.07448784,-77.15264647,"(39.07448784, -77.15264647)"
MCP2600001F,15055481,MONTGOMERY,Injury Crash,10/31/2015 10:35:00 PM,Maryland (State),NEW HAMPSHIRE AVE,POWDER MILL RD,,N/A,PEDESTRIAN,OTHER,CLEAR,DRY,DARK LIGHTS ON,TRAFFIC SIGNAL,NONE DETECTED,UNKNOWN,BB0B789B-27B4-42A6-8D2A-F56FD7CDDAE4,PEDESTRIAN,Cross/Enter at Intersection,UNKNOWN,ON ROADWAY NOT AT CROSSWALK,Yes,POSSIBLE INJURY,N/A,39.02158667,-76.97838,"(39.02158667, -76.97838)"
MCP29920013,17004969,Montgomery County Police,Injury Crash,01/28/2017 06:47:00 PM,County,CONNECTICUT AVE,GRAND PRE RD,,N/A,PEDESTRIAN,OTHER,CLEAR,DRY,N/A,OTHER,NONE DETECTED,NONE DETECTED,383EDD3D-CC76-461B-B89A-5972C51EBB95,PEDESTRIAN,Cross/Enter at Intersection,NO IMPROPER ACTIONS,AT INTERSECTION MARKED CROSSWALK,No,SUSPECTED MINOR INJURY,N/A,39.08799017,-77.07296683,"(39.08799017, -77.07296683)"
MCP3225003S,230023903,Montgomery County Police,Injury Crash,05/18/2023 04:50:00 PM,County,ASPEN HILL RD,PARKLAND DR,,N/A,BICYCLIST,STRAIGHT MOVEMENT ANGLE,CLEAR,DRY,DAYLIGHT,TRAFFIC SIGNAL,NONE DETECTED,NONE DETECTED,1E9F48CC-0470-4148-BD31-27F2093B1904,BICYCLIST,Cross/Enter at Intersection,NO IMPROPER ACTIONS,AT INTERSECTION MARKED CROSSWALK,No,SUSPECTED MINOR INJURY,UNKNOWN,39.0791755,-77.08753133,"(39.0791755, -77.08753133)"
EJ7873008B,230062171,Gaithersburg Police Depar,Injury Crash,10/23/2023 04:47:00 PM,Maryland (State),FREDERICK RD,ODENDHAL AVE,,GAITHERSBURG,BICYCLIST,SINGLE VEHICLE,CLEAR,DRY,DAYLIGHT,NO CONTROLS,NONE DETECTED,NONE DETECTED,4F5A51B9-3524-40BA-9A4E-AA3443EA0AED,BICYCLIST,Walking/Cycling on Sidewalk,NO IMPROPER ACTIONS,SIDEWALK,No,POSSIBLE INJURY,MC/BIKE HELMET,39.14766339,-77.20591178,"(39.14766339, -77.20591178)"
MCP2116007V,180000627,Montgomery County Police,Injury Crash,01/04/2018 06:27:00 PM,Municipality,DUNDEE RD,GUY CT,,ROCKVILLE,PEDESTRIAN,STRAIGHT MOVEMENT ANGLE,CLEAR,DRY,DARK LIGHTS ON,NO CONTROLS,NONE DETECTED,NONE DETECTED,E7014161-D4A9-4475-928E-F03BC3E391EA,PEDESTRIAN,Cross/Enter at Intersection,NO IMPROPER ACTIONS,ON ROADWAY AT CROSSWALK,No,SUSPECTED MINOR INJURY,NONE,39.08753167,-77.18211167,"(39.08753167, -77.18211167)"
MCP26250011,200032810,Montgomery County Police,Injury Crash,08/22/2020 12:23:00 PM,County,LELAND ST,BRADLEY BLVD,,N/A,PEDESTRIAN,N/A,CLEAR,DRY,DAYLIGHT,TRAFFIC SIGNAL,NONE DETECTED,NONE DETECTED,FFD757B9-9253-4007-B403-369FCFC19C36,PEDESTRIAN,Cross/Enter not at Intersection,UNKNOWN,ON ROADWAY NOT AT CROSSWALK,Yes,SUSPECTED MINOR INJURY,N/A,38.9782613,-77.09705684,"(38.9782613, -77.09705684)"
MCP3339000J,220039784,Montgomery County Police,Injury Crash,09/13/2022 01:34:00 PM,Maryland (State),GEORGIA AVE,CONNECTICUT AVE,,N/A,PEDESTRIAN,N/A,CLEAR,DRY,DAYLIGHT,TRAFFIC SIGNAL,NONE DETECTED,NONE DETECTED,5A4D2E0D-EB9C-4DE2-B4C6-2472C5358D1F,PEDESTRIAN,Cross/Enter at Intersection,FAILURE TO YIELD RIGHT OF WAY,ON ROADWAY AT CROSSWALK,Yes,SUSPECTED MINOR INJURY,NONE,39.08453167,-77.07774667,"(39.08453167, -77.07774667)"
MCP27660049,180058256,Montgomery County Police,Injury Crash,11/20/2018 05:35:00 PM,County,RIPPLING BROOK DR,BEL PRE RD,,N/A,PEDESTRIAN,SINGLE VEHICLE,CLEAR,DRY,DARK LIGHTS ON,STOP SIGN,NONE DETECTED,NONE DETECTED,912997DA-3E49-4395-AA76-714DAE36AC70,PEDESTRIAN,Cross/Enter at Intersection,NO IMPROPER ACTIONS,ON ROADWAY AT CROSSWALK,No,POSSIBLE INJURY,NONE,39.09036167,-77.053115,"(39.09036167, -77.053115)"
MCP30370055,230031471,Montgomery County Police,Injury Crash,07/01/2023 05:17:00 PM,County,WAYFARER RD,WATKINS MEADOW DR,,N/A,PEDESTRIAN,OTHER,CLEAR,DRY,DAYLIGHT,NO CONTROLS,NONE DETECTED,NONE DETECTED,5286716A-6302-4178-8A9E-E5C4B2321BF3,PEDESTRIAN,Walking/Riding w/Traffic,NO IMPROPER ACTIONS,ON ROADWAY NOT AT CROSSWALK,No,SUSPECTED MINOR INJURY,NONE,39.19534443,-77.22423398,"(39.19534443, -77.22423398)"
DD5538001R,16042854,Rockville Police Departme,Injury Crash,08/23/2016 04:50:00 PM,Maryland (State),ROCKVILLE PIKE,ENT TO BUSINESS,,N/A,PEDESTRIAN,SINGLE VEHICLE,CLEAR,DRY,DAYLIGHT,NO CONTROLS,N/A,NONE DETECTED,4F0451CF-6550-46BF-8CA7-50CA1D072E62,PEDESTRIAN,Walking/Cycling on Sidewalk,NO IMPROPER ACTIONS,DRIVEWAY ACCESS MARKED CROSSWALK,No,SUSPECTED MINOR INJURY,NONE,39.06837167,-77.12969333,"(39.06837167, -77.12969333)"
MCP27940015,15053515,MONTGOMERY,Injury Crash,10/21/2015 10:13:00 PM,County,WOODMONT AVE,BATTERY LA,,N/A,PEDESTRIAN,OTHER,N/A,DRY,DARK NO LIGHTS,TRAFFIC SIGNAL,N/A,NONE DETECTED,B144BFE0-C830-428A-99D3-10C08ABCCC00,PEDESTRIAN,N/A,NO IMPROPER ACTIONS,AT INTERSECTION MARKED CROSSWALK,No,SUSPECTED MINOR INJURY,N/A,38.99270484,-77.09711552,"(38.99270484, -77.09711552)"
MCP27170030,15048327,MONTGOMERY,Injury Crash,09/23/2015 07:37:00 PM,Maryland (State),EAST WEST HWY,BROOKVILLE RD,,N/A,BICYCLIST,OTHER,CLEAR,DRY,DARK NO LIGHTS,NO CONTROLS,NONE DETECTED,NONE DETECTED,0759C71A-CD01-4D79-B220-EC19BC6C8D85,BICYCLIST,Cross/Enter at Intersection,NO IMPROPER ACTIONS,SIDEWALK,No,SUSPECTED MINOR INJURY,MC/BIKE HELMET,38.99202106,-77.07198858,"(38.99202106, -77.07198858)"
MCP2592002R,230017399,Montgomery County Police,Injury Crash,04/12/2023 09:40:00 AM,,,,PARKING LOT IN FRONT OF 20202 SPRING HAVEN CT,,PEDESTRIAN,OTHER,CLEAR,,DAYLIGHT,N/A,NONE DETECTED,N/A,85AB09EF-79BB-4ED5-AAB9-8EA07FE02650,PEDESTRIAN,Standing,UNKNOWN,OTHER,Unknown,POSSIBLE INJURY,N/A,39.18890517,-77.19099817,"(39.18890517, -77.19099817)"
MCP2231001J,15059475,MONTGOMERY,Injury Crash,11/21/2015 08:20:00 AM,Maryland (State),BRADLEY BLVD,HOWELL RD,,N/A,PEDESTRIAN,SAME DIR REAR END,CLEAR,DRY,DAYLIGHT,NO CONTROLS,NONE DETECTED,NONE DETECTED,D38A91E8-A45A-4D26-80AA-F32424F6713B,PEDESTRIAN,Other Working,NO IMPROPER ACTIONS,SHOULDER,No,SUSPECTED MINOR INJURY,REFLECTIVE CLOTHING,38.99733333,-77.13142833,"(38.99733333, -77.13142833)"
MCP2931003C,190020167,Montgomery County Police,Injury Crash,04/29/2019 08:22:00 PM,Maryland (State),FREDERICK RD,CROSSOVER,,N/A,PEDESTRIAN,SINGLE VEHICLE,N/A,DRY,DARK LIGHTS ON,N/A,,N/A,4080B128-59FE-43E3-92F0-E29BCE1F4FA1,PEDESTRIAN,Push/Work on Vehicle,DISABLED VEHICLE RELATED,N/A,Unknown,SUSPECTED MINOR INJURY,N/A,39.12138464,-77.1761312,"(39.12138464, -77.1761312)"
MCP30060034,180032582,Montgomery County Police,Injury Crash,07/02/2018 01:38:00 PM,Maryland (State),GEORGIA AVE,ARCOLA AVE,,N/A,PEDESTRIAN,SINGLE VEHICLE,CLEAR,DRY,DAYLIGHT,TRAFFIC SIGNAL,NONE DETECTED,NONE DETECTED,6FF07046-04B6-4555-A139-A0E43C397759,PEDESTRIAN,Cross/Enter at Intersection,FAILURE TO OBEY TRAFFIC SIGNS SIGNALS OR OFFICER,ON ROADWAY AT CROSSWALK,Yes,SUSPECTED MINOR INJURY,N/A,39.0471358,-77.05195718,"(39.0471358, -77.05195718)"
MCP2875002K,17009918,Montgomery County Police,Injury Crash,02/24/2017 12:56:00 AM,Maryland (State),GERMANTOWN RD,RICHTER FARM RD,,N/A,PEDESTRIAN,OTHER,CLEAR,DRY,DARK NO LIGHTS,NO CONTROLS,NONE DETECTED,ALCOHOL PRESENT,93D36B4E-6474-435D-8601-5772ACEAC78C,PEDESTRIAN,Cross/Enter not at Intersection,FAILURE TO YIELD RIGHT OF WAY,ON ROADWAY NOT AT CROSSWALK,Yes,SUSPECTED MINOR INJURY,NONE,39.15264395,-77.28839993,"(39.15264395, -77.28839993)"
MCP33760004,220057765,Montgomery County Police,Property Damage Crash,12/29/2022 07:44:00 PM,Maryland (State),OLNEY SANDY SPRING RD,ENT TO SHOPPING CENTER,,N/A,BICYCLIST,OTHER,CLEAR,DRY,DARK LIGHTS ON,STOP SIGN,NONE DETECTED,NONE DETECTED,5E0F38EE-58C6-4A83-8A94-EFF537099D27,BICYCLIST,Cross/Enter at Intersection,NO IMPROPER ACTIONS,ON ROADWAY AT CROSSWALK,No,NO APPARENT INJURY,NONE,39.15201462,-77.06429908,"(39.15201462, -77.06429908)"
MCP2878001V,16038757,Montgomery County Police,Injury Crash,07/31/2016 04:44:00 PM,Maryland (State),FREDERICK RD,GUNNERS BRANCH RD,,N/A,PEDESTRIAN,OTHER,CLOUDY,DRY,DAYLIGHT,TRAFFIC SIGNAL,UNKNOWN,NONE DETECTED,7A522873-5F89-43A2-9824-E7E5ACD0EE2E,PEDESTRIAN,Cross/Enter at Intersection,NO IMPROPER ACTIONS,AT INTERSECTION MARKED CROSSWALK,No,SUSPECTED MINOR INJURY,N/A,39.17842245,-77.23861814,"(39.17842245, -77.23861814)"
MCP2348002M,170511431,Montgomery County Police,Injury Crash,06/02/2017 08:22:00 PM,County,AMHERST AVE,BLUERIDGE AVE,,N/A,PEDESTRIAN,SINGLE VEHICLE,CLEAR,DRY,DAYLIGHT,N/A,NONE DETECTED,NONE DETECTED,EA8A3B91-14E3-4C48-B9B9-ED068A02844E,PEDESTRIAN,Cross/Enter at Intersection,NO IMPROPER ACTIONS,ON ROADWAY AT CROSSWALK,No,SUSPECTED MINOR INJURY,N/A,39.04333616,-77.0478715,"(39.04333616, -77.0478715)"
MCP2848003C,16046174,Montgomery County Police,Injury Crash,09/09/2016 08:30:00 AM,Municipality,WILLIAMS LA,CONNECTICUT AVE,,N/A,PEDESTRIAN,SINGLE VEHICLE,N/A,DRY,DAYLIGHT,STOP SIGN,NONE DETECTED,NONE DETECTED,D9840C28-27AE-473D-B87B-6FCC220BDD46,PEDESTRIAN,Cross/Enter at Intersection,NO IMPROPER ACTIONS,ON ROADWAY AT CROSSWALK,No,POSSIBLE INJURY,NONE,38.98374013,-77.07703114,"(38.98374013, -77.07703114)"
MCP271700N6,190017812,Montgomery County Police,Injury Crash,04/16/2019 03:25:00 PM,,,,4823 RUGBY AVENUE (MCP BETHESDA DISTRICT STATION),,OTHER,OTHER,CLEAR,,DAYLIGHT,NO CONTROLS,NONE DETECTED,NONE DETECTED,14D633F9-5491-4AB8-9E2C-19A1FC8A113C,OTHER,Other,OTHER,SIDEWALK,No,SUSPECTED MINOR INJURY,NONE,38.9910735,-77.09770717,"(38.9910735, -77.09770717)"
MCP3115004K,20000253,Montgomery County Police,Injury Crash,01/02/2021 06:32:00 PM,,,,PARKING LOT OF 10504 CONNECTICUT AVENUE,,PEDESTRIAN,OTHER,CLEAR,,N/A,N/A,N/A,N/A,57F316EF-91CB-4D7F-97D8-171E27B79105,PEDESTRIAN,Walking/Cycling on Sidewalk,NO IMPROPER ACTIONS,SIDEWALK,No,POSSIBLE INJURY,N/A,39.02820578,-77.07649608,"(39.02820578, -77.07649608)"
MCP209400CG,180050856,Montgomery County Police,Injury Crash,10/11/2018 09:14:00 AM,,,,PARKING LOT OF 7736 WOODMONT AVE,,OTHER,OTHER,N/A,,DAYLIGHT,N/A,NONE DETECTED,NONE DETECTED,8F459B94-5FBE-4A09-8E88-26D438AF707B,OTHER,Other,NO IMPROPER ACTIONS,OTHER,No,SUSPECTED MINOR INJURY,N/A,38.98870667,-77.09558167,"(38.98870667, -77.09558167)"
MCP3270000J,200039204,Montgomery County Police,Injury Crash,10/05/2020 04:22:00 PM,,,,PARKING LOT 3661 TURBRIDGE DRIVE,,PEDESTRIAN,SINGLE VEHICLE,CLEAR,,DAYLIGHT,N/A,,N/A,78E38193-A853-43AB-A026-AB5AB25A4620,PEDESTRIAN,Getting off/on Vehicle,ENTERING EXITING PARKED STANDING VEHICLE,OTHER,Yes,SUSPECTED MINOR INJURY,NONE,39.0912075,-76.931871,"(39.0912075, -76.931871)"
MCP2690000N,15000473,Montgomery County Police,Injury Crash,01/03/2015 08:31:00 PM,,,,Parking Lot 13 at 11219 Grandview Ave,,PEDESTRIAN,SINGLE VEHICLE,RAINING,,DARK LIGHTS ON,NO CONTROLS,ALCOHOL CONTRIBUTED,NONE DETECTED,4D6B0D8F-90B1-4BF0-9D2E-3A831F578D44,PEDESTRIAN,Standing,NO IMPROPER ACTIONS,OTHER,,SUSPECTED MINOR INJURY,N/A,39.03882591,-77.05136508,"(39.03882591, -77.05136508)"
MCP28430020,230022852,Montgomery County Police,Injury Crash,05/12/2023 05:00:00 PM,County,STEDWICK RD,CAPEHART DR,,N/A,PEDESTRIAN,OTHER,CLEAR,DRY,DAYLIGHT,NO CONTROLS,N/A,N/A,ED4FDEF9-DB94-4B09-8484-219559E2BDAB,PEDESTRIAN,Cross/Enter not at Intersection,UNKNOWN,ON ROADWAY NOT AT CROSSWALK,No,POSSIBLE INJURY,N/A,39.17096343,-77.21288113,"(39.17096343, -77.21288113)"
MCP2722002F,170504449,Montgomery County Police,Injury Crash,04/27/2017 05:47:00 AM,County,ASPEN HILL RD,PARKLAND DR,,N/A,PEDESTRIAN,STRAIGHT MOVEMENT ANGLE,FOGGY,DRY,DARK LIGHTS ON,TRAFFIC SIGNAL,N/A,N/A,39BB0265-5932-4DCB-B7A8-A2628564940A,PEDESTRIAN,Cross/Enter at Intersection,NO IMPROPER ACTIONS,ON ROADWAY AT CROSSWALK,No,SUSPECTED MINOR INJURY,NONE,39.079225,-77.0874,"(39.079225, -77.0874)"
MCP32390021,220015651,Montgomery County Police,Injury Crash,04/13/2022 10:16:00 AM,County,STEWART LA,LOCKWOOD DR,,N/A,PEDESTRIAN,SINGLE VEHICLE,CLEAR,DRY,DAYLIGHT,NO CONTROLS,UNKNOWN,N/A,78D5E5C9-7F32-4AD9-993E-90D2723422C0,PEDESTRIAN,Unknown,NO IMPROPER ACTIONS,ON ROADWAY NOT AT CROSSWALK,No,SUSPECTED MINOR INJURY,NONE,39.0438284,-76.98218047,"(39.0438284, -76.98218047)"
MCP30840066,220039011,Montgomery County Police,Injury Crash,09/08/2022 01:41:00 PM,,,,IN PARKING LOT OF 10335 OLD GEORGETOWN RD. BY THE EXXON.,,BICYCLIST,OTHER,CLEAR,,DAYLIGHT,NO CONTROLS,NONE DETECTED,NONE DETECTED,A4A32270-E07B-43EA-A7D0-61D5E42A6CEB,BICYCLIST,Cross/Enter not at Intersection,FAILURE TO YIELD RIGHT OF WAY,OTHER,Yes,POSSIBLE INJURY,MC/BIKE HELMET,39.02560167,-77.12547833,"(39.02560167, -77.12547833)"
MCP14380061,180013635,Montgomery County Police,Injury Crash,03/19/2018 10:05:00 AM,Maryland (State),WOODFIELD RD,FLOWER HILL WAY,,N/A,PEDESTRIAN,OTHER,CLEAR,DRY,DAYLIGHT,TRAFFIC SIGNAL,NONE DETECTED,NONE DETECTED,43E3BF8A-96A7-411E-9972-6F65347B223E,PEDESTRIAN,Walking/Riding against Traffic,FAILURE TO OBEY TRAFFIC SIGNS SIGNALS OR OFFICER,AT INTERSECTION MARKED CROSSWALK,Yes,POSSIBLE INJURY,NONE,39.156185,-77.16531333,"(39.156185, -77.16531333)"
MCP2437004S,220013942,Montgomery County Police,Injury Crash,04/01/2022 05:10:00 PM,County,PARKLAWN DR,RANDOLPH RD,,N/A,PEDESTRIAN,STRAIGHT MOVEMENT ANGLE,CLEAR,DRY,DAYLIGHT,NO CONTROLS,NONE DETECTED,NONE DETECTED,0A3C3CFB-3F05-4242-8FA1-1ED4EE89B74A,PEDESTRIAN,Standing,NO IMPROPER ACTIONS,OTHER,No,POSSIBLE INJURY,N/A,39.0537535,-77.1067445,"(39.0537535, -77.1067445)"
MCP2411009K,220051457,Montgomery County Police,Injury Crash,11/21/2022 11:31:00 AM,,,,PARKING LOT BETWEEN POPEYES AND APARTMENT COMPLEX AT 501 HUNGERFORD DR,,PEDESTRIAN,SINGLE VEHICLE,CLEAR,,DAYLIGHT,NO CONTROLS,NONE DETECTED,NONE DETECTED,8426A35D-A5BE-4F4F-A5D8-B9954D2A67FF,PEDESTRIAN,Cross/Enter at Intersection,NO IMPROPER ACTIONS,DRIVEWAY ACCESS MARKED CROSSWALK,No,SUSPECTED MINOR INJURY,N/A,39.09166149,-77.15252508,"(39.09166149, -77.15252508)"
DD5603006M,180065302,Rockville Police Departme,Injury Crash,12/31/2018 09:15:00 AM,Municipality,TWINBROOK PKWY,CHAPMAN AVE,,ROCKVILLE,PEDESTRIAN,OTHER,RAINING,WET,DAYLIGHT,TRAFFIC SIGNAL,NONE DETECTED,ALCOHOL CONTRIBUTED,C1AE560F-A108-4FA2-A4C4-32C6818A2A50,PEDESTRIAN,Cross/Enter at Intersection,FAILURE TO OBEY TRAFFIC SIGNS SIGNALS OR OFFICER,AT INTERSECTION MARKED CROSSWALK,Yes,SUSPECTED MINOR INJURY,NONE,39.058575,-77.11794167,"(39.058575, -77.11794167)"
MCP271700L5,180053407,Montgomery County Police,Injury Crash,10/25/2018 07:31:00 AM,County,CASTLE BLVD,TEAGARDEN CIR,,N/A,PEDESTRIAN,OTHER,CLEAR,DRY,DAWN,NO CONTROLS,NONE DETECTED,NONE DETECTED,284ECC41-1375-4F9B-8852-B4C5F0245C6B,PEDESTRIAN,Cross/Enter not at Intersection,DART DASH,ON ROADWAY NOT AT CROSSWALK,Yes,SUSPECTED MINOR INJURY,NONE,39.0824985,-76.943588,"(39.0824985, -76.943588)"
DD5610006V,210037804,Rockville Police Departme,Injury Crash,09/24/2021 01:36:00 PM,,,,1054 ROCKVILLE PIKE,,BICYCLIST,OTHER,CLEAR,,DAYLIGHT,NO CONTROLS,N/A,N/A,957F09E7-E4D5-4F58-B515-D44974329621,BICYCLIST,Other,UNKNOWN,CURB,Unknown,SUSPECTED MINOR INJURY,UNKNOWN,39.07257459,-77.13324277,"(39.07257459, -77.13324277)"
DD559500DZ,230053635,Rockville Police Departme,Injury Crash,09/07/2023 01:05:00 PM,Municipality,BEALL AVE #2,MARYLAND AVE,,N/A,PEDESTRIAN,OTHER,CLEAR,DRY,DAYLIGHT,OTHER,NONE DETECTED,NONE DETECTED,169F9BA4-63DB-4B6A-A8F1-E695607DF368,PEDESTRIAN,Other,NO IMPROPER ACTIONS,ON ROADWAY AT CROSSWALK,No,SUSPECTED MINOR INJURY,N/A,39.087155,-77.15125583,"(39.087155, -77.15125583)"
MCP2469000J,15046830,MONTGOMERY,Injury Crash,09/16/2015 06:55:00 AM,,,,Garage of 14508 Bradshaw Dr,,PEDESTRIAN,SINGLE VEHICLE,CLEAR,,DAYLIGHT,NO CONTROLS,,NONE DETECTED,0D92FB5E-3FE4-4CCA-A9D7-C8DDAB83DC83,PEDESTRIAN,Other,OTHER,OTHER,Yes,POSSIBLE INJURY,NONE,39.09300695,-76.955688,"(39.09300695, -76.955688)"
MCP2974001L,180002145,Montgomery County Police,Injury Crash,01/14/2018 02:05:00 AM,Maryland (State),PINEY BRANCH RD,ARLISS ST,,N/A,PEDESTRIAN,OTHER,CLEAR,N/A,DARK LIGHTS ON,FLASHING TRAFFIC SIGNAL,ILLEGAL DRUG PRESENT,ALCOHOL PRESENT,ABC4C28D-5D11-4895-9DAE-050142ACFE7D,PEDESTRIAN,Cross/Enter not at Intersection,IN ROADWAY IMPROPERLY,ON ROADWAY NOT AT CROSSWALK,Yes,SUSPECTED MINOR INJURY,N/A,38.99842602,-77.0010978,"(38.99842602, -77.0010978)"
DD5628002R,190055308,Rockville Police Departme,Injury Crash,11/16/2019 12:25:00 PM,Municipality,BEALL AVE #2,N WASHINGTON ST,,ROCKVILLE,PEDESTRIAN,OTHER,CLEAR,DRY,DAYLIGHT,TRAFFIC SIGNAL,NONE DETECTED,NONE DETECTED,EA70521F-2038-4C9E-B027-8F1CF6664520,PEDESTRIAN,Cross/Enter at Intersection,IN ROADWAY IMPROPERLY,OUTSIDE RIGHT OF WAY,Yes,SUSPECTED MINOR INJURY,N/A,39.08684397,-77.1530733,"(39.08684397, -77.1530733)"
MCP3063004G,230063405,Montgomery County Police,Property Damage Crash,10/30/2023 01:51:00 PM,County,SECOND AVE,FENWICK LA,,N/A,BICYCLIST,OTHER,CLEAR,DRY,DAYLIGHT,NO CONTROLS,NONE DETECTED,NONE DETECTED,5D7E26C2-9D16-4D55-A281-7E7FE2E72D34,BICYCLIST,Walking/Riding against Traffic,FAILURE TO YIELD RIGHT OF WAY,OTHER,Yes,NO APPARENT INJURY,NONE,38.9971265,-77.0334099,"(38.9971265, -77.0334099)"
MCP29730056,200029057,Montgomery County Police,Injury Crash,07/27/2020 02:09:00 AM,Maryland (State),GEORGIA AVE,HENDERSON AVE,,N/A,PEDESTRIAN,OTHER,CLEAR,DRY,DARK LIGHTS ON,NO CONTROLS,"ALCOHOL CONTRIBUTED, NONE DETECTED",NONE DETECTED,38D62503-736D-43B3-BD88-ECC9274AF996,PEDESTRIAN,Walking/Riding against Traffic,NO IMPROPER ACTIONS,SIDEWALK,No,SUSPECTED SERIOUS INJURY,N/A,39.05016403,-77.05163365,"(39.05016403, -77.05163365)"
MCP2720001M,15055240,MONTGOMERY,Property Damage Crash,10/30/2015 05:54:00 PM,Maryland (State),CONNECTICUT AVE,ASPEN HILL RD,,N/A,BICYCLIST,STRAIGHT MOVEMENT ANGLE,CLEAR,DRY,DUSK,TRAFFIC SIGNAL,NONE DETECTED,NONE DETECTED,E935B0CB-B36A-45AE-A7BD-3232A79E13D0,BICYCLIST,Cross/Enter at Intersection,NO IMPROPER ACTIONS,AT INTERSECTION MARKED CROSSWALK,No,NO APPARENT INJURY,NONE,39.07991,-77.08024833,"(39.07991, -77.08024833)"
MCP2687001T,17013092,Montgomery County Police,Injury Crash,03/13/2017 01:25:00 PM,County,ARLINGTON RD,ELM ST,,N/A,PEDESTRIAN,OTHER,CLEAR,DRY,DAYLIGHT,PERSON,NONE DETECTED,N/A,FD67E159-D78C-4915-9A81-CB72479A0F53,PEDESTRIAN,Cross/Enter at Intersection,NO IMPROPER ACTIONS,AT INTERSECTION MARKED CROSSWALK,No,POSSIBLE INJURY,NONE,38.98206798,-77.09851563,"(38.98206798, -77.09851563)"
MCP2789001X,15062188,MONTGOMERY,Property Damage Crash,12/05/2015 05:45:00 PM,US (State),COLESVILLE RD,DALE DR,,N/A,PEDESTRIAN,SINGLE VEHICLE,N/A,DRY,DARK LIGHTS ON,TRAFFIC SIGNAL,N/A,N/A,DFDAD423-87DB-4882-9DF9-EEB2CC8707C1,PEDESTRIAN,Cross/Enter at Intersection,NO IMPROPER ACTIONS,ON ROADWAY AT CROSSWALK,No,NO APPARENT INJURY,NONE,39.00511833,-77.02262,"(39.00511833, -77.02262)"
MCP158000CY,200021626,Montgomery County Police,Injury Crash,06/01/2020 12:02:00 PM,Municipality,KENTLANDS BLVD,GREAT SENECA HWY,,N/A,BICYCLIST,STRAIGHT MOVEMENT ANGLE,CLEAR,DRY,DAYLIGHT,TRAFFIC SIGNAL,NONE DETECTED,NONE DETECTED,5A1C4A25-6376-4B79-A3C7-D9EAD70E4C88,BICYCLIST,Cross/Enter at Intersection,NO IMPROPER ACTIONS,ON ROADWAY AT CROSSWALK,No,SUSPECTED MINOR INJURY,MC/BIKE HELMET,39.123385,-77.23133333,"(39.123385, -77.23133333)"
MCP0942001D,170530718,Montgomery County Police,Injury Crash,09/15/2017 09:31:00 AM,County,WOODMONT AVE,EDGEMOOR LA,,N/A,BICYCLIST,OTHER,CLEAR,DRY,DAYLIGHT,TRAFFIC SIGNAL,NONE DETECTED,NONE DETECTED,F3F6AA34-D9BB-4141-8300-E2D11A0CC1FD,BICYCLIST,Cross/Enter at Intersection,NO IMPROPER ACTIONS,ON ROADWAY NOT AT CROSSWALK,No,SUSPECTED MINOR INJURY,NONE,38.984935,-77.0967,"(38.984935, -77.0967)"
MCP2671001L,170541531,Montgomery County Police,Property Damage Crash,11/06/2017 06:10:00 AM,US (State),GEORGIA AVE,ELLSWORTH DR,,N/A,PEDESTRIAN,SINGLE VEHICLE,N/A,WET,DARK LIGHTS ON,TRAFFIC SIGNAL,UNKNOWN,NONE DETECTED,01B85228-75E1-449C-AA22-883BD81276C2,PEDESTRIAN,Cross/Enter at Intersection,FAILURE TO OBEY TRAFFIC SIGNS SIGNALS OR OFFICER,AT INTERSECTION MARKED CROSSWALK,Yes,NO APPARENT INJURY,NONE,38.99514804,-77.02733517,"(38.99514804, -77.02733517)"
MCP1378005N,15016641,Montgomery County Police,Injury Crash,04/10/2015 04:42:00 PM,,,,PARKING LOT OF 104 N FREDERICK RD,,OTHER,OTHER,CLOUDY,,DAYLIGHT,N/A,,NONE DETECTED,2004E3F8-6F36-4B34-8B39-F090D0089922,OTHER,Other,OTHER,OTHER,,SUSPECTED MINOR INJURY,N/A,39.142305,-77.20062167,"(39.142305, -77.20062167)"
MCP3227002L,210032187,Montgomery County Police,Injury Crash,08/18/2021 06:03:00 PM,County,CARROLL AVE,UNIVERSITY BLVD E,,N/A,PEDESTRIAN,SINGLE VEHICLE,CLEAR,DRY,DAYLIGHT,NO CONTROLS,NONE DETECTED,NONE DETECTED,F397A0AB-7318-4FF1-BB39-1D90AE73F470,PEDESTRIAN,Cross/Enter not at Intersection,DART DASH,ON ROADWAY NOT AT CROSSWALK,Yes,SUSPECTED MINOR INJURY,N/A,38.99366283,-76.99300267,"(38.99366283, -76.99300267)"