Report Number,Local Case Number,Agency Name,ACRS Report Type,Crash Date/Time,Route Type,Road Name,Cross-Street Name,Off-Road Description,Municipality,Related Non-Motorist,Collision Type,Weather,Surface Condition,Light,Traffic Control,Driver Substance Abuse,Non-Motorist Substance Abuse,Person ID,Pedestrian Type,Pedestrian Movement,Pedestrian Actions,Pedestrian Location,At Fault,Injury Severity,Safety Equipment,Latitude,Longitude,Location
MCP24460019,15041947,MONTGOMERY,Injury Crash,08/21/2015 06:54:00 PM,County,MIDDLEBROOK RD,CROSSRIDGE DR,,N/A,BICYCLIST,STRAIGHT MOVEMENT ANGLE,N/A,DRY,DAYLIGHT,STOP SIGN,NONE DETECTED,NONE DETECTED,9776FCF3-A24E-4EB2-9C91-AB37161FB41A,BICYCLIST,Cross/Enter at Intersection,IN ROADWAY IMPROPERLY,AT INTERSECTION BUT NO CROSSWALK,Yes,SUSPECTED MINOR INJURY,NONE,39.174871,-77.259142,"(39.174871, -77.259142)"
MCP3073004V,200017725,Montgomery County Police,Property Damage Crash,04/30/2020 05:30:00 PM,,,,"14000 GEORGIA AVE. ASPEN HILL, MD 20906",,PEDESTRIAN,OTHER,RAINING,,DAYLIGHT,N/A,NONE DETECTED,NONE DETECTED,F7A6234F-7320-4ED4-ADC0-11927C1688D0,PEDESTRIAN,Unknown,UNKNOWN,OTHER,Unknown,NO APPARENT INJURY,NONE,39.08379167,-77.08135167,"(39.08379167, -77.08135167)"
EJ7884001J,210001898,Gaithersburg Police Depar,Injury Crash,01/15/2021 06:26:00 PM,Municipality,E DIAMOND AVE,GIRARD ST,,GAITHERSBURG,PEDESTRIAN,OTHER,RAINING,WET,DARK NO LIGHTS,NO CONTROLS,N/A,N/A,16DEB8F7-303B-4AD5-A1F0-60ACDE8FD3D6,PEDESTRIAN,Unknown,NO IMPROPER ACTIONS,ON ROADWAY NOT AT CROSSWALK,Yes,SUSPECTED SERIOUS INJURY,N/A,39.1420083,-77.18803328,"(39.1420083, -77.18803328)"
MCP27530017,16037782,Montgomery County Police,Injury Crash,07/26/2016 10:40:00 AM,Maryland (State),GEORGIA AVE,LOTTE PLAZA,,N/A,BICYCLIST,STRAIGHT MOVEMENT ANGLE,CLEAR,DRY,DAYLIGHT,STOP SIGN,NONE DETECTED,NONE DETECTED,F2EB426A-6ECD-4A43-A625-C2A8AF898A27,BICYCLIST,Walking/Riding against Traffic,IMPROPER PASSING,ON ROADWAY NOT AT CROSSWALK,Yes,SUSPECTED MINOR INJURY,MC/BIKE HELMET,39.07914963,-77.07280397,"(39.07914963, -77.07280397)"
MCP26170087,190053280,Montgomery County Police,Injury Crash,11/05/2019 02:05:00 PM,County,ARCOLA AVE,KERSEY RD,,N/A,PEDESTRIAN,OTHER,CLEAR,DRY,DAYLIGHT,NO CONTROLS,NONE DETECTED,NONE DETECTED,50CA2A68-AEBD-4B66-9B5A-9FFAE047FCD2,PEDESTRIAN,Cross/Enter at Intersection,N/A,AT INTERSECTION MARKED CROSSWALK,No,POSSIBLE INJURY,NONE,39.043475,-77.03062167,"(39.043475, -77.03062167)"
EJ78260040,190004855,Gaithersburg Police Depar,Injury Crash,01/31/2019 09:08:00 AM,,,,722 HIGHLAND RIDGE AVE,,PEDESTRIAN,OTHER,CLEAR,,DAYLIGHT,N/A,,N/A,5F87E865-B01F-46AF-8A7A-A7FA358F2A73,PEDESTRIAN,Other,OTHER,OTHER,No,POSSIBLE INJURY,N/A,39.12387833,-77.22560667,"(39.12387833, -77.22560667)"
DD5595005D,170549956,Rockville Police Departme,Injury Crash,12/21/2017 03:00:00 PM,Municipality,N WASHINGTON ST,DAWSON AVE,,ROCKVILLE,"OTHER, PEDESTRIAN",SINGLE VEHICLE,CLEAR,DRY,DAYLIGHT,TRAFFIC SIGNAL,NONE DETECTED,N/A,20EA0515-1E47-4934-884F-AA636B10283B,OTHER,Cross/Enter at Intersection,OTHER,AT INTERSECTION MARKED CROSSWALK,No,NO APPARENT INJURY,N/A,39.08864917,-77.15325567,"(39.08864917, -77.15325567)"
MCP26660028,180022518,Montgomery County Police,Injury Crash,05/06/2018 06:45:00 PM,,,,PARKING LOT OF 13838 OUTLET DRIVE,,PEDESTRIAN,SINGLE VEHICLE,CLEAR,,DAYLIGHT,NO CONTROLS,UNKNOWN,UNKNOWN,F2A26B6B-0130-4BE6-9CF0-20EA23515B26,PEDESTRIAN,Other,NO IMPROPER ACTIONS,OTHER,No,SUSPECTED MINOR INJURY,NONE,39.08344702,-76.94571018,"(39.08344702, -76.94571018)"
MCP2875002D,16063499,Montgomery County Police,Injury Crash,12/10/2016 11:17:00 PM,County,SCENERY DR,GATESHEAD CIR,,N/A,PEDESTRIAN,OTHER,CLEAR,DRY,DARK NO LIGHTS,NO CONTROLS,NONE DETECTED,NONE DETECTED,15C306EC-9800-4A41-9057-C738B16612DC,PEDESTRIAN,Cross/Enter at Intersection,NO IMPROPER ACTIONS,AT INTERSECTION BUT NO CROSSWALK,No,POSSIBLE INJURY,NONE,39.182715,-77.23224167,"(39.182715, -77.23224167)"
MCP27230052,200035305,Montgomery County Police,Injury Crash,09/09/2020 09:45:00 AM,,,,18100 VILLAGE CENTER DRIVE,,PEDESTRIAN,SINGLE VEHICLE,CLOUDY,,DAYLIGHT,NO CONTROLS,NONE DETECTED,NONE DETECTED,D36AD02D-1B06-4F31-9E4E-4F100C7187D5,PEDESTRIAN,Standing,NO IMPROPER ACTIONS,SIDEWALK,No,SUSPECTED MINOR INJURY,N/A,39.15281833,-77.06443167,"(39.15281833, -77.06443167)"
MCP15800035,15021894,Montgomery County Police,Injury Crash,05/08/2015 08:57:00 AM,County,HADLEY FARMS DR,WOODFIELD RD,,N/A,PEDESTRIAN,OTHER,CLEAR,DRY,DAYLIGHT,TRAFFIC SIGNAL,NONE DETECTED,NONE DETECTED,63608BBA-F97A-484E-83FE-F8082D297CB9,PEDESTRIAN,Cross/Enter at Intersection,NO IMPROPER ACTIONS,AT INTERSECTION MARKED CROSSWALK,,SUSPECTED SERIOUS INJURY,N/A,39.18016833,-77.15091667,"(39.18016833, -77.15091667)"
MCP1121001Q,16065527,Montgomery County Police,Injury Crash,12/21/2016 06:34:00 PM,County,FLOWER HILL WAY,WOODFIELD RD,,N/A,PEDESTRIAN,OTHER,CLEAR,DRY,DARK LIGHTS ON,N/A,NONE DETECTED,NONE DETECTED,A9340A6D-CA45-4EB5-AA18-BC476D3653D2,PEDESTRIAN,Cross/Enter not at Intersection,IN ROADWAY IMPROPERLY,ON ROADWAY NOT AT CROSSWALK,Yes,POSSIBLE INJURY,NONE,39.15577167,-77.16505333,"(39.15577167, -77.16505333)"
MCP3263002W,220052908,Montgomery County Police,Injury Crash,11/30/2022 06:30:00 PM,Maryland (State),BRADLEY BLVD,STRATHMORE ST,,N/A,PEDESTRIAN,OTHER,CLEAR,N/A,DARK LIGHTS ON,FLASHING TRAFFIC SIGNAL,NONE DETECTED,NONE DETECTED,1CFB9532-70E6-4529-A789-9C969E0FEC75,PEDESTRIAN,Cross/Enter at Intersection,N/A,ON ROADWAY AT CROSSWALK,No,SUSPECTED MINOR INJURY,NONE,38.97821667,-77.09348,"(38.97821667, -77.09348)"
EJ7878004T,220056894,Gaithersburg Police Depar,Injury Crash,12/22/2022 09:23:00 PM,,,,PARKING LOT OF 568 N FREDERICK AVENUE,,PEDESTRIAN,OTHER,RAINING,,DARK LIGHTS ON,NO CONTROLS,N/A,N/A,AAD0AA1A-BA4B-499F-A799-588BCB3E4FEB,PEDESTRIAN,Cross/Enter at Intersection,NO IMPROPER ACTIONS,ON ROADWAY AT CROSSWALK,No,POSSIBLE INJURY,NONE,39.14859117,-77.21005983,"(39.14859117, -77.21005983)"
EJ7851003H,180031188,Gaithersburg Police Depar,Injury Crash,06/24/2018 10:15:00 PM,County,ODENDHAL AVE,GOSHEN RD,,N/A,PEDESTRIAN,SINGLE VEHICLE,CLOUDY,WET,DARK LIGHTS ON,TRAFFIC SIGNAL,NONE DETECTED,NONE DETECTED,5F0C4C12-EB14-4C25-926D-3923BC0C0D65,PEDESTRIAN,Cross/Enter at Intersection,NO IMPROPER ACTIONS,ON ROADWAY AT CROSSWALK,No,SUSPECTED MINOR INJURY,NONE,39.15247833,-77.19284667,"(39.15247833, -77.19284667)"
EJ78510095,230000775,Gaithersburg Police Depar,Injury Crash,01/05/2023 04:30:00 PM,County,SHADY GROVE RD,RAMP 9 FR IS 370 EB TO SHADY GROVE RD,,N/A,PEDESTRIAN,OTHER,CLOUDY,DRY,DAYLIGHT,TRAFFIC SIGNAL,NONE DETECTED,NONE DETECTED,87D5A5F6-4C18-4A41-858E-065AF184A18B,PEDESTRIAN,Cross/Enter at Intersection,UNKNOWN,ON ROADWAY AT CROSSWALK,No,SUSPECTED MINOR INJURY,NONE,39.12063682,-77.18038349,"(39.12063682, -77.18038349)"
MCP2436001Y,16041568,Montgomery County Police,Injury Crash,08/16/2016 02:20:00 PM,County,DOMER AVE,FLOWER AVE,,N/A,PEDESTRIAN,SINGLE VEHICLE,CLEAR,DRY,DAYLIGHT,STOP SIGN,NONE DETECTED,NONE DETECTED,7C6E8DDA-2592-4391-AA72-1C2410EE7843,PEDESTRIAN,Cross/Enter at Intersection,NO IMPROPER ACTIONS,AT INTERSECTION BUT NO CROSSWALK,No,SUSPECTED MINOR INJURY,NONE,38.99653333,-77.00288833,"(38.99653333, -77.00288833)"
MCP2717001Z,15034844,MONTGOMERY,Injury Crash,07/15/2015 07:56:00 PM,Maryland (State),OLD GEORGETOWN RD,GREENTREE RD,,N/A,PEDESTRIAN,OTHER,CLEAR,DRY,DAYLIGHT,TRAFFIC SIGNAL,NONE DETECTED,NONE DETECTED,F9C53CF0-C1FA-4EB8-A876-AF588D6611AF,PEDESTRIAN,Cross/Enter at Intersection,NO IMPROPER ACTIONS,ON ROADWAY AT CROSSWALK,No,SUSPECTED MINOR INJURY,NONE,39.04668167,-77.11303333,"(39.04668167, -77.11303333)"
MCP2871008X,230033269,Montgomery County Police,Property Damage Crash,07/12/2023 06:41:00 PM,Maryland (State),OLD GEORGETOWN RD,ENT TO BUSINESS,,N/A,BICYCLIST,STRAIGHT MOVEMENT ANGLE,CLEAR,DRY,DAYLIGHT,NO CONTROLS,NONE DETECTED,NONE DETECTED,1600DC16-525D-44EA-BB7A-F4B92D74220D,BICYCLIST,Walking/Riding w/Traffic,NO IMPROPER ACTIONS,IN BIKEWAY,No,NO APPARENT INJURY,MC/BIKE HELMET,39.02557833,-77.12565,"(39.02557833, -77.12565)"
MCP2192001F,15051944,MONTGOMERY,Injury Crash,10/13/2015 01:44:00 PM,US (State),GEORGIA AVE,KING ST,,N/A,PEDESTRIAN,OTHER,CLEAR,DRY,DAYLIGHT,N/A,NONE DETECTED,N/A,A3ACB0B2-0234-489D-9CE6-29182B421064,PEDESTRIAN,Cross/Enter not at Intersection,INATTENTIVE,OUTSIDE RIGHT OF WAY,Yes,POSSIBLE INJURY,N/A,38.98628167,-77.02696833,"(38.98628167, -77.02696833)"
DM8439000Y,16002555,Takoma Park Police Depart,Injury Crash,01/14/2016 12:13:00 PM,,,,7551 NEW HAMPSHIRE AVE CAR WASH PARKING LOT,,PEDESTRIAN,SAME DIR REAR END,CLEAR,,DAYLIGHT,N/A,N/A,N/A,02CA4CED-3EF0-44B8-B49F-B1E5E51D9F4D,PEDESTRIAN,Standing,OTHER,OTHER,No,SUSPECTED MINOR INJURY,N/A,38.98579833,-76.987405,"(38.98579833, -76.987405)"
MCP2085000J,170546866,Montgomery County Police,Injury Crash,12/05/2017 08:00:00 PM,County,WILLARD AVE,FRIENDSHIP BLVD,,N/A,PEDESTRIAN,OTHER,RAINING,WET,DARK LIGHTS ON,TRAFFIC SIGNAL,UNKNOWN,NONE DETECTED,271815A9-98E9-49CC-85E8-D2B3BBB2F85C,PEDESTRIAN,Other,IN ROADWAY IMPROPERLY,ON ROADWAY NOT AT CROSSWALK,Yes,SUSPECTED MINOR INJURY,N/A,38.96207526,-77.08902597,"(38.96207526, -77.08902597)"
MCP3118002Y,200021872,Montgomery County Police,Injury Crash,06/03/2020 09:29:00 AM,Maryland (State),LAYHILL RD,BEL PRE RD,,N/A,BICYCLIST,SAME DIRECTION LEFT TURN,CLEAR,DRY,DAYLIGHT,TRAFFIC SIGNAL,NONE DETECTED,NONE DETECTED,EC1D3A73-82C6-4D49-9317-93C3CC881362,BICYCLIST,Cross/Enter at Intersection,INATTENTIVE,OTHER,Yes,POSSIBLE INJURY,MC/BIKE HELMET,39.09060333,-77.04511,"(39.09060333, -77.04511)"
MCP0942002X,200012705,Montgomery County Police,Injury Crash,03/15/2020 09:55:00 AM,,,,GIANT FOOD LOT-7142 ARLINGTON RD,,PEDESTRIAN,SINGLE VEHICLE,CLOUDY,,DAYLIGHT,N/A,NONE DETECTED,NONE DETECTED,CBD1707A-9E69-43D7-B0A9-DF1E07864A1A,PEDESTRIAN,Other,NO IMPROPER ACTIONS,OTHER,No,SUSPECTED MINOR INJURY,NONE,38.98124935,-77.09873055,"(38.98124935, -77.09873055)"
MCP25590019,16042271,Montgomery County Police,Injury Crash,07/24/2016 07:00:00 PM,Maryland (State),QUINCE ORCHARD RD,GREAT SENECA HWY,,N/A,BICYCLIST,STRAIGHT MOVEMENT ANGLE,CLEAR,DRY,DARK LIGHTS ON,TRAFFIC SIGNAL,UNKNOWN,N/A,60A3565A-F5A1-4B1F-A274-C14BCFABB6BF,BICYCLIST,Walking/Cycling on Sidewalk,NO IMPROPER ACTIONS,AT INTERSECTION MARKED CROSSWALK,No,SUSPECTED MINOR INJURY,OTHER,39.1287099,-77.23744467,"(39.1287099, -77.23744467)"
MCP25460027,16066612,Montgomery County Police,Injury Crash,12/27/2016 03:15:00 PM,County,PARKLAND DR,INDEPENDENCE ST,,N/A,PEDESTRIAN,OTHER,CLEAR,DRY,DAYLIGHT,STOP SIGN,NONE DETECTED,NONE DETECTED,3BC2AE6A-5DB0-4C59-88FA-8E0BDBA5AC62,PEDESTRIAN,Getting off/on Vehicle,NO IMPROPER ACTIONS,SHOULDER,Unknown,SUSPECTED SERIOUS INJURY,NONE,39.07271167,-77.08702,"(39.07271167, -77.08702)"
MCP07040012,170515873,Montgomery County Police,Injury Crash,06/26/2017 06:12:00 PM,Maryland (State),WISCONSIN AVE,BETHESDA AVE,,N/A,PEDESTRIAN,SINGLE VEHICLE,CLEAR,DRY,DAYLIGHT,TRAFFIC SIGNAL,NONE DETECTED,NONE DETECTED,05DD9F06-F8AA-4741-B1C4-12BF6B0A7126,PEDESTRIAN,Cross/Enter at Intersection,NO IMPROPER ACTIONS,AT INTERSECTION MARKED CROSSWALK,No,SUSPECTED MINOR INJURY,N/A,38.98352333,-77.093235,"(38.98352333, -77.093235)"
MCP2396000Q,15025472,Montgomery County Police,Injury Crash,05/27/2015 09:55:00 AM,Maryland (State),CONNECTICUT AVE,WELLER RD,,N/A,PEDESTRIAN,STRAIGHT MOVEMENT ANGLE,CLEAR,DRY,DAYLIGHT,OTHER,NONE DETECTED,NONE DETECTED,F3396858-22EE-4ECC-91FB-FD0323AD2307,PEDESTRIAN,Cross/Enter at Intersection,OTHER,AT INTERSECTION MARKED CROSSWALK,,SUSPECTED MINOR INJURY,N/A,39.06329864,-77.07331896,"(39.06329864, -77.07331896)"
MCP32060027,220052795,Montgomery County Police,Injury Crash,11/30/2022 09:00:00 AM,,,,8513 PINEYBRANCH RD- PARKING LOT,,PEDESTRIAN,SINGLE VEHICLE,RAINING,,DAYLIGHT,NO CONTROLS,NONE DETECTED,NONE DETECTED,A7EF966C-1227-43D1-B01F-0FB1CE7C9E99,PEDESTRIAN,Cross/Enter not at Intersection,NO IMPROPER ACTIONS,OTHER,No,POSSIBLE INJURY,NONE,38.99807317,-77.00231133,"(38.99807317, -77.00231133)"
MCP32850018,210035886,Montgomery County Police,Injury Crash,09/12/2021 02:21:00 PM,,,,IFO 13 LOCBURY CT,,PEDESTRIAN,SINGLE VEHICLE,CLEAR,,DAYLIGHT,NO CONTROLS,NONE DETECTED,N/A,4770C73E-A280-46F1-B4C6-2C34A73E6E55,PEDESTRIAN,Standing,NO IMPROPER ACTIONS,N/A,No,SUSPECTED SERIOUS INJURY,NONE,39.18758667,-77.26560833,"(39.18758667, -77.26560833)"
MCP3034003J,190028043,Montgomery County Police,Property Damage Crash,06/12/2019 02:12:00 PM,County,CEDAR LA,ROCKVILLE PIKE,,N/A,OTHER CONVEYANCE,OTHER,CLEAR,DRY,DAYLIGHT,TRAFFIC SIGNAL,NONE DETECTED,NONE DETECTED,FCA26E5D-C408-46A3-87F2-A2A91E047EA5,OTHER CONVEYANCE,Other,NO IMPROPER ACTIONS,AT INTERSECTION MARKED CROSSWALK,No,NO APPARENT INJURY,NONE,39.00631,-77.09784833,"(39.00631, -77.09784833)"
MCP2298006Q,15056003,MONTGOMERY,Injury Crash,11/03/2015 03:25:00 PM,Maryland (State),FREDERICK RD,BRINK RD,,N/A,PEDESTRIAN,SAME DIR REAR END,CLEAR,DRY,DAYLIGHT,NO CONTROLS,"NONE DETECTED, UNKNOWN",NONE DETECTED,53C626E7-E07D-4B71-A08A-ECC687C2D27B,PEDESTRIAN,Standing,OTHER,ON ROADWAY NOT AT CROSSWALK,No,NO APPARENT INJURY,N/A,39.21385143,-77.24928796,"(39.21385143, -77.24928796)"
DD56620009,230022284,Rockville Police Departme,Injury Crash,05/09/2023 05:12:00 PM,,,,785 ROCKVILLE PIKE (7/11 PARKING LOT),,PEDESTRIAN,OTHER,CLEAR,,DAYLIGHT,N/A,UNKNOWN,NONE DETECTED,425FFBAE-A1C7-4BF4-A08C-ADE8603E2528,PEDESTRIAN,Other,NO IMPROPER ACTIONS,OTHER,No,POSSIBLE INJURY,NONE,39.08122983,-77.14816817,"(39.08122983, -77.14816817)"
DM8479001N,220049763,Takoma Park Police Depart,Property Damage Crash,11/10/2022 09:50:00 PM,Maryland (State),NEW HAMPSHIRE AVE,UNIVERSITY BLVD,,N/A,OTHER,SAME DIR REAR END,CLEAR,DRY,DARK LIGHTS ON,TRAFFIC SIGNAL,NONE DETECTED,NONE DETECTED,F9663677-0CC7-43BD-9018-77BB3911FD6E,OTHER,Standing,UNKNOWN,ON ROADWAY NOT AT CROSSWALK,Unknown,NO APPARENT INJURY,NONE,38.98874017,-76.98835567,"(38.98874017, -76.98835567)"
MCP28300032,170513777,Montgomery County Police,Injury Crash,06/15/2017 07:01:00 AM,Maryland (State),NEW HAMPSHIRE AVE,SPOTSWOOD DR,,N/A,BICYCLIST,STRAIGHT MOVEMENT ANGLE,N/A,DRY,DAYLIGHT,STOP SIGN,NONE DETECTED,NONE DETECTED,59072437-095F-4F8D-9F09-3F206A4FAAA6,BICYCLIST,Cross/Enter at Intersection,FAILURE TO YIELD RIGHT OF WAY,SHOULDER,Yes,SUSPECTED MINOR INJURY,LIGHTING,39.11898,-76.98926167,"(39.11898, -76.98926167)"
MCP3341001T,230031983,Montgomery County Police,Injury Crash,07/05/2023 08:40:00 AM,Maryland (State),LAYHILL RD,ENT TO METRO STORAGE YARD,,N/A,PEDESTRIAN,OTHER,CLEAR,DRY,DAYLIGHT,STOP SIGN,N/A,N/A,A84F2412-76C7-46C5-8CF1-BDDD1ABABA44,PEDESTRIAN,Walking/Cycling on Sidewalk,NO IMPROPER ACTIONS,ON ROADWAY AT CROSSWALK,No,SUSPECTED MINOR INJURY,NONE,39.06552667,-77.04827583,"(39.06552667, -77.04827583)"
EJ7893000N,220013966,Gaithersburg Police Depar,Injury Crash,04/01/2022 08:28:00 PM,,,,SIDEWALK ENTRANCE TO 411 N FREDERICK AVE,,PEDESTRIAN,OTHER,CLEAR,,DARK LIGHTS ON,NO CONTROLS,NONE DETECTED,NONE DETECTED,5183627D-DAF8-4CCA-8F2A-B257EABD1078,PEDESTRIAN,Cross/Enter not at Intersection,NO IMPROPER ACTIONS,SIDEWALK,No,POSSIBLE INJURY,NONE,39.14639232,-77.20450323,"(39.14639232, -77.20450323)"
MCP2767001G,15056017,MONTGOMERY,Injury Crash,11/03/2015 04:38:00 PM,,,,"In parking lot in front of 11240 Georgia Avenue, Wheaton MD 20902",,PEDESTRIAN,SINGLE VEHICLE,CLEAR,,DAYLIGHT,NO CONTROLS,NONE DETECTED,NONE DETECTED,23AFD6CC-11A4-4EBE-BC82-126892C93966,PEDESTRIAN,Standing,NO IMPROPER ACTIONS,OTHER,No,SUSPECTED SERIOUS INJURY,N/A,39.03979833,-77.05151,"(39.03979833, -77.05151)"
MCP94300001,16055044,Montgomery County Police,Injury Crash,10/26/2016 07:45:00 AM,,,,DRIVEWAY TO GIANT 10400 OLD GEORGETOWN ROAD,,BICYCLIST,OTHER,CLEAR,,DAYLIGHT,STOP SIGN,NONE DETECTED,NONE DETECTED,0E895861-5CD2-434F-85D1-129CEB820520,BICYCLIST,Cross/Enter at Intersection,N/A,ON ROADWAY NOT AT CROSSWALK,No,SUSPECTED MINOR INJURY,MC/BIKE HELMET,39.02618833,-77.12957167,"(39.02618833, -77.12957167)"
MCP2001001X,220050349,Montgomery County Police,Injury Crash,11/14/2022 05:38:00 PM,Municipality,E GUDE DR,TAFT ST,,ROCKVILLE,PEDESTRIAN,SINGLE VEHICLE,CLEAR,DRY,DARK LIGHTS ON,N/A,NONE DETECTED,ALCOHOL PRESENT,3C908496-7760-483E-9940-BF5919D3824D,PEDESTRIAN,Cross/Enter not at Intersection,IN ROADWAY IMPROPERLY,ON ROADWAY NOT AT CROSSWALK,Yes,SUSPECTED SERIOUS INJURY,N/A,39.0936572,-77.13222204,"(39.0936572, -77.13222204)"
MCP2809004F,20034574,Montgomery County Police,Injury Crash,09/03/2020 08:20:00 PM,Maryland (State),UNIVERSITY BLVD E,PINEY BRANCH RD,,N/A,PEDESTRIAN,OTHER,RAINING,WET,DARK LIGHTS ON,TRAFFIC SIGNAL,N/A,N/A,F1397E41-2A21-49C1-B815-AA372749E713,PEDESTRIAN,Cross/Enter at Intersection,NO IMPROPER ACTIONS,AT INTERSECTION MARKED CROSSWALK,No,SUSPECTED SERIOUS INJURY,N/A,38.99963667,-76.99598333,"(38.99963667, -76.99598333)"
MCP2960000L,15033506,MONTGOMERY,Injury Crash,07/08/2015 10:32:00 PM,Maryland (State),GEORGIA AVE,SHOREFIELD RD,,N/A,PEDESTRIAN,OTHER,N/A,N/A,DARK -- UNKNOWN LIGHTING,NO CONTROLS,NONE DETECTED,ALCOHOL PRESENT,8E4CCC65-383F-4029-A15C-07E6B1EBA23D,PEDESTRIAN,Cross/Enter not at Intersection,IN ROADWAY IMPROPERLY,ON ROADWAY NOT AT CROSSWALK,Yes,POSSIBLE INJURY,NONE,39.05325562,-77.05094397,"(39.05325562, -77.05094397)"
MCP27260058,200048813,Montgomery County Police,Injury Crash,12/11/2020 12:26:00 PM,,,,1600 BLOCK OF ROCKVILLE PIKE (CONGRESSIONAL PLAZA),,BICYCLIST,OTHER,CLEAR,,DAYLIGHT,NO CONTROLS,NONE DETECTED,NONE DETECTED,CCCD6E15-7717-436D-93EF-6B4BF8538464,BICYCLIST,Walking/Cycling on Sidewalk,N/A,SIDEWALK,No,SUSPECTED MINOR INJURY,NONE,39.06297528,-77.12499665,"(39.06297528, -77.12499665)"
MCP3035001J,170526353,Montgomery County Police,Injury Crash,08/21/2017 05:00:00 PM,Maryland (State),BRADLEY BLVD,YORK LA,,N/A,BICYCLIST,SINGLE VEHICLE,CLEAR,DRY,DAYLIGHT,NO CONTROLS,N/A,N/A,3F5FED51-86E1-40EC-91F5-2895D54CD6B2,BICYCLIST,Walking/Cycling on Sidewalk,UNKNOWN,SHOULDER,No,SUSPECTED MINOR INJURY,MC/BIKE HELMET,38.98858538,-77.11566299,"(38.98858538, -77.11566299)"
MCP2850001Z,220000526,Montgomery County Police,Injury Crash,01/05/2022 01:44:00 PM,,,,PARKING LOT OF KENTLANDS MANOR SENIOR APARTMENTS LOCATED AT 221 BOOTH ST,,PEDESTRIAN,OTHER,CLEAR,,DAYLIGHT,NO CONTROLS,N/A,N/A,3269BC59-AE63-48E4-9898-51F7999A0979,PEDESTRIAN,Cross/Enter not at Intersection,NO IMPROPER ACTIONS,OTHER,No,SUSPECTED MINOR INJURY,N/A,39.12250167,-77.239915,"(39.12250167, -77.239915)"
MCP2941001M,16066054,Montgomery County Police,Injury Crash,12/23/2016 08:36:00 PM,,,,PARKING LOT ENTRANCE,,PEDESTRIAN,OTHER,N/A,,DARK LIGHTS ON,NO CONTROLS,NONE DETECTED,NONE DETECTED,5D81A99A-3419-4C8A-BAFB-7006A428443E,PEDESTRIAN,Getting off/on Vehicle,ENTERING EXITING PARKED STANDING VEHICLE,SIDEWALK,No,SUSPECTED MINOR INJURY,NONE,38.99832283,-77.02860385,"(38.99832283, -77.02860385)"
MCP3156001J,210007829,Montgomery County Police,Injury Crash,03/02/2021 07:56:00 AM,County,CEDAR ST,WAYNE AVE,,N/A,PEDESTRIAN,OTHER,N/A,N/A,DAYLIGHT,TRAFFIC SIGNAL,NONE DETECTED,NONE DETECTED,2F6043FE-4B47-45D7-B84B-5B64EB51D155,PEDESTRIAN,Cross/Enter at Intersection,NOT VISIBLE,ON ROADWAY AT CROSSWALK,No,SUSPECTED MINOR INJURY,NONE,38.9971621,-77.02161685,"(38.9971621, -77.02161685)"
MCP271700D9,170533084,Montgomery County Police,Property Damage Crash,09/25/2017 05:50:00 PM,County,TUCKERMAN LA,MARCLIFF RD,,N/A,BICYCLIST,OTHER,CLEAR,DRY,DAYLIGHT,NO CONTROLS,NONE DETECTED,NONE DETECTED,A8FE41B5-5B95-433E-B3A9-C71C1449B2E0,BICYCLIST,Other,FAILURE TO YIELD RIGHT OF WAY,SHOULDER,No,NO APPARENT INJURY,MC/BIKE HELMET,39.03626933,-77.13243633,"(39.03626933, -77.13243633)"
EJ78640021,190028524,Gaithersburg Police Depar,Injury Crash,06/14/2019 09:45:00 PM,County,FIELDS RD,RIO BLVD,,GAITHERSBURG,OTHER PEDALCYCLIST,SINGLE VEHICLE,N/A,DRY,DARK LIGHTS ON,TRAFFIC SIGNAL,N/A,N/A,920BA073-8963-4A20-840A-99A100E39489,OTHER PEDALCYCLIST,Cross/Enter at Intersection,FAILURE TO OBEY TRAFFIC SIGNS SIGNALS OR OFFICER,AT INTERSECTION MARKED CROSSWALK,Yes,SUSPECTED MINOR INJURY,NONE,39.11594833,-77.20430167,"(39.11594833, -77.20430167)"
MCP2877001G,15029495,Montgomery County Police,Injury Crash,06/16/2015 03:10:00 PM,County,CRESTMOOR DR,COLESVILLE RD,,N/A,BICYCLIST,STRAIGHT MOVEMENT ANGLE,UNKNOWN,UNKNOWN,DAYLIGHT,NO CONTROLS,UNKNOWN,UNKNOWN,25DB2EA1-EF73-4C64-9D33-C0A84FF94D18,BICYCLIST,Cross/Enter at Intersection,UNKNOWN,SIDEWALK,,SUSPECTED MINOR INJURY,MC/BIKE HELMET,39.02795221,-77.00903177,"(39.02795221, -77.00903177)"
MCP2686002L,180017451,Montgomery County Police,Injury Crash,04/10/2018 03:04:00 PM,County,RIDGE RD,OBSERVATION DR,,N/A,PEDESTRIAN,SINGLE VEHICLE,CLEAR,DRY,DAYLIGHT,TRAFFIC SIGNAL,N/A,UNKNOWN,CA7C085C-E3F3-41B1-B287-FD4E51CE205C,PEDESTRIAN,Cross/Enter at Intersection,IN ROADWAY IMPROPERLY,ON ROADWAY AT CROSSWALK,Yes,SUSPECTED SERIOUS INJURY,NONE,39.201955,-77.253035,"(39.201955, -77.253035)"
DD56350043,210034745,Rockville Police Departme,Property Damage Crash,09/04/2021 07:03:00 PM,Maryland (State),ROCKVILLE PIKE,ENT TO BUSINESS,,N/A,BICYCLIST,OTHER,CLEAR,DRY,DAYLIGHT,NO CONTROLS,UNKNOWN,NONE DETECTED,A4B3A2EA-5919-48A1-9859-3DDD17FEC613,BICYCLIST,Cross/Enter at Intersection,OTHER,SIDEWALK,Unknown,NO APPARENT INJURY,NONE,39.06923267,-77.13055083,"(39.06923267, -77.13055083)"
MCP2563000V,180062526,Montgomery County Police,Fatal Crash,12/14/2018 05:19:00 PM,Maryland (State),DARNESTOWN RD,ANCIENT OAK DR,,N/A,PEDESTRIAN,SINGLE VEHICLE,RAINING,WET,DARK LIGHTS ON,NO CONTROLS,NONE DETECTED,UNKNOWN,400F46B5-4A53-4CCD-92B2-573C9E113736,PEDESTRIAN,Cross/Enter not at Intersection,UNKNOWN,ON ROADWAY NOT AT CROSSWALK,Unknown,FATAL INJURY,NONE,39.113173,-77.269542,"(39.113173, -77.269542)"