Report Number,Local Case Number,Agency Name,ACRS Report Type,Crash Date/Time,Route Type,Road Name,Cross-Street Name,Off-Road Description,Municipality,Related Non-Motorist,Collision Type,Weather,Surface Condition,Light,Traffic Control,Driver Substance Abuse,Non-Motorist Substance Abuse,Person ID,Pedestrian Type,Pedestrian Movement,Pedestrian Actions,Pedestrian Location,At Fault,Injury Severity,Safety Equipment,Latitude,Longitude,Location
MCP3021000F,17011682,Montgomery County Police,Injury Crash,03/05/2017 05:13:00 PM,County,SILVER SPRING AVE,GEORGIA AVE,,N/A,PEDESTRIAN,SINGLE VEHICLE,CLEAR,DRY,DAYLIGHT,NO CONTROLS,NONE DETECTED,NONE DETECTED,4D224526-10CF-46A3-886B-969487044F9E,PEDESTRIAN,Cross/Enter not at Intersection,IN ROADWAY IMPROPERLY,ON ROADWAY NOT AT CROSSWALK,No,SUSPECTED MINOR INJURY,NONE,38.99167708,-77.02522025,"(38.99167708, -77.02522025)"
MCP285900BR,220006572,Montgomery County Police,Injury Crash,02/15/2022 12:30:00 PM,County,SAM EIG HWY,DIAMONDBACK DR,,N/A,PEDESTRIAN,OTHER,CLEAR,DRY,DAYLIGHT,NO CONTROLS,NONE DETECTED,NONE DETECTED,0579B0A0-A852-45C7-9FD1-9E7130FB9954,PEDESTRIAN,Cross/Enter at Intersection,NO IMPROPER ACTIONS,AT INTERSECTION MARKED CROSSWALK,No,POSSIBLE INJURY,NONE,39.11360525,-77.20839938,"(39.11360525, -77.20839938)"
MCP21910028,180034993,Montgomery County Police,Injury Crash,07/15/2018 03:05:00 PM,Maryland (State),OLD GEORGETOWN RD,ENT TO BUSINESS,,N/A,MACHINE OPERATOR/RIDER,HEAD ON,RAINING,WET,DAYLIGHT,N/A,NONE DETECTED,NONE DETECTED,AEAF9431-488F-4DB1-9923-6480484F8DB1,MACHINE OPERATOR/RIDER,Walking/Riding against Traffic,IN ROADWAY IMPROPERLY,ON ROADWAY NOT AT CROSSWALK,Yes,SUSPECTED MINOR INJURY,NONE,39.02290117,-77.124048,"(39.02290117, -77.124048)"
MCP1170001R,170503352,Montgomery County Police,Injury Crash,04/21/2017 01:13:00 PM,,,,PARKING LOT OF 13827 OUTLET DRIVE,,PEDESTRIAN,OTHER,CLEAR,,DAYLIGHT,NO CONTROLS,UNKNOWN,NONE DETECTED,24BA7FE5-B5C5-495C-A47C-555A0FE7D7B0,PEDESTRIAN,Other,NO IMPROPER ACTIONS,OTHER,No,SUSPECTED MINOR INJURY,N/A,39.08218948,-76.94643974,"(39.08218948, -76.94643974)"
MCP28120017,15031560,Montgomery County Police,Injury Crash,06/28/2015 12:13:00 PM,US (State),COLESVILLE RD,SPRING ST,,N/A,PEDESTRIAN,SINGLE VEHICLE,CLEAR,DRY,DAYLIGHT,N/A,N/A,N/A,EC6F394A-3EB5-486D-AD93-1971C2BA2FD1,PEDESTRIAN,Cross/Enter not at Intersection,NO IMPROPER ACTIONS,ON ROADWAY AT CROSSWALK,,SUSPECTED MINOR INJURY,N/A,38.99976333,-77.02590333,"(38.99976333, -77.02590333)"
MCP2396003L,200034356,Montgomery County Police,Property Damage Crash,09/02/2020 03:51:00 PM,County,CEDAR ST,ELLSWORTH DR,,N/A,PEDESTRIAN,OTHER,CLEAR,DRY,DAYLIGHT,N/A,N/A,N/A,2987A2FF-7244-4A1C-80D0-68B3794CB1E7,PEDESTRIAN,Cross/Enter at Intersection,NO IMPROPER ACTIONS,ON ROADWAY AT CROSSWALK,No,NO APPARENT INJURY,NONE,38.99901713,-77.02443783,"(38.99901713, -77.02443783)"
MCP3206000T,190049500,Montgomery County Police,Injury Crash,10/16/2019 05:30:00 PM,Maryland (State),PINEY BRANCH RD,GARLAND AVE,,N/A,PEDESTRIAN,OTHER,CLEAR,DRY,DAYLIGHT,WARNING SIGN,NONE DETECTED,N/A,FB9AE5C9-C304-4AFF-86C2-75B956174417,PEDESTRIAN,Cross/Enter not at Intersection,NO IMPROPER ACTIONS,ON ROADWAY AT CROSSWALK,No,SUSPECTED MINOR INJURY,N/A,38.99871335,-76.99901076,"(38.99871335, -76.99901076)"
MCP2181004L,220019281,Montgomery County Police,Fatal Crash,05/06/2022 11:21:00 AM,County,ROCKLEDGE DR,DEMOCRACY BLVD,,N/A,PEDESTRIAN,OTHER,RAINING,WET,DAYLIGHT,N/A,N/A,NONE DETECTED,79303E71-FB09-4962-A39A-ED2AEDB552F8,PEDESTRIAN,Cross/Enter not at Intersection,DART DASH,ON ROADWAY NOT AT CROSSWALK,Yes,FATAL INJURY,NONE,39.02436333,-77.13263667,"(39.02436333, -77.13263667)"
MCP2893002Y,170504362,Montgomery County Police,Injury Crash,04/26/2017 04:56:00 PM,County,SCENERY DR,ENT TO PLUM GAR COMMUNITY CENTER,,N/A,BICYCLIST,SINGLE VEHICLE,CLEAR,DRY,DAYLIGHT,NO CONTROLS,NONE DETECTED,NONE DETECTED,2E978FC3-F34B-4129-951A-8BBBA590BBED,BICYCLIST,Playing,FAILURE TO YIELD RIGHT OF WAY,ON ROADWAY NOT AT CROSSWALK,Yes,SUSPECTED MINOR INJURY,NONE,39.17705667,-77.23413,"(39.17705667, -77.23413)"
MCP23980011,16067106,Montgomery County Police,Injury Crash,12/30/2016 11:03:00 AM,Municipality,N SUMMIT AVE,E DIAMOND AVE,,GAITHERSBURG,PEDESTRIAN,HEAD ON LEFT TURN,SNOW,WET,DAYLIGHT,OTHER,NONE DETECTED,NONE DETECTED,EC229619-1A87-4879-910C-17FAF8715C2B,PEDESTRIAN,Cross/Enter at Intersection,INATTENTIVE,ON ROADWAY AT CROSSWALK,Yes,SUSPECTED MINOR INJURY,NONE,39.14224667,-77.19336167,"(39.14224667, -77.19336167)"
MCP2278003K,210040834,Montgomery County Police,Injury Crash,10/12/2021 03:22:00 PM,County,MONTROSE RD,BARGATE CT,,N/A,BICYCLIST,STRAIGHT MOVEMENT ANGLE,CLEAR,DRY,DAYLIGHT,NO CONTROLS,NONE DETECTED,NONE DETECTED,FAD89D87-AA34-4D22-950B-105C1D16A98D,BICYCLIST,Cross/Enter not at Intersection,NO IMPROPER ACTIONS,ON ROADWAY AT CROSSWALK,No,SUSPECTED MINOR INJURY,NONE,39.05356333,-77.13203833,"(39.05356333, -77.13203833)"
EJ7846001W,16064241,Gaithersburg Police Depar,Injury Crash,12/14/2016 07:18:00 PM,Municipality,RIO BLVD,ROUNDABOUT,,N/A,PEDESTRIAN,STRAIGHT MOVEMENT ANGLE,CLEAR,DRY,DARK LIGHTS ON,STOP SIGN,NONE DETECTED,NONE DETECTED,7252876C-3BF9-431E-8492-861E616AB270,PEDESTRIAN,Cross/Enter at Intersection,NO IMPROPER ACTIONS,AT INTERSECTION MARKED CROSSWALK,No,POSSIBLE INJURY,NONE,39.18248667,-77.24255167,"(39.18248667, -77.24255167)"
MCP22310076,230017988,Montgomery County Police,Injury Crash,04/15/2023 01:58:00 PM,Maryland (State),DARNESTOWN RD,QUINCE ORCHARD RD,,N/A,BICYCLIST,OTHER,CLOUDY,DRY,DAYLIGHT,NO CONTROLS,NONE DETECTED,NONE DETECTED,A370C0D9-D53B-40D4-9D27-A02D86DBB0A5,BICYCLIST,Cross/Enter not at Intersection,IN ROADWAY IMPROPERLY,ON ROADWAY NOT AT CROSSWALK,Yes,SUSPECTED MINOR INJURY,NONE,39.11770833,-77.25185833,"(39.11770833, -77.25185833)"
DD5611001G,16032513,Rockville Police Departme,Injury Crash,06/27/2016 01:00:00 PM,Municipality,ARDENNES AVE,WAINWRIGHT AVE,,ROCKVILLE,BICYCLIST,STRAIGHT MOVEMENT ANGLE,CLEAR,DRY,DAYLIGHT,N/A,NONE DETECTED,NONE DETECTED,492551E1-BB68-4A6D-9039-31924A4A6FBC,BICYCLIST,Walking/Riding against Traffic,IN ROADWAY IMPROPERLY,SHOULDER,Yes,SUSPECTED MINOR INJURY,NONE,39.068064,-77.1184605,"(39.068064, -77.1184605)"
MCP3372001M,230061088,Montgomery County Police,Injury Crash,10/17/2023 03:21:00 PM,County,VEIRS MILL RD,GAYNOR RD,,N/A,PEDESTRIAN,N/A,CLEAR,DRY,DAYLIGHT,WARNING SIGN,NONE DETECTED,NONE DETECTED,E98913D3-AF4B-4341-BB26-3E83AA17C5D7,PEDESTRIAN,Cross/Enter at Intersection,N/A,ON ROADWAY AT CROSSWALK,No,SUSPECTED SERIOUS INJURY,N/A,39.06165063,-77.09202394,"(39.06165063, -77.09202394)"
MCP2445001W,200039777,Montgomery County Police,Injury Crash,10/09/2020 12:36:00 PM,County,GERMANTOWN RD,SCENERY DR,,N/A,PEDESTRIAN,SINGLE VEHICLE,CLEAR,DRY,DAYLIGHT,TRAFFIC SIGNAL,NONE DETECTED,NONE DETECTED,A1B0B838-C5E0-4CA9-B3E3-635F8F6BD7F4,PEDESTRIAN,Cross/Enter at Intersection,NO IMPROPER ACTIONS,ON ROADWAY AT CROSSWALK,No,SUSPECTED MINOR INJURY,NONE,39.19226433,-77.23377617,"(39.19226433, -77.23377617)"
MCP2546002K,180050432,Montgomery County Police,Injury Crash,10/09/2018 06:56:00 AM,Maryland (State),GEORGIA AVE,WENDY LA,,N/A,PEDESTRIAN,ANGLE MEETS RIGHT TURN,CLEAR,DRY,DAWN,NO CONTROLS,NONE DETECTED,NONE DETECTED,289867B4-07A3-4948-9FCE-51F48A573E2D,PEDESTRIAN,Standing,NO IMPROPER ACTIONS,SIDEWALK,No,SUSPECTED SERIOUS INJURY,N/A,39.078979,-77.07256,"(39.078979, -77.07256)"
MCP2906001T,180034306,Montgomery County Police,Injury Crash,07/11/2018 05:19:00 PM,Maryland (State),KEY WEST AVE,ENT TO BUSINESS,,N/A,BICYCLIST,STRAIGHT MOVEMENT ANGLE,CLEAR,DRY,DAYLIGHT,STOP SIGN,NONE DETECTED,N/A,5F187B8B-CC71-4064-BC9A-19853D1999CB,BICYCLIST,Cross/Enter at Intersection,N/A,ON ROADWAY AT CROSSWALK,No,SUSPECTED MINOR INJURY,MC/BIKE HELMET,39.104765,-77.19506,"(39.104765, -77.19506)"
MCP158000BH,190025744,Montgomery County Police,Injury Crash,05/30/2019 10:22:00 AM,,,,"15740 SHADY GROVE RD,  HOME DEPOT STORE PARKING LOT",,PEDESTRIAN,OTHER,CLEAR,,DAYLIGHT,N/A,NONE DETECTED,NONE DETECTED,413A20BC-D49C-47CD-B5E8-24B483D86EFB,PEDESTRIAN,Other,NO IMPROPER ACTIONS,OTHER,No,SUSPECTED MINOR INJURY,N/A,39.11479667,-77.18677833,"(39.11479667, -77.18677833)"
MCP1213008G,230059367,Montgomery County Police,Injury Crash,10/08/2023 08:55:00 PM,,,,PARKING LOT OF 12345 GEORGIA AVE,,PEDESTRIAN,SINGLE VEHICLE,CLEAR,,DARK LIGHTS ON,NO CONTROLS,UNKNOWN,NONE DETECTED,761BFB5E-2BE3-4297-A717-6D523455598D,PEDESTRIAN,Standing,OTHER,OTHER,Yes,SUSPECTED MINOR INJURY,NONE,39.06087652,-77.05072432,"(39.06087652, -77.05072432)"
MCP3090006F,220045233,Montgomery County Police,Injury Crash,10/15/2022 02:40:00 PM,,,,"PARKING LOT OF 438 N FREDERICK AVE. GAITHERSBURG, MD",,PEDESTRIAN,OTHER,CLEAR,,DAYLIGHT,N/A,N/A,N/A,879FEED3-1E44-4ED4-AE72-CD0C6DB0277F,PEDESTRIAN,N/A,OTHER,OTHER,No,POSSIBLE INJURY,N/A,39.14754333,-77.206474,"(39.14754333, -77.206474)"
MCP2394003P,200031677,Montgomery County Police,Property Damage Crash,08/14/2020 10:08:00 AM,County,BEL PRE RD,ENT TO APARTMENTS,,N/A,MACHINE OPERATOR/RIDER,OTHER,CLEAR,DRY,DAYLIGHT,STOP SIGN,UNKNOWN,NONE DETECTED,0AA192B6-FE61-4321-A1D9-14EC5E4F344D,MACHINE OPERATOR/RIDER,Cross/Enter at Intersection,NO IMPROPER ACTIONS,ON ROADWAY AT CROSSWALK,No,NO APPARENT INJURY,NONE,39.09124955,-77.0665708,"(39.09124955, -77.0665708)"
MCP3073006F,220036251,Montgomery County Police,Injury Crash,08/23/2022 02:58:00 PM,County,ARBUTUS AVE,GLASGOW DR,,N/A,PEDESTRIAN,OTHER,N/A,N/A,DAYLIGHT,N/A,NONE DETECTED,NONE DETECTED,6F2C763E-E0BF-474A-9049-1C7E975C9D71,PEDESTRIAN,Cross/Enter not at Intersection,DART DASH,ON ROADWAY NOT AT CROSSWALK,Yes,SUSPECTED MINOR INJURY,N/A,39.07124333,-77.08732833,"(39.07124333, -77.08732833)"
MCP3084001Q,180033792,Montgomery County Police,Injury Crash,07/09/2018 07:14:00 AM,Maryland (State),OLD GEORGETOWN RD,AUBURN AVE,,N/A,BICYCLIST,HEAD ON LEFT TURN,CLEAR,DRY,DAYLIGHT,TRAFFIC SIGNAL,NONE DETECTED,NONE DETECTED,3A3401A6-FFBF-42D4-8560-9B3304197CEB,BICYCLIST,Cross/Enter at Intersection,NO IMPROPER ACTIONS,SHOULDER,No,SUSPECTED MINOR INJURY,MC/BIKE HELMET,38.98915017,-77.101208,"(38.98915017, -77.101208)"
MCP1015002C,180054761,Montgomery County Police,Injury Crash,11/01/2018 09:57:00 AM,Maryland (State),FREDERICK RD,MIDDLEBROOK RD,,N/A,PEDESTRIAN,SINGLE VEHICLE,CLEAR,DRY,DAYLIGHT,NO CONTROLS,NONE DETECTED,NONE DETECTED,E4F35BF7-0EBF-4438-9FBA-F4804FA78BA9,PEDESTRIAN,Other,NO IMPROPER ACTIONS,OTHER,No,SUSPECTED MINOR INJURY,N/A,39.18054333,-77.23858333,"(39.18054333, -77.23858333)"
MCP9130003S,170523644,Montgomery County Police,Injury Crash,08/08/2017 01:27:00 PM,Maryland (State),PINEY BRANCH RD,UNIVERSITY BLVD E,,N/A,PEDESTRIAN,SINGLE VEHICLE,CLEAR,DRY,DAYLIGHT,TRAFFIC SIGNAL,NONE DETECTED,ALCOHOL CONTRIBUTED,232053AC-D1AB-4494-9FCE-785A29B1458F,PEDESTRIAN,Cross/Enter at Intersection,DART DASH,ON ROADWAY AT CROSSWALK,Yes,SUSPECTED MINOR INJURY,NONE,38.99965066,-76.99515939,"(38.99965066, -76.99515939)"
MCP1491001J,190057831,Montgomery County Police,Injury Crash,12/01/2019 01:35:00 PM,,,,DRIVEWAY ACCESS AT 16101 FREDERICK RD,,OTHER,OTHER,RAINING,,DAYLIGHT,N/A,NONE DETECTED,NONE DETECTED,1451841B-20DF-48D5-AC41-6BE9D3FADC64,OTHER,Other,OTHER,OTHER,Yes,SUSPECTED MINOR INJURY,N/A,39.12232706,-77.172312,"(39.12232706, -77.172312)"
MCP2868001W,16013604,MONTGOMERY,Injury Crash,03/19/2016 09:00:00 PM,County,CORDELL AVE,NORFOLK AVE,,N/A,PEDESTRIAN,SINGLE VEHICLE,RAINING,WET,DARK LIGHTS ON,NO CONTROLS,NONE DETECTED,NONE DETECTED,0D84E999-AE3F-41AA-97C4-30CE37139AFC,PEDESTRIAN,Cross/Enter not at Intersection,NO IMPROPER ACTIONS,SIDEWALK,No,POSSIBLE INJURY,NONE,38.98868545,-77.09864974,"(38.98868545, -77.09864974)"
MCP31960039,220023712,Montgomery County Police,Injury Crash,06/02/2022 11:31:00 PM,Maryland (State),FREDERICK RD,SCENERY DR,,N/A,PEDESTRIAN,UNKNOWN,UNKNOWN,UNKNOWN,UNKNOWN,OTHER,,UNKNOWN,98BAC96B-0D9D-4549-B466-1E758B51AB7B,PEDESTRIAN,Unknown,UNKNOWN,UNKNOWN,Unknown,SUSPECTED SERIOUS INJURY,UNKNOWN,39.17539832,-77.23791537,"(39.17539832, -77.23791537)"
MCP9386009G,230028197,Montgomery County Police,Injury Crash,06/12/2023 10:00:00 AM,County,BRUNETT AVE,UNIVERSITY BLVD W,,N/A,PEDESTRIAN,OTHER,CLOUDY,DRY,DAYLIGHT,STOP SIGN,NONE DETECTED,NONE DETECTED,570CC2E8-C8C7-45DA-A675-3510FF2FFF67,PEDESTRIAN,Cross/Enter at Intersection,NO IMPROPER ACTIONS,ON ROADWAY AT CROSSWALK,No,POSSIBLE INJURY,N/A,39.02286,-77.01693667,"(39.02286, -77.01693667)"
MCP25940053,190008179,Montgomery County Police,Injury Crash,02/20/2019 08:57:00 AM,,,,ALLEY BEHIND NEW HAMPSHIRE AVE,,PEDESTRIAN,OTHER,SNOW,,DAYLIGHT,NO CONTROLS,NONE DETECTED,NONE DETECTED,1EBE7F3A-A5C2-432C-B140-7586A4E1D8A5,PEDESTRIAN,Other,OTHER,OTHER,No,SUSPECTED MINOR INJURY,NONE,39.12263533,-77.0006365,"(39.12263533, -77.0006365)"
MCP30590012,170539238,Montgomery County Police,Injury Crash,10/27/2017 06:23:00 PM,County,ARCOLA AVE,OREBAUGH AVE,,N/A,PEDESTRIAN,OTHER,CLEAR,DRY,DUSK,YIELD SIGN,NONE DETECTED,NONE DETECTED,01C4849A-080C-4415-B6DC-EE98AB4E3D57,PEDESTRIAN,Cross/Enter at Intersection,NO IMPROPER ACTIONS,MIDBLOCK MARKED CROSSWALK,No,POSSIBLE INJURY,N/A,39.04705,-77.03664,"(39.04705, -77.03664)"
MCP23480018,16000640,Montgomery County Police,Injury Crash,01/04/2016 07:04:00 PM,Maryland (State),GEORGIA AVE,BLUERIDGE AVE,,N/A,PEDESTRIAN,SINGLE VEHICLE,CLEAR,DRY,DARK LIGHTS ON,N/A,NONE DETECTED,UNKNOWN,67815600-7E63-42BE-B082-052AFBC7DC35,PEDESTRIAN,Cross/Enter not at Intersection,IN ROADWAY IMPROPERLY,ON ROADWAY NOT AT CROSSWALK,Yes,SUSPECTED SERIOUS INJURY,NONE,39.04270333,-77.051935,"(39.04270333, -77.051935)"
EJ7873003Y,210021964,Gaithersburg Police Depar,Property Damage Crash,06/09/2021 02:15:00 PM,Municipality,FEATHERSTONE ST,BRIGHT MEADOW DR,,GAITHERSBURG,BICYCLIST,OTHER,CLEAR,DRY,DAYLIGHT,YIELD SIGN,UNKNOWN,NONE DETECTED,EC126DDF-47F4-4111-A3E8-07A1D392E8AB,BICYCLIST,Walking/Riding w/Traffic,NO IMPROPER ACTIONS,ON ROADWAY NOT AT CROSSWALK,No,NO APPARENT INJURY,MC/BIKE HELMET,39.11583933,-77.22935888,"(39.11583933, -77.22935888)"
MCP3073005K,210046883,Montgomery County Police,Injury Crash,11/18/2021 05:47:00 PM,Maryland (State),GEORGIA AVE,KAYSON ST,,N/A,PEDESTRIAN,OTHER,RAINING,WET,DARK LIGHTS ON,NO CONTROLS,NONE DETECTED,UNKNOWN,7C5E0E45-A348-43F8-BB90-5197F72E01ED,PEDESTRIAN,Cross/Enter not at Intersection,IN ROADWAY IMPROPERLY,ON ROADWAY NOT AT CROSSWALK,Yes,SUSPECTED MINOR INJURY,N/A,39.07086667,-77.06342667,"(39.07086667, -77.06342667)"
MCP2820001P,15052878,MONTGOMERY,Injury Crash,10/18/2015 02:01:00 PM,County,CHADWICK LA,MERTON RD,,N/A,PEDESTRIAN,OTHER,N/A,DRY,DAYLIGHT,N/A,NONE DETECTED,NONE DETECTED,99164813-04C3-493A-B5F2-BA5F8EB5BDAA,PEDESTRIAN,Standing,NO IMPROPER ACTIONS,SHOULDER,No,SUSPECTED SERIOUS INJURY,NONE,39.09133333,-77.08547167,"(39.09133333, -77.08547167)"
DD5508001V,16020395,Rockville Police Departme,Injury Crash,04/25/2016 04:40:00 PM,,,,PARKING LOT OF 1700 CHAPMAN AVE (TWINBROOK METRO),,PEDESTRIAN,N/A,CLEAR,,DAYLIGHT,NO CONTROLS,NONE DETECTED,NONE DETECTED,725290D0-BE9B-456A-9674-1B00184C231D,PEDESTRIAN,Other,NO IMPROPER ACTIONS,ON ROADWAY AT CROSSWALK,No,POSSIBLE INJURY,N/A,39.06263333,-77.11968167,"(39.06263333, -77.11968167)"
DD5610006L,210023496,Rockville Police Departme,Injury Crash,06/19/2021 01:56:00 PM,Municipality,E JEFFERSON ST,CONGRESSIONAL LA,,ROCKVILLE,PEDESTRIAN,SINGLE VEHICLE,CLEAR,DRY,DAYLIGHT,NO CONTROLS,N/A,N/A,0A0A8174-EA8F-4D00-9960-67BDEE601D05,PEDESTRIAN,Cross/Enter not at Intersection,IN ROADWAY IMPROPERLY,ON ROADWAY NOT AT CROSSWALK,Unknown,POSSIBLE INJURY,N/A,39.06197993,-77.12909521,"(39.06197993, -77.12909521)"
MCP2260001P,170506649,Montgomery County Police,Injury Crash,05/08/2017 04:53:00 PM,County,HUNTERS LA,RANDOLPH RD,,N/A,BICYCLIST,OTHER,N/A,DRY,DUSK,N/A,NONE DETECTED,N/A,1BEF9CB9-4725-4200-A202-90D27387981B,BICYCLIST,Other,UNKNOWN,ON ROADWAY AT CROSSWALK,No,POSSIBLE INJURY,NONE,39.05365167,-77.099125,"(39.05365167, -77.099125)"
MCP27980017,15057637,MONTGOMERY,Injury Crash,11/11/2015 09:28:00 PM,,,,"rear parking lot of 15503 Old Columbia Pike, Burtonsville, MD 20866",,PEDESTRIAN,OTHER,CLEAR,,DARK LIGHTS ON,N/A,UNKNOWN,NONE DETECTED,2C8A55B1-15C6-4D92-B749-306581014270,PEDESTRIAN,Other,OTHER,OTHER,No,POSSIBLE INJURY,NONE,39.04617333,-76.990255,"(39.04617333, -76.990255)"
MCP1595000G,16040812,Montgomery County Police,Injury Crash,08/11/2016 04:22:00 PM,,,,PARKING LOT OF 4816 BOILING BROOK PARKWAY,,PEDESTRIAN,SINGLE VEHICLE,CLEAR,,DAYLIGHT,NO CONTROLS,UNKNOWN,UNKNOWN,40DA36B9-CA65-404B-9EBA-337275035094,PEDESTRIAN,Standing,NO IMPROPER ACTIONS,OTHER,No,POSSIBLE INJURY,N/A,39.03954833,-77.05194833,"(39.03954833, -77.05194833)"
MCP3122002L,190057491,Montgomery County Police,Injury Crash,11/28/2019 11:25:00 PM,,,,PARKING LOT OF 2304 BLUERIDGE AVE,,PEDESTRIAN,SINGLE VEHICLE,CLEAR,,DARK LIGHTS ON,N/A,ALCOHOL PRESENT,NONE DETECTED,CAD6BF0E-61C2-4939-AAD3-53C9076A6EF9,PEDESTRIAN,Other,NO IMPROPER ACTIONS,OTHER,No,SUSPECTED SERIOUS INJURY,N/A,39.04272545,-77.04853504,"(39.04272545, -77.04853504)"
MCP3053000J,170537015,Montgomery County Police,Injury Crash,10/16/2017 04:50:00 PM,County,BAUER DR,BURNSIDE DR,,N/A,PEDESTRIAN,OTHER,CLEAR,DRY,DAYLIGHT,TRAFFIC SIGNAL,N/A,N/A,F68E93F1-9450-4FD8-8082-53F8023954ED,PEDESTRIAN,Cross/Enter at Intersection,NO IMPROPER ACTIONS,ON ROADWAY AT CROSSWALK,No,POSSIBLE INJURY,NONE,39.09451983,-77.1092733,"(39.09451983, -77.1092733)"
MCP3217000F,200010643,Montgomery County Police,Injury Crash,03/03/2020 06:30:00 PM,,,,"ONE WAY PRIVATE ALLEY BEHIND 12940 MIDDLEBROOK ROAD, GERMANTOWN, MD 20874",,PEDESTRIAN,HEAD ON LEFT TURN,CLEAR,,DUSK,NO CONTROLS,UNKNOWN,NONE DETECTED,C1B6767E-70AA-4D5F-8430-6DA6EE453EAD,PEDESTRIAN,Other,IN ROADWAY IMPROPERLY,ON ROADWAY NOT AT CROSSWALK,No,SUSPECTED MINOR INJURY,NONE,39.17955,-77.27135333,"(39.17955, -77.27135333)"
MCP2055000S,15053997,MONTGOMERY,Injury Crash,10/24/2015 11:37:00 AM,,,,"206 N. Frederick Ave
Gaithersburg MD  20878",,PEDESTRIAN,OTHER,CLOUDY,,DAYLIGHT,NO CONTROLS,NONE DETECTED,NONE DETECTED,AA34A1AA-194B-4F02-9563-13A0D1F97B28,PEDESTRIAN,Other,OTHER,SIDEWALK,No,POSSIBLE INJURY,N/A,39.144435,-77.20246833,"(39.144435, -77.20246833)"
MCP2929001H,16029790,Montgomery County Police,Injury Crash,06/13/2016 02:36:00 PM,,,,DRIVEWAY OF 17605 CASHELL RD,,PEDESTRIAN,SINGLE VEHICLE,CLEAR,,DAYLIGHT,N/A,,NONE DETECTED,F7B0EB46-8584-475E-9135-E6BE82671C16,PEDESTRIAN,Other,INATTENTIVE,OTHER,Yes,SUSPECTED MINOR INJURY,N/A,39.14527217,-77.09332019,"(39.14527217, -77.09332019)"
MCP2686001P,17003354,Montgomery County Police,Injury Crash,01/19/2017 06:30:00 PM,Municipality,KENTLANDS BLVD,GREAT SENECA HWY,,N/A,PEDESTRIAN,N/A,CLEAR,DRY,DARK LIGHTS ON,TRAFFIC SIGNAL,N/A,N/A,CE9D8448-6961-460A-B077-3C506913F50B,PEDESTRIAN,Cross/Enter at Intersection,NO IMPROPER ACTIONS,AT INTERSECTION MARKED CROSSWALK,No,POSSIBLE INJURY,N/A,39.12357982,-77.23163232,"(39.12357982, -77.23163232)"
MCP3205001R,200029969,Montgomery County Police,Injury Crash,08/02/2020 12:58:00 PM,County,FERRARA DR,SELFRIDGE RD,,N/A,PEDESTRIAN,OTHER,N/A,DRY,DAYLIGHT,NO CONTROLS,UNKNOWN,NONE DETECTED,4D433D04-EE57-4AA8-98EE-1F294CC74312,PEDESTRIAN,Standing,N/A,SHOULDER,No,SUSPECTED MINOR INJURY,N/A,39.05245217,-77.08170517,"(39.05245217, -77.08170517)"
MCP3099000K,180019584,Montgomery County Police,Injury Crash,04/21/2018 07:00:00 PM,,,,"PARKING LOT IN FRONT OF 13002 COUNTRY RIDGE DRIVE, GERMANTOWN",,PEDESTRIAN,OTHER,CLEAR,,DAYLIGHT,NO CONTROLS,NONE DETECTED,NONE DETECTED,B4E785D5-BF6E-4BB7-A766-5CC6B67FBC85,PEDESTRIAN,Playing,IN ROADWAY IMPROPERLY,ON ROADWAY NOT AT CROSSWALK,Yes,POSSIBLE INJURY,NONE,39.18398618,-77.26866961,"(39.18398618, -77.26866961)"
MCP2008008H,210022161,Montgomery County Police,Injury Crash,06/10/2021 04:00:00 PM,County,BOILING BROOK PKWY,HUNTERS LA,,N/A,BICYCLIST,OTHER,CLOUDY,DRY,DAYLIGHT,STOP SIGN,NONE DETECTED,NONE DETECTED,453131AE-8AE1-4BE1-8EEB-9F5B02F56033,BICYCLIST,Cross/Enter at Intersection,DART DASH,AT INTERSECTION MARKED CROSSWALK,Yes,SUSPECTED MINOR INJURY,NONE,39.04826833,-77.10048333,"(39.04826833, -77.10048333)"
MCP2914005G,170535704,Montgomery County Police,Injury Crash,10/09/2017 07:57:00 PM,County,NORTHAMPTON DR,BEACON RD,,N/A,PEDESTRIAN,OTHER,CLEAR,WET,DARK LIGHTS ON,NO CONTROLS,N/A,N/A,1C686C62-DDB1-43AB-8175-491D30EC9CB4,PEDESTRIAN,Cross/Enter not at Intersection,IN ROADWAY IMPROPERLY,ON ROADWAY NOT AT CROSSWALK,Yes,POSSIBLE INJURY,NONE,39.00711582,-76.9825919,"(39.00711582, -76.9825919)"
MCP28850029,170545056,Montgomery County Police,Injury Crash,11/26/2017 08:45:00 PM,Maryland (State),UNIVERSITY BLVD W,VEIRS MILL RD,,N/A,PEDESTRIAN,OTHER,CLEAR,DRY,DARK LIGHTS ON,TRAFFIC SIGNAL,UNKNOWN,NONE DETECTED,4AC1ED98-2B4E-4EB0-9047-73EEF2CEE4ED,PEDESTRIAN,Cross/Enter at Intersection,NO IMPROPER ACTIONS,ON ROADWAY AT CROSSWALK,No,SUSPECTED MINOR INJURY,NONE,39.04030667,-77.05557667,"(39.04030667, -77.05557667)"
MCP29820044,210029269,Montgomery County Police,Injury Crash,07/28/2021 03:12:00 PM,Maryland (State),GEORGIA AVE,CAMERON ST,,N/A,PEDESTRIAN,OTHER,N/A,DRY,DAYLIGHT,TRAFFIC SIGNAL,NONE DETECTED,NONE DETECTED,D48087F1-7854-46E2-BBD0-12B8D6C320DA,PEDESTRIAN,Cross/Enter at Intersection,NO IMPROPER ACTIONS,AT INTERSECTION MARKED CROSSWALK,No,SUSPECTED SERIOUS INJURY,N/A,38.99768333,-77.02990667,"(38.99768333, -77.02990667)"