Report Number,Local Case Number,Agency Name,ACRS Report Type,Crash Date/Time,Route Type,Road Name,Cross-Street Name,Off-Road Description,Municipality,Related Non-Motorist,Collision Type,Weather,Surface Condition,Light,Traffic Control,Driver Substance Abuse,Non-Motorist Substance Abuse,Person ID,Pedestrian Type,Pedestrian Movement,Pedestrian Actions,Pedestrian Location,At Fault,Injury Severity,Safety Equipment,Latitude,Longitude,Location
MCP30120068,200008062,Montgomery County Police,Injury Crash,02/18/2020 08:52:00 AM,,BATCHELLORS FOREST RD,SEABISCUT DR,,N/A,BICYCLIST,OTHER,CLEAR,DRY,DAYLIGHT,NO CONTROLS,NONE DETECTED,NONE DETECTED,A82EFB5D-A393-4639-9CB5-9D84B9F51437,BICYCLIST,Walking/Riding w/Traffic,NO IMPROPER ACTIONS,ON ROADWAY NOT AT CROSSWALK,No,POSSIBLE INJURY,MC/BIKE HELMET,39.12615833,-77.05691833,"(39.12615833, -77.05691833)"
MCP3199003Y,220028752,Montgomery County Police,Injury Crash,07/05/2022 07:23:00 AM,Maryland (State),GEORGIA AVE,HEWITT AVE,,N/A,PEDESTRIAN,STRAIGHT MOVEMENT ANGLE,N/A,DRY,DAYLIGHT,TRAFFIC SIGNAL,NONE DETECTED,NONE DETECTED,EE98A67C-A490-4549-88D0-8B7FE7C4D2EE,PEDESTRIAN,Cross/Enter at Intersection,NO IMPROPER ACTIONS,ON ROADWAY AT CROSSWALK,No,SUSPECTED MINOR INJURY,NONE,39.07748667,-77.07118333,"(39.07748667, -77.07118333)"
MCP2001000X,180027239,Montgomery County Police,Fatal Crash,06/02/2018 09:50:00 PM,Maryland (State),HUNGERFORD DR,N WASHINGTON ST,,ROCKVILLE,PEDESTRIAN,SINGLE VEHICLE,CLEAR,WET,DARK LIGHTS ON,NO CONTROLS,NONE DETECTED,UNKNOWN,F4222087-2B5B-447C-A3D7-FFCB85F79710,PEDESTRIAN,Unknown,UNKNOWN,ON ROADWAY NOT AT CROSSWALK,Yes,FATAL INJURY,NONE,39.09063478,-77.15260103,"(39.09063478, -77.15260103)"
MCP27500021,16022884,Montgomery County Police,Injury Crash,05/08/2016 07:40:00 PM,County,CLARIDGE RD,MEDWAY ST,,N/A,PEDESTRIAN,STRAIGHT MOVEMENT ANGLE,CLEAR,DRY,DAYLIGHT,NO CONTROLS,UNKNOWN,NONE DETECTED,EDA18A4D-721D-43A2-B6DF-A6E6887AB542,PEDESTRIAN,Cross/Enter not at Intersection,DART DASH,ON ROADWAY NOT AT CROSSWALK,Yes,SUSPECTED MINOR INJURY,NONE,39.05222666,-77.0651865,"(39.05222666, -77.0651865)"
MCP1389002W,230023157,Montgomery County Police,Injury Crash,05/14/2023 07:30:00 PM,Maryland (State),GEORGIA AVE,MASON ST,,N/A,PEDESTRIAN,OTHER,CLEAR,DRY,DAYLIGHT,OTHER,N/A,ALCOHOL PRESENT,4D854616-6877-4F57-AF5E-AFEA63C9FCDA,PEDESTRIAN,Cross/Enter at Intersection,NO IMPROPER ACTIONS,ON ROADWAY AT CROSSWALK,No,SUSPECTED MINOR INJURY,N/A,39.05595164,-77.04984942,"(39.05595164, -77.04984942)"
MCP2809002S,16000772,Montgomery County Police,Injury Crash,01/05/2016 01:22:00 PM,Maryland (State),UNIVERSITY BLVD W,GRANDVIEW AVE,,N/A,BICYCLIST,OTHER,CLEAR,N/A,DAYLIGHT,NO CONTROLS,N/A,N/A,0C7A94D6-3334-4A7D-BE12-BEC690375555,BICYCLIST,Cross/Enter not at Intersection,DART DASH,ON ROADWAY NOT AT CROSSWALK,Yes,POSSIBLE INJURY,NONE,39.042895,-77.0529,"(39.042895, -77.0529)"
MCP30790048,220009254,Montgomery County Police,Injury Crash,03/03/2022 05:55:00 PM,,,,19815 GERMANTOWN RD EXXON GAS STATION,,PEDESTRIAN,N/A,CLEAR,,DAYLIGHT,NO CONTROLS,NONE DETECTED,UNKNOWN,23189FE8-258F-4B34-8DCB-8AD6E98E90BA,PEDESTRIAN,Cross/Enter at Intersection,NO IMPROPER ACTIONS,AT INTERSECTION BUT NO CROSSWALK,No,POSSIBLE INJURY,N/A,39.18134323,-77.26148406,"(39.18134323, -77.26148406)"
EJ78950041,230023431,Gaithersburg Police Depar,Injury Crash,05/16/2023 10:50:00 AM,,,,MONTGOMERY COUNTY FAIR GROUNDS,,PEDESTRIAN,OTHER,CLEAR,,DAYLIGHT,NO CONTROLS,NONE DETECTED,NONE DETECTED,D9C9E703-9272-46CA-9D29-41651D29B6F2,PEDESTRIAN,Playing,NOT VISIBLE,OTHER,Unknown,POSSIBLE INJURY,NONE,39.14307365,-77.2043583,"(39.14307365, -77.2043583)"
MCP28050020,16044966,Montgomery County Police,Injury Crash,09/02/2016 08:19:00 PM,County,LOST KNIFE RD,CONTOUR RD,,N/A,PEDESTRIAN,SINGLE VEHICLE,CLEAR,DRY,DARK LIGHTS ON,NO CONTROLS,NONE DETECTED,NONE DETECTED,7AEE0F89-3DAA-4EAE-A76E-1DF59E40B893,PEDESTRIAN,Cross/Enter at Intersection,N/A,ON ROADWAY AT CROSSWALK,No,SUSPECTED MINOR INJURY,N/A,39.15483167,-77.20111,"(39.15483167, -77.20111)"
MCP29170078,200046848,Montgomery County Police,Injury Crash,11/27/2020 04:45:00 PM,County,EDGEBROOK RD,VEIRS MILL RD,,N/A,BICYCLIST,HEAD ON,CLEAR,DRY,DARK NO LIGHTS,STOP SIGN,NONE DETECTED,NONE DETECTED,9F7E92CE-A7AC-419E-A774-7BE283D69AA6,BICYCLIST,Walking/Riding w/Traffic,NO IMPROPER ACTIONS,ON ROADWAY NOT AT CROSSWALK,No,SUSPECTED MINOR INJURY,MC/BIKE HELMET,39.05970607,-77.08921389,"(39.05970607, -77.08921389)"
MCP3255003R,220028180,Montgomery County Police,Injury Crash,06/30/2022 05:30:00 PM,County,MONTGOMERY VILLAGE AVE,ARROWHEAD RD,,N/A,PEDESTRIAN,SINGLE VEHICLE,CLEAR,DRY,DAYLIGHT,NO CONTROLS,N/A,N/A,E84977D2-A2D3-4056-AE7D-B5EAEE514FE4,PEDESTRIAN,Cross/Enter not at Intersection,IN ROADWAY IMPROPERLY,MEDIAN,Yes,POSSIBLE INJURY,NONE,39.18790333,-77.19760167,"(39.18790333, -77.19760167)"
MCP3170003G,230055780,Montgomery County Police,Injury Crash,09/19/2023 03:40:00 PM,Maryland (State),GREAT SENECA HWY,WISTERIA DR,,N/A,OTHER PEDALCYCLIST,OTHER,CLEAR,DRY,DAYLIGHT,TRAFFIC SIGNAL,NONE DETECTED,NONE DETECTED,BF6B9118-4184-4255-8EFA-6F94E3207DF2,OTHER PEDALCYCLIST,Cross/Enter at Intersection,DART DASH,ON ROADWAY AT CROSSWALK,No,POSSIBLE INJURY,NONE,39.17121917,-77.262642,"(39.17121917, -77.262642)"
DD56030028,15065817,ROCKVILLE,Injury Crash,12/23/2015 06:19:00 PM,Municipality,KING FARM BLVD,ELMCROFT BLVD,,ROCKVILLE,PEDESTRIAN,STRAIGHT MOVEMENT ANGLE,RAINING,WET,DARK LIGHTS ON,STOP SIGN,UNKNOWN,NONE DETECTED,D5344C47-EA84-4D91-994A-98D4307BF15D,PEDESTRIAN,Cross/Enter at Intersection,NO IMPROPER ACTIONS,AT INTERSECTION MARKED CROSSWALK,No,SUSPECTED MINOR INJURY,NONE,39.11636836,-77.1700716,"(39.11636836, -77.1700716)"
MCP26430008,15019405,Montgomery County Police,Injury Crash,04/24/2015 08:52:00 PM,Maryland (State),NEW HAMPSHIRE AVE,CHALMERS RD,,N/A,PEDESTRIAN,SAME DIR REAR END,CLEAR,DRY,DARK LIGHTS ON,N/A,"ALCOHOL CONTRIBUTED, N/A",N/A,0A778EDE-B2FC-4061-BDCB-36E9A4F300A6,PEDESTRIAN,Standing,NO IMPROPER ACTIONS,OTHER,,SUSPECTED MINOR INJURY,N/A,39.02885833,-76.98325333,"(39.02885833, -76.98325333)"
MCP2598003K,210035566,Montgomery County Police,Property Damage Crash,09/10/2021 09:21:00 AM,County,SUNDOWN RD,ZION RD,,N/A,MACHINE OPERATOR/RIDER,SAME DIRECTION SIDESWIPE,CLEAR,DRY,DAYLIGHT,NO CONTROLS,NONE DETECTED,NONE DETECTED,E866DE8A-3B12-4B6A-85CA-1B3B94747116,MACHINE OPERATOR/RIDER,Other Working,NO IMPROPER ACTIONS,ON ROADWAY NOT AT CROSSWALK,No,NO APPARENT INJURY,LIGHTING,39.21569167,-77.115595,"(39.21569167, -77.115595)"
MCP31210056,230006903,Montgomery County Police,Injury Crash,02/10/2023 07:49:00 PM,County,MONTGOMERY VILLAGE AVE,CLUB HOUSE RD,,N/A,PEDESTRIAN,SINGLE VEHICLE,N/A,DRY,DARK LIGHTS ON,TRAFFIC SIGNAL,NONE DETECTED,NONE DETECTED,E174A768-BA7A-4A47-BBA2-5BBCAC2F32A9,PEDESTRIAN,Cross/Enter at Intersection,UNKNOWN,AT INTERSECTION MARKED CROSSWALK,Yes,SUSPECTED MINOR INJURY,UNKNOWN,39.17451617,-77.20302183,"(39.17451617, -77.20302183)"
MCP2639007N,190036442,Montgomery County Police,Property Damage Crash,07/31/2019 07:17:00 AM,Maryland (State),GEORGIA AVE,QUEEN MARY DR,,N/A,BICYCLIST,STRAIGHT MOVEMENT ANGLE,CLOUDY,DRY,DAYLIGHT,STOP SIGN,NONE DETECTED,NONE DETECTED,58393357-70EA-4A1C-B7D2-839329657BA8,BICYCLIST,Cross/Enter at Intersection,NO IMPROPER ACTIONS,SIDEWALK,No,NO APPARENT INJURY,NONE,39.25503333,-77.22318,"(39.25503333, -77.22318)"
MCP2008006B,190034384,Montgomery County Police,Injury Crash,07/19/2019 06:47:00 PM,County,RYLAND DR,SINGLETON DR,,N/A,BICYCLIST,OTHER,CLEAR,DRY,DAYLIGHT,STOP SIGN,NONE DETECTED,NONE DETECTED,E2347E49-E8C9-4BAB-B710-201E1A741AA2,BICYCLIST,Cross/Enter at Intersection,UNKNOWN,ON ROADWAY AT CROSSWALK,Yes,SUSPECTED MINOR INJURY,MC/BIKE HELMET,39.01299,-77.118245,"(39.01299, -77.118245)"
MCP3205000B,190045884,Montgomery County Police,Injury Crash,09/24/2019 10:27:00 PM,Other Public Roadway,GEORGIAN WAY,GEORGIAN WOODS PL,,N/A,PEDESTRIAN,OTHER,N/A,DRY,DARK LIGHTS ON,N/A,ALCOHOL PRESENT,NONE DETECTED,26D24FA1-26C6-41D3-AC0F-ABF7CEBDB268,PEDESTRIAN,Other Working,OTHER,OTHER,No,SUSPECTED MINOR INJURY,N/A,39.05460802,-77.04683717,"(39.05460802, -77.04683717)"
MCP13780047,15004900,Montgomery County Police,Injury Crash,01/30/2015 06:09:00 PM,,,,DRIVEWAY ENTRANCE TO 390 N. SUMMIT AVE,,PEDESTRIAN,SINGLE VEHICLE,CLEAR,,DARK LIGHTS ON,NO CONTROLS,NONE DETECTED,NONE DETECTED,68089F6D-31EC-41B3-B6A2-D43C2DEB2EF1,PEDESTRIAN,Cross/Enter at Intersection,NO IMPROPER ACTIONS,DRIVEWAY ACCESS MARKED CROSSWALK,,NO APPARENT INJURY,N/A,39.14908,-77.19287667,"(39.14908, -77.19287667)"
MCP30180026,170544045,Montgomery County Police,Injury Crash,11/21/2017 07:52:00 AM,County,RANDOLPH RD,GLENALLAN AVE,,N/A,BICYCLIST,OTHER,CLEAR,N/A,DAYLIGHT,NO CONTROLS,NONE DETECTED,NONE DETECTED,87FCA9A2-C158-4D0A-ACB6-2FD42F1E3957,BICYCLIST,Cross/Enter at Intersection,NO IMPROPER ACTIONS,SIDEWALK,No,SUSPECTED MINOR INJURY,MC/BIKE HELMET,39.06126,-77.044235,"(39.06126, -77.044235)"
DD56100029,17000269,Rockville Police Departme,Injury Crash,01/02/2017 06:02:00 PM,Municipality,BROADWOOD DR,VEIRS MILL RD,,N/A,PEDESTRIAN,SINGLE VEHICLE,RAINING,WET,DARK LIGHTS ON,TRAFFIC SIGNAL,N/A,N/A,23274701-58FA-4A5C-89E4-7C69F891C217,PEDESTRIAN,Cross/Enter at Intersection,NO IMPROPER ACTIONS,ON ROADWAY AT CROSSWALK,No,POSSIBLE INJURY,NONE,39.077227,-77.1239875,"(39.077227, -77.1239875)"
DD5625004K,200045132,Rockville Police Departme,Injury Crash,11/15/2020 06:20:00 PM,Municipality,WOOTTON PKWY,FALLSMEAD WAY,,ROCKVILLE,PEDESTRIAN,OTHER,CLEAR,DRY,DARK NO LIGHTS,NO CONTROLS,NONE DETECTED,NONE DETECTED,51926177-1832-4008-8476-6EE1D9CF8E08,PEDESTRIAN,Cross/Enter at Intersection,NO IMPROPER ACTIONS,AT INTERSECTION MARKED CROSSWALK,No,POSSIBLE INJURY,NONE,39.0718583,-77.17858714,"(39.0718583, -77.17858714)"
MCP3004002X,190013969,Montgomery County Police,Injury Crash,03/26/2019 03:37:00 PM,Maryland (State),EAST WEST HWY (W/B COUPLET),PEARL ST,,N/A,PEDESTRIAN,N/A,N/A,DRY,DAYLIGHT,TRAFFIC SIGNAL,N/A,N/A,F8FEBA48-9B36-451D-9E4C-25F6D1FFD008,PEDESTRIAN,Cross/Enter at Intersection,NO IMPROPER ACTIONS,AT INTERSECTION MARKED CROSSWALK,No,SUSPECTED MINOR INJURY,N/A,38.99364667,-77.05222167,"(38.99364667, -77.05222167)"
DD5595008H,200003432,Rockville Police Departme,Injury Crash,01/21/2020 04:51:00 PM,Municipality,W GUDE DR,PICCARD DR,,ROCKVILLE,PEDESTRIAN,OTHER,CLEAR,DRY,DAYLIGHT,TRAFFIC SIGNAL,NONE DETECTED,NONE DETECTED,C00268EC-C0EE-4A09-B695-AF4BB1F42B73,PEDESTRIAN,Cross/Enter not at Intersection,NO IMPROPER ACTIONS,DRIVEWAY ACCESS MARKED CROSSWALK,No,SUSPECTED MINOR INJURY,N/A,39.10181667,-77.17734167,"(39.10181667, -77.17734167)"
MCP26390033,180006633,Montgomery County Police,Injury Crash,02/08/2018 09:10:00 AM,,,,PARKING LOT OF 10300 STRATHMORE HALL ST,,PEDESTRIAN,SAME DIR REAR END,CLEAR,,DAYLIGHT,NO CONTROLS,NONE DETECTED,NONE DETECTED,67B03AA6-9336-4913-B01F-2A2116C12270,PEDESTRIAN,Standing,NO IMPROPER ACTIONS,OTHER,No,POSSIBLE INJURY,N/A,39.02597833,-77.101655,"(39.02597833, -77.101655)"
MCP27940015,15053515,MONTGOMERY,Injury Crash,10/21/2015 10:13:00 PM,County,WOODMONT AVE,BATTERY LA,,N/A,PEDESTRIAN,OTHER,N/A,DRY,DARK NO LIGHTS,TRAFFIC SIGNAL,N/A,NONE DETECTED,943C5411-C1B5-48C7-AB56-F6FAFE3EC709,PEDESTRIAN,Cross/Enter at Intersection,NO IMPROPER ACTIONS,AT INTERSECTION MARKED CROSSWALK,No,SUSPECTED MINOR INJURY,N/A,38.99270484,-77.09711552,"(38.99270484, -77.09711552)"
MCP2291004G,200007548,Montgomery County Police,Injury Crash,02/14/2020 02:30:00 PM,County,WILLARD AVE,FRIENDSHIP BLVD,,FRIENDSHIP HEIGHTS,PEDESTRIAN,SINGLE VEHICLE,CLEAR,DRY,DAYLIGHT,NO CONTROLS,UNKNOWN,NONE DETECTED,195A20B6-760F-4667-9B53-0BA8DCF3C8D1,PEDESTRIAN,Cross/Enter not at Intersection,IN ROADWAY IMPROPERLY,ON ROADWAY NOT AT CROSSWALK,Yes,SUSPECTED SERIOUS INJURY,N/A,38.9620898,-77.0888077,"(38.9620898, -77.0888077)"
MCP3099001G,190022361,Montgomery County Police,Injury Crash,05/12/2019 11:16:00 AM,County,MIDDLEBROOK RD,FATHER HURLEY BLVD,,N/A,PEDESTRIAN,SINGLE VEHICLE,RAINING,WET,DAYLIGHT,TRAFFIC SIGNAL,NONE DETECTED,NONE DETECTED,5DFC8F70-891D-4F73-B98C-5012375D76DA,PEDESTRIAN,Cross/Enter at Intersection,IN ROADWAY IMPROPERLY,AT INTERSECTION MARKED CROSSWALK,Yes,POSSIBLE INJURY,N/A,39.1841141,-77.27354314,"(39.1841141, -77.27354314)"
MCP2244000S,16005128,Montgomery County Police,Injury Crash,01/31/2016 07:50:00 PM,Maryland (State),NEW HAMPSHIRE AVE,RAMP 6 FR IS 495 EB TO MD 650 SB,,N/A,PEDESTRIAN,OTHER,CLEAR,DRY,DARK NO LIGHTS,NO CONTROLS,NONE DETECTED,ALCOHOL PRESENT,115CEC73-693D-453B-A55D-59ACBC2B6BBD,PEDESTRIAN,Cross/Enter not at Intersection,IN ROADWAY IMPROPERLY,MEDIAN,Yes,SUSPECTED MINOR INJURY,NONE,39.01791041,-76.97699413,"(39.01791041, -76.97699413)"
MCP29420021,16058920,Montgomery County Police,Injury Crash,11/15/2016 05:00:00 PM,,,,PARKING LOT OF 5601 RIVER RD,,PEDESTRIAN,SINGLE VEHICLE,CLEAR,,DARK LIGHTS ON,N/A,NONE DETECTED,NONE DETECTED,4244226D-5659-434E-94DF-9434FED3330C,PEDESTRIAN,Other Working,NO IMPROPER ACTIONS,OTHER,No,POSSIBLE INJURY,N/A,38.97077833,-77.11158,"(38.97077833, -77.11158)"
MCP28460090,230059699,Montgomery County Police,Injury Crash,10/10/2023 04:45:00 PM,Maryland (State),UNIVERSITY BLVD W,FERN ST,,N/A,PEDESTRIAN,SINGLE VEHICLE,CLEAR,DRY,DAYLIGHT,NO CONTROLS,NONE DETECTED,NONE DETECTED,FA8E27D5-045A-483C-BE25-E160D6F6B56C,PEDESTRIAN,Other,DART DASH,ON ROADWAY NOT AT CROSSWALK,Yes,SUSPECTED MINOR INJURY,NONE,39.04165286,-77.04984895,"(39.04165286, -77.04984895)"
MCP2738004G,230000835,Montgomery County Police,Injury Crash,01/05/2023 11:54:00 PM,County,RENICK LA,KERWOOD RD,,N/A,PEDESTRIAN,OTHER,N/A,N/A,DARK LIGHTS ON,NO CONTROLS,N/A,N/A,D49BE916-C3AF-47B6-BE28-2F92B2124693,PEDESTRIAN,Walking/Riding w/Traffic,NO IMPROPER ACTIONS,CURB,Unknown,SUSPECTED MINOR INJURY,N/A,39.05364017,-76.99193467,"(39.05364017, -76.99193467)"
MCP23580091,210044083,Montgomery County Police,Injury Crash,11/01/2021 12:58:00 PM,County,CARDIGAN RD,HOWELL RD,,N/A,PEDESTRIAN,OTHER,CLEAR,DRY,DAYLIGHT,NO CONTROLS,UNKNOWN,NONE DETECTED,01343941-E94C-4BB2-8FD6-71781D7729C2,PEDESTRIAN,Walking/Riding against Traffic,NO IMPROPER ACTIONS,CURB,No,POSSIBLE INJURY,NONE,38.9965955,-77.1335605,"(38.9965955, -77.1335605)"
MCP2353001T,15053599,MONTGOMERY,Injury Crash,10/22/2015 12:11:00 PM,County,WILLARD AVE,THE HILLS PLAZA,,FRIENDSHIP HEIGHTS,PEDESTRIAN,SINGLE VEHICLE,CLEAR,DRY,DAYLIGHT,OTHER,NONE DETECTED,NONE DETECTED,87BD1C1A-B4AB-4613-B4FE-DD11C91B312F,PEDESTRIAN,Cross/Enter at Intersection,NO IMPROPER ACTIONS,ON ROADWAY AT CROSSWALK,No,SUSPECTED SERIOUS INJURY,NONE,38.98345167,-77.09292,"(38.98345167, -77.09292)"
MCP1378009X,16027832,Montgomery County Police,Injury Crash,06/03/2016 05:15:00 PM,Maryland (State),QUINCE ORCHARD RD,QUINCE ORCHARD BLVD,,GAITHERSBURG,BICYCLIST,SINGLE VEHICLE,CLOUDY,WET,DAYLIGHT,TRAFFIC SIGNAL,NONE DETECTED,NONE DETECTED,35BA241B-CE94-4081-8208-8D1865D6A656,BICYCLIST,Cross/Enter at Intersection,FAILURE TO YIELD RIGHT OF WAY,ON ROADWAY AT CROSSWALK,Yes,POSSIBLE INJURY,NONE,39.13464333,-77.223795,"(39.13464333, -77.223795)"
EJ7869000M,170537256,Gaithersburg Police Depar,Injury Crash,10/17/2017 08:50:00 PM,Maryland (State),MONTGOMERY VILLAGE AVE,RUSSELL AVE,,GAITHERSBURG,PEDESTRIAN,OTHER,N/A,DRY,DARK LIGHTS ON,NO CONTROLS,UNKNOWN,ILLEGAL DRUG PRESENT,185022BE-6CCE-4D1B-B0E1-911B24B69540,PEDESTRIAN,Walking/Riding w/Traffic,IN ROADWAY IMPROPERLY,ON ROADWAY NOT AT CROSSWALK,Yes,SUSPECTED SERIOUS INJURY,NONE,39.15514766,-77.20848151,"(39.15514766, -77.20848151)"
MCP2863001C,16057560,Montgomery County Police,Injury Crash,11/08/2016 08:23:00 AM,,,,"PARKING LOT OF 20300 PLEASANT RIDGE DR ,MCG (NORTHGATE CHURCH)",,PEDESTRIAN,SINGLE VEHICLE,CLEAR,,DAYLIGHT,NO CONTROLS,NONE DETECTED,NONE DETECTED,FA71C52E-4F65-41A9-91F7-95AD7F056A52,PEDESTRIAN,Walking to/from school,NO IMPROPER ACTIONS,OTHER,No,POSSIBLE INJURY,N/A,39.19190167,-77.19156333,"(39.19190167, -77.19156333)"
MCP2976002M,170517191,Montgomery County Police,Injury Crash,07/04/2017 11:13:00 AM,Maryland (State),GEORGIA AVE,FENWICK LA,,N/A,PEDESTRIAN,SINGLE VEHICLE,N/A,DRY,DARK LIGHTS ON,NO CONTROLS,NONE DETECTED,N/A,43E53763-101B-4553-B1DB-9A49B178EEC5,PEDESTRIAN,Cross/Enter at Intersection,NO IMPROPER ACTIONS,ON ROADWAY AT CROSSWALK,No,SUSPECTED SERIOUS INJURY,N/A,38.99820818,-77.03061819,"(38.99820818, -77.03061819)"
DD5606004N,170549667,Rockville Police Departme,Property Damage Crash,12/19/2017 06:56:00 PM,,,,38 MARYLAND AVE PARKING GARAGE B ROCKVILLE MD 20850,,OTHER,SINGLE VEHICLE,N/A,,DARK LIGHTS ON,NO CONTROLS,UNKNOWN,N/A,8DF01AAC-727B-4C19-8901-2FE90A7F10DA,OTHER,N/A,N/A,MEDIAN,No,NO APPARENT INJURY,N/A,39.08609833,-77.15098333,"(39.08609833, -77.15098333)"
MCP3000000M,16012804,MONTGOMERY,Injury Crash,03/15/2016 04:26:00 PM,County,MIDDLEBROOK RD,GREAT SENECA HWY,,N/A,PEDESTRIAN,STRAIGHT MOVEMENT ANGLE,CLEAR,DRY,DAYLIGHT,TRAFFIC SIGNAL,UNKNOWN,NONE DETECTED,961DADA1-7442-40AF-A4AF-FE527FFD0D1D,PEDESTRIAN,Cross/Enter at Intersection,NO IMPROPER ACTIONS,AT INTERSECTION MARKED CROSSWALK,No,SUSPECTED MINOR INJURY,N/A,39.174895,-77.26154833,"(39.174895, -77.26154833)"
MCP29600014,16030402,Montgomery County Police,Injury Crash,06/16/2016 09:11:00 AM,County,BEAVERWOOD LA,BIRCHTREE LA,,N/A,PEDESTRIAN,OTHER,CLOUDY,N/A,DAYLIGHT,N/A,N/A,N/A,EF2D065F-B15B-4854-A6F1-85CF843D3AB2,PEDESTRIAN,Walking to/from school,INATTENTIVE,ON ROADWAY NOT AT CROSSWALK,Yes,POSSIBLE INJURY,N/A,39.086325,-77.06504833,"(39.086325, -77.06504833)"
MCP2967001F,16034961,Montgomery County Police,Injury Crash,07/10/2016 05:20:00 PM,County,RANDOLPH RD,NEBEL ST,,N/A,PEDESTRIAN,OTHER,CLEAR,DRY,DAYLIGHT,TRAFFIC SIGNAL,N/A,N/A,E6970159-E408-407C-AE5D-F83FBA8ADA72,PEDESTRIAN,Cross/Enter at Intersection,INATTENTIVE,SIDEWALK,Unknown,SUSPECTED MINOR INJURY,NONE,39.05333667,-77.11066333,"(39.05333667, -77.11066333)"
MCP209400FX,200002807,Montgomery County Police,Property Damage Crash,01/17/2020 09:38:00 AM,County,NEBEL ST,NICHOLSON LA,,N/A,BICYCLIST,HEAD ON LEFT TURN,CLEAR,DRY,DAYLIGHT,NO CONTROLS,NONE DETECTED,NONE DETECTED,483C4D16-5A31-4A92-9082-C3FC7FC08D2B,BICYCLIST,Other,NO IMPROPER ACTIONS,OTHER,No,NO APPARENT INJURY,MC/BIKE HELMET,39.04659833,-77.10513333,"(39.04659833, -77.10513333)"
MCP00360034,15057435,MONTGOMERY,Injury Crash,11/10/2015 08:18:00 PM,Maryland (State),WOODFIELD RD,BETHESDA CHURCH RD,,N/A,PEDESTRIAN,SINGLE VEHICLE,RAINING,WET,DARK LIGHTS ON,NO CONTROLS,NONE DETECTED,NONE DETECTED,165315B7-130C-4534-B51B-1C2A0886D9FB,PEDESTRIAN,Cross/Enter not at Intersection,DART DASH,OUTSIDE RIGHT OF WAY,Unknown,SUSPECTED SERIOUS INJURY,N/A,39.28388833,-77.20184667,"(39.28388833, -77.20184667)"
MCP26360005,15010082,Montgomery County Police,Injury Crash,03/03/2015 08:16:00 PM,County,RAMSEY AVE,FIDLER LA,,N/A,PEDESTRIAN,SINGLE VEHICLE,WINTRY MIX,ICE,DARK LIGHTS ON,N/A,NONE DETECTED,NONE DETECTED,D157D5A7-0C33-4029-9565-F360929E9F14,PEDESTRIAN,Other,NO IMPROPER ACTIONS,ON ROADWAY NOT AT CROSSWALK,No,POSSIBLE INJURY,N/A,38.99561499,-77.03070402,"(38.99561499, -77.03070402)"
MCP31540027,210022474,Montgomery County Police,Injury Crash,06/12/2021 02:48:00 PM,Maryland (State),GERMANTOWN RD,CROWNSGATE WAY,,N/A,BICYCLIST,SINGLE VEHICLE,CLEAR,DRY,DAYLIGHT,NO CONTROLS,NONE DETECTED,NONE DETECTED,AB06485C-8627-4B88-A8E9-61259B3D5C53,BICYCLIST,Walking/Riding w/Traffic,NO IMPROPER ACTIONS,SHOULDER,No,SUSPECTED SERIOUS INJURY,MC/BIKE HELMET,39.15750667,-77.28540833,"(39.15750667, -77.28540833)"
DD5648000S,220024140,Rockville Police Departme,Injury Crash,06/06/2022 01:06:00 AM,,,,2232 VEIRS MILL RD,,PEDESTRIAN,OTHER,CLEAR,,DARK LIGHTS ON,NO CONTROLS,UNKNOWN,ALCOHOL PRESENT,B233B25F-B1D7-4B47-AF42-28E4BB85E71E,PEDESTRIAN,Getting off/on Vehicle,UNKNOWN,OTHER,No,POSSIBLE INJURY,UNKNOWN,39.0764055,-77.11770133,"(39.0764055, -77.11770133)"
DD5652001N,220048412,Rockville Police Departme,Injury Crash,11/03/2022 01:09:00 PM,,,,625 HUNGERFORD DR,,PEDESTRIAN,SAME DIR REAR END,CLEAR,,DAYLIGHT,NO CONTROLS,NONE DETECTED,NONE DETECTED,8AED5528-70E0-424A-8F19-B76AFDF93EE0,PEDESTRIAN,Other,NO IMPROPER ACTIONS,OTHER,No,SUSPECTED MINOR INJURY,NONE,39.09214059,-77.15244737,"(39.09214059, -77.15244737)"
EJ7864001G,180018143,Gaithersburg Police Depar,Injury Crash,04/13/2018 09:06:00 PM,County,MONTGOMERY VILLAGE AVE,MIDCOUNTY HWY,,N/A,PEDESTRIAN,SINGLE VEHICLE,N/A,N/A,DARK LIGHTS ON,N/A,NONE DETECTED,N/A,F85B5A6E-2C3E-4E43-90A4-F67B0E49B6B1,PEDESTRIAN,Cross/Enter at Intersection,DART DASH,ON ROADWAY NOT AT CROSSWALK,Yes,SUSPECTED SERIOUS INJURY,NONE,39.15709333,-77.20544667,"(39.15709333, -77.20544667)"
MCP2874000W,15058210,MONTGOMERY,Injury Crash,11/14/2015 08:07:00 PM,Maryland (State),GEORGIA AVE,SHOREFIELD RD,,N/A,PEDESTRIAN,SINGLE VEHICLE,CLEAR,DRY,DARK LIGHTS ON,TRAFFIC SIGNAL,NONE DETECTED,UNKNOWN,0265D3BF-51A5-4DC2-9C1F-30170CF57E07,PEDESTRIAN,Cross/Enter at Intersection,NO IMPROPER ACTIONS,ON ROADWAY AT CROSSWALK,No,SUSPECTED MINOR INJURY,N/A,39.053245,-77.05103333,"(39.053245, -77.05103333)"
MCP3086000M,170537350,Montgomery County Police,Injury Crash,10/18/2017 08:00:00 AM,Other Public Roadway,BAY BERRY DR,CLOPPER RD,,N/A,PEDESTRIAN,SINGLE VEHICLE,CLEAR,DRY,DAYLIGHT,STOP SIGN,UNKNOWN,NONE DETECTED,C7DA580A-F8FC-45A9-8969-AC588F3BB78B,PEDESTRIAN,Cross/Enter at Intersection,NO IMPROPER ACTIONS,AT INTERSECTION BUT NO CROSSWALK,No,SUSPECTED MINOR INJURY,UNKNOWN,39.1581598,-77.27337956,"(39.1581598, -77.27337956)"