Report Number,Local Case Number,Agency Name,ACRS Report Type,Crash Date/Time,Route Type,Road Name,Cross-Street Name,Off-Road Description,Municipality,Related Non-Motorist,Collision Type,Weather,Surface Condition,Light,Traffic Control,Driver Substance Abuse,Non-Motorist Substance Abuse,Person ID,Pedestrian Type,Pedestrian Movement,Pedestrian Actions,Pedestrian Location,At Fault,Injury Severity,Safety Equipment,Latitude,Longitude,Location
MCP28660048,170541535,Montgomery County Police,Injury Crash,11/07/2017 06:00:00 PM,County,WOODMONT AVE,ELM ST,,N/A,PEDESTRIAN,SINGLE VEHICLE,RAINING,WET,DARK LIGHTS ON,TRAFFIC SIGNAL,NONE DETECTED,NONE DETECTED,4DEDA5E1-F294-4904-B9F8-3A2E03844428,PEDESTRIAN,Cross/Enter at Intersection,NO IMPROPER ACTIONS,AT INTERSECTION MARKED CROSSWALK,No,SUSPECTED MINOR INJURY,N/A,38.98227167,-77.09605167,"(38.98227167, -77.09605167)"
MCP913000B3,200037029,Montgomery County Police,Injury Crash,09/21/2020 01:54:00 PM,US (State),COLUMBIA PIKE,HILLWOOD DR,,N/A,PEDESTRIAN,STRAIGHT MOVEMENT ANGLE,CLEAR,DRY,DAYLIGHT,NO CONTROLS,NONE DETECTED,NONE DETECTED,F76BBA9D-3B7F-450E-84CF-EE481ECD5DAD,PEDESTRIAN,Cross/Enter not at Intersection,FAILURE TO YIELD RIGHT OF WAY,ON ROADWAY NOT AT CROSSWALK,Yes,POSSIBLE INJURY,NONE,39.03246833,-77.003675,"(39.03246833, -77.003675)"
MCP2656006W,230024263,Montgomery County Police,Injury Crash,05/20/2023 06:45:00 PM,Maryland (State),CLOPPER RD,VILLAGE FOUNTAIN DR,,N/A,PEDESTRIAN,OTHER,RAINING,WET,DAYLIGHT,TRAFFIC SIGNAL,N/A,N/A,122C592A-24B6-404D-8D4F-D2D24ECA77D9,PEDESTRIAN,Cross/Enter at Intersection,DART DASH,ON ROADWAY AT CROSSWALK,Yes,NO APPARENT INJURY,N/A,39.1603645,-77.27999867,"(39.1603645, -77.27999867)"
MCP3341001L,230022947,Montgomery County Police,Injury Crash,05/13/2023 09:15:00 AM,Maryland (State),GEORGIA AVE,CONNECTICUT AVE,,N/A,BICYCLIST,OTHER,CLOUDY,DRY,DAYLIGHT,TRAFFIC SIGNAL,N/A,N/A,3996D1EE-64EE-42C4-86B3-1862B6C0A29F,BICYCLIST,Cross/Enter at Intersection,NO IMPROPER ACTIONS,ON ROADWAY AT CROSSWALK,No,SUSPECTED MINOR INJURY,NONE,39.08445267,-77.07783433,"(39.08445267, -77.07783433)"
MCP29820012,16042990,Montgomery County Police,Injury Crash,08/24/2016 10:27:00 AM,County,MISSISSIPPI AVE,PINEY BRANCH RD,,N/A,PEDESTRIAN,OTHER,CLEAR,DRY,DAYLIGHT,NO CONTROLS,NONE DETECTED,NONE DETECTED,82E6EE9B-6511-45C5-8B6B-E20EF2AD1FB8,PEDESTRIAN,Walking/Riding against Traffic,NO IMPROPER ACTIONS,CURB,No,POSSIBLE INJURY,N/A,38.988915,-77.01157667,"(38.988915, -77.01157667)"
MCP1550003J,220033123,Montgomery County Police,Injury Crash,08/02/2022 07:00:00 AM,County,TALBOT AVE,BROOKVILLE RD,,N/A,PEDESTRIAN,OTHER,CLEAR,DRY,DAWN,NO CONTROLS,NONE DETECTED,NONE DETECTED,72F32F31-6169-454E-86C9-2614E6B47963,PEDESTRIAN,Standing,NO IMPROPER ACTIONS,OTHER,Yes,SUSPECTED MINOR INJURY,N/A,39.00538167,-77.049815,"(39.00538167, -77.049815)"
DD56210011,170508352,Rockville Police Departme,Injury Crash,05/17/2017 02:30:00 PM,Municipality,CHURCH ST,ROCKVILLE PIKE,,N/A,PEDESTRIAN,SINGLE VEHICLE,CLEAR,DRY,DAYLIGHT,TRAFFIC SIGNAL,UNKNOWN,NONE DETECTED,C9F2E02D-E815-4EA6-9F8F-478705A8F486,PEDESTRIAN,Cross/Enter at Intersection,UNKNOWN,AT INTERSECTION MARKED CROSSWALK,Unknown,SUSPECTED MINOR INJURY,NONE,39.08354633,-77.14731067,"(39.08354633, -77.14731067)"
MCP25120036,170538362,Montgomery County Police,Injury Crash,10/23/2017 04:59:00 PM,Maryland (State),DARNESTOWN RD,MUDDY BRANCH RD,,N/A,BICYCLIST,SAME DIRECTION RIGHT TURN,CLOUDY,DRY,DAYLIGHT,TRAFFIC SIGNAL,NONE DETECTED,NONE DETECTED,FFD48116-7BC5-4CFE-B321-4F59B74F07ED,BICYCLIST,Walking/Riding w/Traffic,NO IMPROPER ACTIONS,IN BIKEWAY,No,SUSPECTED MINOR INJURY,MC/BIKE HELMET,39.10260833,-77.22000333,"(39.10260833, -77.22000333)"
MCP2847000N,15004014,Montgomery County Police,Injury Crash,01/25/2015 08:53:00 AM,County,ATHERTON DR,RANDOLPH RD,,N/A,PEDESTRIAN,OTHER,CLEAR,DRY,DAYLIGHT,STOP SIGN,NONE DETECTED,NONE DETECTED,6CDFBA21-8C89-44A5-AC91-3FF904DC38E2,PEDESTRIAN,Cross/Enter at Intersection,NO IMPROPER ACTIONS,ON ROADWAY AT CROSSWALK,,POSSIBLE INJURY,N/A,39.05713167,-77.07692833,"(39.05713167, -77.07692833)"
MCP3328001R,230014499,Montgomery County Police,Injury Crash,03/25/2023 06:00:00 PM,Maryland (State),GEORGIA AVE,MASON ST,,N/A,PEDESTRIAN,OTHER,CLOUDY,WET,DAYLIGHT,NO CONTROLS,NONE DETECTED,NONE DETECTED,E998BBAD-142F-43D6-89EF-C301D80AAE7B,PEDESTRIAN,Cross/Enter at Intersection,DART DASH,ON ROADWAY AT CROSSWALK,No,SUSPECTED MINOR INJURY,NONE,39.055404,-77.050068,"(39.055404, -77.050068)"
MCP3205001K,200024689,Montgomery County Police,Injury Crash,06/24/2020 02:10:00 PM,Maryland (State),UNIVERSITY BLVD W,EASECREST DR,,N/A,PEDESTRIAN,SINGLE VEHICLE,N/A,DRY,DAYLIGHT,NO CONTROLS,NONE DETECTED,NONE DETECTED,C213DEB5-97FE-42E1-93AE-C3DDEBBDB6EF,PEDESTRIAN,Cross/Enter not at Intersection,IN ROADWAY IMPROPERLY,OUTSIDE RIGHT OF WAY,Yes,SUSPECTED MINOR INJURY,NONE,39.0379435,-77.04014217,"(39.0379435, -77.04014217)"
MCP2723004X,200007089,Montgomery County Police,Injury Crash,02/12/2020 12:10:00 PM,Maryland (State),OLNEY SANDY SPRING RD,GEORGIA AVE,,N/A,PEDESTRIAN,SINGLE VEHICLE,CLEAR,DRY,DAYLIGHT,TRAFFIC SIGNAL,NONE DETECTED,NONE DETECTED,91CE6B2E-A4DA-4E64-B4C8-7B4D64981853,PEDESTRIAN,Cross/Enter at Intersection,NO IMPROPER ACTIONS,AT INTERSECTION MARKED CROSSWALK,No,SUSPECTED MINOR INJURY,N/A,39.15296,-77.06694167,"(39.15296, -77.06694167)"
MCP2894005H,190006431,Montgomery County Police,Injury Crash,02/09/2019 02:07:00 PM,,,,"4816 BOILING BROOK PKWY, GOODWILL PARKING LOT",,PEDESTRIAN,SAME DIR REAR END,CLEAR,,DAYLIGHT,NO CONTROLS,,NONE DETECTED,3F4E54C9-5313-4899-ABEE-8239F5ADB399,PEDESTRIAN,Other,NO IMPROPER ACTIONS,OTHER,No,POSSIBLE INJURY,N/A,39.04524333,-77.11300833,"(39.04524333, -77.11300833)"
DD55830083,230020104,Rockville Police Departme,Injury Crash,04/27/2023 10:28:00 AM,Municipality,FALLSGROVE BLVD,ENT TO APARTMENTS,,N/A,PEDESTRIAN,SINGLE VEHICLE,CLEAR,DRY,DAYLIGHT,NO CONTROLS,NONE DETECTED,NONE DETECTED,089F698D-5C51-4608-955E-655C1C40B37D,PEDESTRIAN,Unknown,IN ROADWAY IMPROPERLY,SHOULDER,Yes,SUSPECTED SERIOUS INJURY,N/A,39.09667353,-77.19366236,"(39.09667353, -77.19366236)"
MCP3078002K,180061458,Montgomery County Police,Injury Crash,12/08/2018 09:35:00 PM,Maryland (State),GEORGIA AVE,CONNECTICUT AVE,,N/A,PEDESTRIAN,SINGLE VEHICLE,CLEAR,DRY,DARK LIGHTS ON,TRAFFIC SIGNAL,NONE DETECTED,NONE DETECTED,D6B33432-EC18-4174-B174-97DAD4F10B26,PEDESTRIAN,Cross/Enter at Intersection,NO IMPROPER ACTIONS,ON ROADWAY AT CROSSWALK,No,SUSPECTED MINOR INJURY,N/A,39.08388,-77.077535,"(39.08388, -77.077535)"
MCP2667007F,210030064,Montgomery County Police,Injury Crash,08/03/2021 09:03:00 AM,,,,METRO ACCESS PARKING LOT AT 8210 BEECHCRAFT AVE,,PEDESTRIAN,SINGLE VEHICLE,CLEAR,,DAYLIGHT,NO CONTROLS,UNKNOWN,NONE DETECTED,AD72FEBC-02DB-4667-B3AC-6C50F101E653,PEDESTRIAN,Standing,NO IMPROPER ACTIONS,OTHER,No,SUSPECTED MINOR INJURY,REFLECTIVE CLOTHING,39.1660161,-77.168074,"(39.1660161, -77.168074)"
MCP2877006X,190025791,Montgomery County Police,Injury Crash,05/30/2019 02:17:00 PM,County,BLAIR MILL RD,EASTERN DR,,N/A,PEDESTRIAN,OTHER,CLEAR,DRY,DAYLIGHT,NO CONTROLS,NONE DETECTED,NONE DETECTED,338F8E0C-9B5C-401F-A038-A1537DD0BF83,PEDESTRIAN,Cross/Enter not at Intersection,INATTENTIVE,ON ROADWAY NOT AT CROSSWALK,Yes,POSSIBLE INJURY,NONE,38.98972667,-77.030625,"(38.98972667, -77.030625)"
EJ7851003T,180059995,Gaithersburg Police Depar,Injury Crash,11/30/2018 07:30:00 AM,County,WARING STATION RD,FOREST BROOK RD,,N/A,PEDESTRIAN,N/A,CLEAR,DRY,DAWN,UNKNOWN,UNKNOWN,NONE DETECTED,E23A7912-F81F-4EAF-86E8-8ABA67C95F39,PEDESTRIAN,Unknown,NO IMPROPER ACTIONS,SIDEWALK,No,POSSIBLE INJURY,NONE,39.16903935,-77.24741924,"(39.16903935, -77.24741924)"
MCP23110011,15052461,MONTGOMERY,Injury Crash,10/15/2015 11:47:00 PM,County,SHADY GROVE RD,CRABBS BRANCH WAY,,N/A,PEDESTRIAN,SINGLE VEHICLE,CLEAR,DRY,DARK NO LIGHTS,TRAFFIC SIGNAL,N/A,NONE DETECTED,690794B1-B2B3-4A96-BAD9-F6B302AA8DB7,PEDESTRIAN,Cross/Enter at Intersection,FAILURE TO OBEY TRAFFIC SIGNS SIGNALS OR OFFICER,AT INTERSECTION MARKED CROSSWALK,No,SUSPECTED MINOR INJURY,NONE,39.12878333,-77.16697833,"(39.12878333, -77.16697833)"
MCP29420030,170530773,Montgomery County Police,Injury Crash,09/15/2017 03:20:00 PM,,,,3715 UNIVERSITY BLVD W PARKING LOT OF CVS,,BICYCLIST,OTHER,CLEAR,,N/A,NO CONTROLS,NONE DETECTED,NONE DETECTED,B0326D29-31D4-443D-A768-E1A3C95DA8AA,BICYCLIST,Walking/Riding w/Traffic,NO IMPROPER ACTIONS,OTHER,No,POSSIBLE INJURY,MC/BIKE HELMET,39.03354,-77.073625,"(39.03354, -77.073625)"
DD5652000C,220007964,Rockville Police Departme,Injury Crash,02/23/2022 03:26:00 PM,Municipality,N WASHINGTON ST,DAWSON AVE,,ROCKVILLE,PEDESTRIAN,OTHER,CLEAR,DRY,DAYLIGHT,TRAFFIC SIGNAL,NONE DETECTED,NONE DETECTED,395952AA-D774-40B9-937F-E6BBEBF663A8,PEDESTRIAN,Cross/Enter at Intersection,NO IMPROPER ACTIONS,ON ROADWAY AT CROSSWALK,No,SUSPECTED MINOR INJURY,NONE,39.08850983,-77.1536315,"(39.08850983, -77.1536315)"
MCP20940060,16009210,Montgomery County Police,Injury Crash,02/24/2016 09:37:00 AM,,,,"PARKING LOT OF

8215 OLD GEORGETOWN RD.",,PEDESTRIAN,OTHER,FOGGY,,DAYLIGHT,N/A,NONE DETECTED,NONE DETECTED,38ADE0AC-1BA3-4FDD-8749-0B1842924319,PEDESTRIAN,Walking to/from school,NO IMPROPER ACTIONS,OTHER,No,SUSPECTED MINOR INJURY,N/A,38.99301333,-77.10723,"(38.99301333, -77.10723)"
MCP2358007R,200031136,Montgomery County Police,Property Damage Crash,08/10/2020 07:00:00 PM,County,DORSET AVE,KENNEDY DR,,N/A,BICYCLIST,STRAIGHT MOVEMENT ANGLE,CLEAR,DRY,DUSK,STOP SIGN,UNKNOWN,NONE DETECTED,BE7CB23C-9646-41FC-AF01-8C5C49498019,BICYCLIST,Cross/Enter at Intersection,FAILURE TO OBEY TRAFFIC SIGNS SIGNALS OR OFFICER,ON ROADWAY AT CROSSWALK,Yes,NO APPARENT INJURY,UNKNOWN,38.96887993,-77.10293722,"(38.96887993, -77.10293722)"
MCP2878001F,15059542,MONTGOMERY,Property Damage Crash,11/21/2015 03:48:00 PM,,,,"Parking Lot 12001 Sylark Rd. Clarksburg, MD 
Ovid Hazen Wells Park",,PEDESTRIAN,SINGLE VEHICLE,CLEAR,,DAYLIGHT,NO CONTROLS,NONE DETECTED,N/A,19406F68-AEA2-45C8-91E6-17C1EEB38603,PEDESTRIAN,Walking/Cycling on Sidewalk,NO IMPROPER ACTIONS,SIDEWALK,No,NO APPARENT INJURY,N/A,39.23923667,-77.25051167,"(39.23923667, -77.25051167)"
MCP2607005G,210027670,Montgomery County Police,Injury Crash,07/17/2021 07:43:00 PM,County,GOSHEN RD,GIRARD ST,,GAITHERSBURG,PEDESTRIAN,N/A,RAINING,WET,DARK LIGHTS ON,NO CONTROLS,ALCOHOL PRESENT,N/A,AC2F1278-4A0A-4CE3-9552-70513B98F2C2,PEDESTRIAN,Standing,NO IMPROPER ACTIONS,OTHER,No,SUSPECTED SERIOUS INJURY,N/A,39.15185056,-77.1924815,"(39.15185056, -77.1924815)"
MCP3048009M,230016525,Montgomery County Police,Injury Crash,04/06/2023 08:50:00 PM,Maryland (State),MASSACHUSETTS AVE,DUVALL DR,,N/A,PEDESTRIAN,OTHER,RAINING,WET,DARK LIGHTS ON,NO CONTROLS,N/A,N/A,99D0CEAC-020F-4295-B8C6-11CFA91C0D38,PEDESTRIAN,Cross/Enter not at Intersection,FAILURE TO YIELD RIGHT OF WAY,ON ROADWAY NOT AT CROSSWALK,Yes,SUSPECTED MINOR INJURY,N/A,38.950496,-77.101668,"(38.950496, -77.101668)"
MCP3124000V,180035999,Montgomery County Police,Injury Crash,07/20/2018 05:20:00 PM,County,VEIRS MILL RD,MONTERREY DR,,N/A,BICYCLIST,STRAIGHT MOVEMENT ANGLE,CLEAR,DRY,DAYLIGHT,STOP SIGN,NONE DETECTED,NONE DETECTED,515E0214-56C8-48EB-BE31-220797183BF5,BICYCLIST,Cross/Enter at Intersection,FAILURE TO YIELD RIGHT OF WAY,OTHER,Yes,SUSPECTED MINOR INJURY,NONE,39.04418193,-77.06295356,"(39.04418193, -77.06295356)"
MCP3212002Z,210040886,Montgomery County Police,Injury Crash,10/12/2021 06:21:00 PM,County,FOREST GLEN RD,ADMIRALTY DR,,N/A,PEDESTRIAN,OTHER,RAINING,WET,DARK LIGHTS ON,OTHER,NONE DETECTED,NONE DETECTED,5ED8BEA2-A604-4A5F-B11E-4A5A520A8924,PEDESTRIAN,Unknown,UNKNOWN,ON ROADWAY AT CROSSWALK,No,SUSPECTED SERIOUS INJURY,NONE,39.01590772,-77.03767848,"(39.01590772, -77.03767848)"
MCP27080023,170514827,Montgomery County Police,Injury Crash,06/20/2017 08:57:00 PM,County,11TH AVE,RUATAN ST,,N/A,PEDESTRIAN,STRAIGHT MOVEMENT ANGLE,CLEAR,N/A,DARK LIGHTS ON,N/A,,NONE DETECTED,616959EE-1DCC-4EC3-B1BE-19995D8310B7,PEDESTRIAN,Standing,UNKNOWN,CURB,No,SUSPECTED MINOR INJURY,NONE,38.99696997,-76.99050307,"(38.99696997, -76.99050307)"
MCP2608001Q,16060615,Montgomery County Police,Injury Crash,11/25/2016 06:39:00 PM,US (State),GEORGIA AVE,KING ST,,N/A,PEDESTRIAN,STRAIGHT MOVEMENT ANGLE,CLEAR,DRY,DARK LIGHTS ON,NO CONTROLS,NONE DETECTED,NONE DETECTED,42B0165A-75A6-4C51-BD24-105086CC16F1,PEDESTRIAN,Cross/Enter not at Intersection,NO IMPROPER ACTIONS,ON ROADWAY NOT AT CROSSWALK,Yes,POSSIBLE INJURY,N/A,38.98569167,-77.02673833,"(38.98569167, -77.02673833)"
MCP1210003W,190040257,Montgomery County Police,Injury Crash,08/22/2019 08:07:00 PM,Maryland (State),MIDCOUNTY HWY,SPUR TO SAYBROOKE OAKS BLVD,,N/A,OTHER,OTHER,RAINING,WET,N/A,NO CONTROLS,"NONE DETECTED, UNKNOWN",NONE DETECTED,2E923A84-7CED-4A47-8D9A-AECE0F6D3291,OTHER,Other,NO IMPROPER ACTIONS,OTHER,No,SUSPECTED SERIOUS INJURY,MC/BIKE HELMET,39.15198,-77.17649,"(39.15198, -77.17649)"
MCP20550038,220006376,Montgomery County Police,Injury Crash,02/11/2022 11:00:00 AM,Municipality,ROCKBORN ST,STONEMASON DR,,GAITHERSBURG,PEDESTRIAN,OTHER,CLEAR,DRY,DAYLIGHT,STOP SIGN,UNKNOWN,N/A,02E137A7-F7C5-4956-BFAF-4373986879B8,PEDESTRIAN,Walking/Riding against Traffic,NO IMPROPER ACTIONS,SHOULDER,No,POSSIBLE INJURY,N/A,39.1142601,-77.2288545,"(39.1142601, -77.2288545)"
DM83520007,190037598,Takoma Park Police Depart,Injury Crash,08/07/2019 07:20:00 AM,Maryland (State),PHILADELPHIA AVE,HOLLY AVE,,TAKOMA PARK,PEDESTRIAN,SINGLE VEHICLE,CLEAR,DRY,DAYLIGHT,STOP SIGN,N/A,N/A,93A2323A-36B9-45F4-B025-68BB41EE5222,PEDESTRIAN,Cross/Enter at Intersection,NO IMPROPER ACTIONS,AT INTERSECTION MARKED CROSSWALK,No,SUSPECTED MINOR INJURY,N/A,38.98217217,-77.0137995,"(38.98217217, -77.0137995)"
MCP2094007Y,17009536,Montgomery County Police,Injury Crash,02/22/2017 12:44:00 PM,,,,"PARKING LOT OF
2015 EAST WEST HWY",,PEDESTRIAN,OTHER,CLEAR,,DAYLIGHT,N/A,NONE DETECTED,NONE DETECTED,4138826F-3B96-441F-A3E4-65EF5DA2A065,PEDESTRIAN,Standing,NO IMPROPER ACTIONS,OTHER,No,SUSPECTED SERIOUS INJURY,N/A,38.99501333,-77.04428,"(38.99501333, -77.04428)"
MCP3364000J,230024764,Montgomery County Police,Property Damage Crash,05/23/2023 05:07:00 PM,Maryland (State),OLNEY SANDY SPRING RD,OLD BALTIMORE RD,,N/A,BICYCLIST,SAME DIR REAR END,CLEAR,DRY,DAYLIGHT,TRAFFIC SIGNAL,N/A,N/A,90FB970D-2265-466D-B97F-611ABF660205,BICYCLIST,Cross/Enter at Intersection,FAILURE TO YIELD RIGHT OF WAY,ON ROADWAY AT CROSSWALK,Yes,NO APPARENT INJURY,MC/BIKE HELMET,39.14673367,-77.05070783,"(39.14673367, -77.05070783)"
DM8493001C,230006873,Takoma Park Police Depart,Injury Crash,02/10/2023 05:12:00 PM,Maryland (State),CARROLL AVE,S MANOR CIR,,TAKOMA PARK,PEDESTRIAN,OTHER,CLEAR,DRY,DAYLIGHT,NO CONTROLS,N/A,N/A,D0AD7032-224A-435B-995F-BC026872145A,PEDESTRIAN,Cross/Enter not at Intersection,DART DASH,ON ROADWAY NOT AT CROSSWALK,Yes,SUSPECTED MINOR INJURY,N/A,38.97856121,-77.00566701,"(38.97856121, -77.00566701)"
MCP3078004K,220001415,Montgomery County Police,Injury Crash,01/12/2022 03:29:00 PM,,,,13464 NEW HAMPSHIRE AVENUE,,PEDESTRIAN,OTHER,N/A,,DAYLIGHT,NO CONTROLS,NONE DETECTED,NONE DETECTED,6728B5EC-E97A-462E-A4FE-BFB663C63619,PEDESTRIAN,Getting off/on Vehicle,INATTENTIVE,OTHER,Yes,POSSIBLE INJURY,NONE,39.077005,-77.00261333,"(39.077005, -77.00261333)"
MCP2311005K,190003896,Montgomery County Police,Injury Crash,01/25/2019 07:19:00 AM,Maryland (State),WOODFIELD RD,FLOWER HILL WAY,,N/A,BICYCLIST,SINGLE VEHICLE,CLEAR,DRY,DAYLIGHT,TRAFFIC SIGNAL,N/A,N/A,9196D3F7-D136-41E0-BE8C-71DB38F044B6,BICYCLIST,Cross/Enter not at Intersection,NO IMPROPER ACTIONS,ON ROADWAY AT CROSSWALK,No,POSSIBLE INJURY,NONE,39.156245,-77.165485,"(39.156245, -77.165485)"
MCP2753001L,16054173,Montgomery County Police,Injury Crash,10/21/2016 07:53:00 AM,,,,"SIDEWALK OF PARKING LOT IN FRONT OF A 7-11 AT
14101 GEORGIA AVENUE
SILVER SPRING MD",,PEDESTRIAN,OTHER,N/A,,DAYLIGHT,NO CONTROLS,NONE DETECTED,NONE DETECTED,62AFE7E4-1FFE-4026-9CA2-B060E59EEB98,PEDESTRIAN,Walking/Riding against Traffic,NO IMPROPER ACTIONS,SIDEWALK,No,SUSPECTED MINOR INJURY,N/A,39.08475167,-77.07807333,"(39.08475167, -77.07807333)"
MCP1301001S,220014595,Montgomery County Police,Fatal Crash,04/06/2022 08:22:00 AM,County,GROSVENOR LA,KING CHARLES WAY,,N/A,PEDESTRIAN,SINGLE VEHICLE,RAINING,WET,DAYLIGHT,NO CONTROLS,N/A,N/A,5D02CF50-8E29-4EE3-A720-0623B5C96ECD,PEDESTRIAN,Standing,NO IMPROPER ACTIONS,OTHER,No,POSSIBLE INJURY,N/A,39.02236167,-77.10515,"(39.02236167, -77.10515)"
MCP2615003R,200034623,Montgomery County Police,Injury Crash,09/04/2020 11:05:00 AM,,,,"DASH IN (PARKING LOT)
11150 NEW HAMPSHIRE AVE 
SILVER SPRING, MD 20904",,PEDESTRIAN,OTHER,CLEAR,,DAYLIGHT,NO CONTROLS,NONE DETECTED,NONE DETECTED,9B955731-9C0E-4CB5-9E2A-B455BE3A8BC3,PEDESTRIAN,Other,NO IMPROPER ACTIONS,OTHER,No,POSSIBLE INJURY,N/A,39.03922465,-76.99075028,"(39.03922465, -76.99075028)"
MCP2717004R,16005393,Montgomery County Police,Injury Crash,02/02/2016 08:10:00 AM,County,MACARTHUR BLVD,SANGAMORE RD,,N/A,BICYCLIST,HEAD ON LEFT TURN,CLEAR,ICE,DAYLIGHT,TRAFFIC SIGNAL,NONE DETECTED,NONE DETECTED,092FE4EB-0146-47BB-9051-3578C2CD0D54,BICYCLIST,Cross/Enter at Intersection,NO IMPROPER ACTIONS,ON ROADWAY AT CROSSWALK,No,SUSPECTED MINOR INJURY,MC/BIKE HELMET,38.94427833,-77.11713,"(38.94427833, -77.11713)"
MCP1389001Y,180048523,Montgomery County Police,Injury Crash,09/28/2018 04:30:00 PM,County,CONTOUR RD,LOST KNIFE RD,,N/A,PEDESTRIAN,SINGLE VEHICLE,CLEAR,DRY,DAYLIGHT,STOP SIGN,NONE DETECTED,NONE DETECTED,BEEB8FB5-91C2-4E27-9584-300C1E04D204,PEDESTRIAN,Cross/Enter at Intersection,NO IMPROPER ACTIONS,AT INTERSECTION MARKED CROSSWALK,No,POSSIBLE INJURY,N/A,39.15522,-77.20131167,"(39.15522, -77.20131167)"
MCP2971000L,15036565,MONTGOMERY,Injury Crash,07/24/2015 04:12:00 PM,US (State),GEORGIA AVE,THAYER AVE,,N/A,PEDESTRIAN,SINGLE VEHICLE,CLEAR,DRY,DAYLIGHT,TRAFFIC SIGNAL,NONE DETECTED,NONE DETECTED,0D47DC3B-BC44-4DF1-80EB-2DB7BA049F33,PEDESTRIAN,Cross/Enter at Intersection,NO IMPROPER ACTIONS,ON ROADWAY AT CROSSWALK,No,POSSIBLE INJURY,NONE,38.992955,-77.02671289,"(38.992955, -77.02671289)"
MCP9386008C,210014691,Montgomery County Police,Property Damage Crash,04/20/2021 10:15:00 AM,County,BOILING BROOK PKWY,HUNTERS LA,,N/A,BICYCLIST,SAME DIRECTION SIDESWIPE,CLEAR,DRY,DAYLIGHT,NO CONTROLS,NONE DETECTED,NONE DETECTED,77E13935-1334-4793-ADB8-11D0DD6D63EC,BICYCLIST,Walking/Riding w/Traffic,NO IMPROPER ACTIONS,N/A,No,NO APPARENT INJURY,MC/BIKE HELMET,39.04812417,-77.09875133,"(39.04812417, -77.09875133)"
MCP2940004W,200028003,Montgomery County Police,Injury Crash,07/19/2020 10:50:00 AM,County,MACARTHUR BLVD,STABLE LA,,N/A,BICYCLIST,OTHER,CLEAR,DRY,DAYLIGHT,NO CONTROLS,NONE DETECTED,NONE DETECTED,B53B9F21-B4F7-447B-9945-04AB34CDF468,BICYCLIST,Walking/Riding w/Traffic,NO IMPROPER ACTIONS,ON ROADWAY NOT AT CROSSWALK,No,POSSIBLE INJURY,MC/BIKE HELMET,38.9821385,-77.22582,"(38.9821385, -77.22582)"
DM8336000R,16019660,Takoma Park Police Depart,Injury Crash,04/21/2016 04:55:00 PM,Municipality,HOLTON LA,JACKSON AVE,,TAKOMA PARK,PEDESTRIAN,OTHER,CLEAR,DRY,DAYLIGHT,N/A,NONE DETECTED,NONE DETECTED,4C64B792-A274-4F2E-870F-3BF817485E18,PEDESTRIAN,Standing,INATTENTIVE,N/A,Unknown,SUSPECTED MINOR INJURY,N/A,38.98579377,-76.99170068,"(38.98579377, -76.99170068)"
MCP2879000R,15029216,Montgomery County Police,Injury Crash,06/13/2015 12:00:00 PM,County,RIFFLE FORD RD,RIFFLE FORD CT,,N/A,BICYCLIST,OTHER,N/A,UNKNOWN,DAYLIGHT,STOP SIGN,UNKNOWN,UNKNOWN,2122ED64-BC3F-417C-A534-B1DAE4C55068,BICYCLIST,Unknown,NO IMPROPER ACTIONS,ON ROADWAY NOT AT CROSSWALK,,SUSPECTED MINOR INJURY,MC/BIKE HELMET,39.12073008,-77.26696372,"(39.12073008, -77.26696372)"
MCP1366004S,16036294,Montgomery County Police,Injury Crash,07/18/2016 07:02:00 AM,County,SHADY GROVE RD,GUDELSKY WAY,,N/A,BICYCLIST,SINGLE VEHICLE,CLEAR,DRY,DAYLIGHT,NO CONTROLS,NONE DETECTED,NONE DETECTED,9D961B7B-A7CC-49A7-B8DF-4381E0BDC124,BICYCLIST,Walking/Riding w/Traffic,NO IMPROPER ACTIONS,SHOULDER,No,SUSPECTED SERIOUS INJURY,MC/BIKE HELMET,39.09094833,-77.19852667,"(39.09094833, -77.19852667)"
MCP2351002Y,190021686,Montgomery County Police,Injury Crash,05/08/2019 10:31:00 AM,County,ESWORTHY RD,QUERY MILL RD,,N/A,BICYCLIST,OTHER,CLOUDY,DRY,DAYLIGHT,NO CONTROLS,NONE DETECTED,UNKNOWN,7B365C03-C613-4233-86F7-49C4B45D43F9,BICYCLIST,Walking/Riding w/Traffic,UNKNOWN,UNKNOWN,Unknown,SUSPECTED SERIOUS INJURY,MC/BIKE HELMET,39.07374667,-77.28665333,"(39.07374667, -77.28665333)"
HA2433000D,17001328,Maryland-National Capital,Injury Crash,10/03/2017 05:14:00 PM,Government,SLIGO CREEK PKWY,COLESVILLE RD,,N/A,BICYCLIST,HEAD ON,N/A,N/A,DAYLIGHT,NO CONTROLS,N/A,N/A,8D159699-75D2-4CC3-B07F-7630D1D0B82D,BICYCLIST,Walking/Riding w/Traffic,NO IMPROPER ACTIONS,ON ROADWAY NOT AT CROSSWALK,No,SUSPECTED MINOR INJURY,MC/BIKE HELMET,39.00740449,-77.01970696,"(39.00740449, -77.01970696)"
DD5527004B,220046130,Rockville Police Departme,Injury Crash,10/20/2022 07:27:00 PM,Municipality,GAITHER RD,RIDGEMONT AVE,,ROCKVILLE,PEDESTRIAN,OTHER,CLEAR,DRY,DARK LIGHTS ON,NO CONTROLS,NONE DETECTED,ALCOHOL PRESENT,EC1EB1EB-A1F5-4478-908A-787FA4BBFEA5,PEDESTRIAN,Cross/Enter at Intersection,FAILURE TO YIELD RIGHT OF WAY,AT INTERSECTION BUT NO CROSSWALK,Yes,SUSPECTED MINOR INJURY,NONE,39.11313684,-77.17599815,"(39.11313684, -77.17599815)"