Report Number,Local Case Number,Agency Name,ACRS Report Type,Crash Date/Time,Route Type,Road Name,Cross-Street Name,Off-Road Description,Municipality,Related Non-Motorist,Collision Type,Weather,Surface Condition,Light,Traffic Control,Driver Substance Abuse,Non-Motorist Substance Abuse,Person ID,Pedestrian Type,Pedestrian Movement,Pedestrian Actions,Pedestrian Location,At Fault,Injury Severity,Safety Equipment,Latitude,Longitude,Location
MCP2752005R,230052025,Montgomery County Police,Injury Crash,08/29/2023 03:30:00 PM,County,FALLS BRIDGE LA,HALL RD,,N/A,PEDESTRIAN,SINGLE VEHICLE,CLOUDY,DRY,DAYLIGHT,NO CONTROLS,NONE DETECTED,N/A,B7D9105A-43C8-44BF-8F3F-A5EBF982F27E,PEDESTRIAN,Walking/Riding w/Traffic,NO IMPROPER ACTIONS,OUTSIDE RIGHT OF WAY,No,POSSIBLE INJURY,NONE,38.99188667,-77.0979,"(38.99188667, -77.0979)"
DM83360021,180057890,Takoma Park Police Depart,Injury Crash,11/18/2018 06:22:00 PM,Maryland (State),CARROLL AVE,FLOWER AVE,,N/A,PEDESTRIAN,OTHER,CLOUDY,DRY,DARK LIGHTS ON,TRAFFIC SIGNAL,N/A,N/A,60F5E416-85D4-4B11-8B48-5821C492F648,PEDESTRIAN,Cross/Enter at Intersection,NO IMPROPER ACTIONS,ON ROADWAY AT CROSSWALK,No,POSSIBLE INJURY,N/A,38.98479211,-76.99848412,"(38.98479211, -76.99848412)"
MCP2622003M,220055900,Montgomery County Police,Injury Crash,12/17/2022 11:26:00 AM,Maryland (State),NEW HAMPSHIRE AVE,OAKVIEW DR,,N/A,PEDESTRIAN,OTHER,N/A,DRY,DAYLIGHT,TRAFFIC SIGNAL,NONE DETECTED,NONE DETECTED,94D1BC71-BA24-4380-9985-B42B2241DB80,PEDESTRIAN,Cross/Enter not at Intersection,INATTENTIVE,AT INTERSECTION MARKED CROSSWALK,Unknown,POSSIBLE INJURY,NONE,39.01543258,-76.97770007,"(39.01543258, -76.97770007)"
MCP31920008,190043756,Montgomery County Police,Injury Crash,09/12/2019 07:22:00 PM,,,,11277 NEW HAMPSHIRE AVE.AT THE BACK PARKING LOT,,PEDESTRIAN,OTHER,CLEAR,,DARK LIGHTS ON,NO CONTROLS,NONE DETECTED,NONE DETECTED,3D9EF021-ECA0-4347-924F-83AFE4D1A5C9,PEDESTRIAN,Cross/Enter not at Intersection,IN ROADWAY IMPROPERLY,OTHER,Unknown,SUSPECTED MINOR INJURY,NONE,39.04081011,-76.99101255,"(39.04081011, -76.99101255)"
MCP28460094,230064972,Montgomery County Police,Injury Crash,11/07/2023 06:10:00 PM,Maryland (State),UNIVERSITY BLVD W,REEDIE DR,,N/A,PEDESTRIAN,SINGLE VEHICLE,CLEAR,DRY,DARK NO LIGHTS,TRAFFIC SIGNAL,NONE DETECTED,NONE DETECTED,879F5EBA-AB62-4720-9920-925A1BA9B30B,PEDESTRIAN,Cross/Enter at Intersection,NO IMPROPER ACTIONS,ON ROADWAY AT CROSSWALK,No,SUSPECTED SERIOUS INJURY,NONE,39.03956833,-77.04312,"(39.03956833, -77.04312)"
MCP271700VW,210035169,Montgomery County Police,Injury Crash,09/07/2021 06:45:00 PM,County,FEATHERWOOD ST,OLD COLUMBIA PIKE,,N/A,PEDESTRIAN,OTHER,CLEAR,DRY,DAYLIGHT,NO CONTROLS,NONE DETECTED,NONE DETECTED,3A4A27C5-EE1E-47D3-985E-8A862F578BDC,PEDESTRIAN,Cross/Enter not at Intersection,DART DASH,ON ROADWAY NOT AT CROSSWALK,Yes,SUSPECTED MINOR INJURY,NONE,39.05852167,-76.972864,"(39.05852167, -76.972864)"
DM83880036,190049396,Takoma Park Police Depart,Injury Crash,10/15/2019 08:30:00 AM,Municipality,MAPLE AVE,SLIGO CREEK PKWY,,N/A,BICYCLIST,STRAIGHT MOVEMENT ANGLE,CLEAR,DRY,DAYLIGHT,STOP SIGN,NONE DETECTED,NONE DETECTED,421F4BA9-8CB0-4AAE-83D2-BB6414FA581E,BICYCLIST,Walking/Riding w/Traffic,FAILURE TO OBEY TRAFFIC SIGNS SIGNALS OR OFFICER,ON ROADWAY NOT AT CROSSWALK,Yes,POSSIBLE INJURY,MC/BIKE HELMET,38.98772,-77.00354,"(38.98772, -77.00354)"
MCP2134000Y,17008899,Montgomery County Police,Injury Crash,02/18/2017 04:35:00 PM,,,,PARKING LOT OF 8208 ROANOKE AVE,,PEDESTRIAN,OTHER,CLEAR,,DAYLIGHT,N/A,N/A,N/A,5393FDD0-75B2-46DD-A153-1577C1E8015B,PEDESTRIAN,Playing,UNKNOWN,OTHER,Unknown,SUSPECTED SERIOUS INJURY,NONE,38.99135186,-77.00431913,"(38.99135186, -77.00431913)"
DM8504001G,230063844,Takoma Park Police Depart,Injury Crash,11/01/2023 07:02:00 PM,Maryland (State),NEW HAMPSHIRE AVE,KENTLAND AVE,,TAKOMA PARK,PEDESTRIAN,SINGLE VEHICLE,CLEAR,DRY,DARK LIGHTS ON,NO CONTROLS,N/A,N/A,78ACA767-31A6-4940-A836-AF458E3037A4,PEDESTRIAN,Cross/Enter at Intersection,NO IMPROPER ACTIONS,ON ROADWAY AT CROSSWALK,No,SUSPECTED MINOR INJURY,NONE,38.97686288,-76.9923875,"(38.97686288, -76.9923875)"
MCP3353001G,230048526,Montgomery County Police,Injury Crash,08/09/2023 10:01:00 AM,County,LLOYDMINSTER DR,FALCONBRIDGE TERR,,N/A,PEDESTRIAN,SINGLE VEHICLE,N/A,N/A,DAYLIGHT,STOP SIGN,N/A,N/A,5524CD55-82ED-4443-9B75-DC956FFA5E8D,PEDESTRIAN,Walking/Riding against Traffic,NO IMPROPER ACTIONS,ON ROADWAY AT CROSSWALK,No,SUSPECTED MINOR INJURY,N/A,39.10661233,-77.26357183,"(39.10661233, -77.26357183)"
MCP137800BL,16039644,Montgomery County Police,Injury Crash,08/05/2016 01:12:00 PM,Ramp,RAMP 6 FR MD 117 EB TO IS 270 SB,W DIAMOND AVE,,N/A,BICYCLIST,STRAIGHT MOVEMENT ANGLE,CLOUDY,DRY,DAYLIGHT,NO CONTROLS,NONE DETECTED,NONE DETECTED,44DCEDE5-EBA1-4D3B-B023-870AB4E2F811,BICYCLIST,Cross/Enter at Intersection,OTHER,ON ROADWAY AT CROSSWALK,Yes,POSSIBLE INJURY,NONE,39.14056456,-77.21473575,"(39.14056456, -77.21473575)"
MCP26760038,180026601,Montgomery County Police,Injury Crash,05/30/2018 04:51:00 PM,,,,PARKING LOT OF 8190 BEECHCRAFT AVE,,PEDESTRIAN,OTHER,CLEAR,,DAYLIGHT,N/A,,N/A,91474766-AFBB-4EE2-97A0-6E17ADBD34DA,PEDESTRIAN,Other Working,NO IMPROPER ACTIONS,OTHER,No,SUSPECTED MINOR INJURY,N/A,39.16579,-77.16695333,"(39.16579, -77.16695333)"
MCP2717008M,16061097,Montgomery County Police,Injury Crash,11/28/2016 05:54:00 AM,County,FRIENDSHIP BLVD,WASHINGTON DC/LINE,,N/A,PEDESTRIAN,OTHER,CLEAR,DRY,DARK LIGHTS ON,NO CONTROLS,NONE DETECTED,NONE DETECTED,8683FAA7-B569-4104-B2E0-9D9DB10B5AD7,PEDESTRIAN,Cross/Enter at Intersection,NO IMPROPER ACTIONS,ON ROADWAY AT CROSSWALK,No,SUSPECTED MINOR INJURY,NONE,38.98394833,-77.09252333,"(38.98394833, -77.09252333)"
MCP2969006N,190033094,Montgomery County Police,Injury Crash,07/12/2019 10:15:00 AM,,,,4007 E NORBECK ROAD - PARKING LOT,,PEDESTRIAN,SINGLE VEHICLE,CLEAR,,DAYLIGHT,NO CONTROLS,NONE DETECTED,NONE DETECTED,35C76078-88B5-4ADE-999C-639144D5CFE2,PEDESTRIAN,Other,NO IMPROPER ACTIONS,INSIDE BUILDING,No,POSSIBLE INJURY,OTHER,39.10971,-77.07680667,"(39.10971, -77.07680667)"
MCP2813007X,190061992,Montgomery County Police,Injury Crash,12/24/2019 05:58:00 PM,,,,PAKRING LOT OF 11160 VEIRS MILL RD,,PEDESTRIAN,SINGLE VEHICLE,CLEAR,,DARK LIGHTS ON,NO CONTROLS,N/A,N/A,7D7BB816-E8DF-499B-82AF-221E5F792858,PEDESTRIAN,Cross/Enter at Intersection,NO IMPROPER ACTIONS,SHOULDER,No,POSSIBLE INJURY,REFLECTIVE CLOTHING,39.03741667,-77.05503833,"(39.03741667, -77.05503833)"
MCP2761002R,210021311,Montgomery County Police,Injury Crash,06/05/2021 02:00:00 AM,,,,PARKING LOT IN FRONT OF 19041 STEDWICK DRIVE,,PEDESTRIAN,STRAIGHT MOVEMENT ANGLE,CLEAR,,DARK LIGHTS ON,NO CONTROLS,N/A,NONE DETECTED,B77D4543-FDEA-4A26-980D-D8BF00030EBE,PEDESTRIAN,Other,NO IMPROPER ACTIONS,ON ROADWAY NOT AT CROSSWALK,No,POSSIBLE INJURY,N/A,39.16933281,-77.2117296,"(39.16933281, -77.2117296)"
MCP2967000G,15030920,Montgomery County Police,Injury Crash,06/24/2015 10:57:00 PM,County,MARINELLI RD,ROCKVILLE PIKE,,N/A,PEDESTRIAN,SAME DIRECTION SIDESWIPE,CLEAR,DRY,DARK LIGHTS ON,TRAFFIC SIGNAL,UNKNOWN,NONE DETECTED,D059832F-7F86-4259-AA88-6C47404710B1,PEDESTRIAN,Cross/Enter not at Intersection,FAILURE TO YIELD RIGHT OF WAY,ON ROADWAY NOT AT CROSSWALK,,SUSPECTED SERIOUS INJURY,NONE,39.04727745,-77.11285472,"(39.04727745, -77.11285472)"
MCP2439000D,14064779,Montgomery County Police,Injury Crash,01/01/2015 06:00:00 PM,County,CONTOUR RD,HORIZON RUN RD,,N/A,PEDESTRIAN,N/A,CLEAR,DRY,DARK NO LIGHTS,NO CONTROLS,N/A,N/A,9E175636-4D5C-4C5D-A2E8-B03CD962B532,PEDESTRIAN,N/A,INATTENTIVE,ON ROADWAY AT CROSSWALK,,POSSIBLE INJURY,N/A,39.1552397,-77.197752,"(39.1552397, -77.197752)"
MCP26120010,15041312,Montgomery County Police,Injury Crash,08/18/2015 03:20:00 PM,,SOUTH LEISURE WORLD BLVD,DEERHURST LA,,N/A,PEDESTRIAN,SAME DIR REAR END,CLEAR,DRY,DAYLIGHT,NO CONTROLS,NONE DETECTED,NONE DETECTED,DEAE2202-E6C2-477C-8CA4-ED2F28E8443E,PEDESTRIAN,Other Working,NO IMPROPER ACTIONS,ON ROADWAY NOT AT CROSSWALK,No,POSSIBLE INJURY,OTHER,39.09637,-77.06582,"(39.09637, -77.06582)"
MCP28970027,210045112,Montgomery County Police,Injury Crash,11/07/2021 03:40:00 PM,County,FOREST BROOK RD,WARING STATION RD,,N/A,PEDESTRIAN,SINGLE VEHICLE,CLEAR,DRY,N/A,NO CONTROLS,N/A,NONE DETECTED,1E7C7B8D-B930-4E7B-A877-32903B9C045B,PEDESTRIAN,Standing,DART DASH,ON ROADWAY NOT AT CROSSWALK,Yes,SUSPECTED MINOR INJURY,N/A,39.16538064,-77.25195586,"(39.16538064, -77.25195586)"
MCP13780088,15053037,MONTGOMERY,Injury Crash,10/19/2015 02:58:00 PM,County,MONTGOMERY VILLAGE AVE,CLUB HOUSE RD,,N/A,PEDESTRIAN,SINGLE VEHICLE,CLEAR,DRY,DAYLIGHT,TRAFFIC SIGNAL,NONE DETECTED,NONE DETECTED,F2E845F5-2146-45F6-BC67-A49D091649B0,PEDESTRIAN,Cross/Enter at Intersection,NO IMPROPER ACTIONS,ON ROADWAY AT CROSSWALK,No,POSSIBLE INJURY,N/A,39.17440667,-77.20350833,"(39.17440667, -77.20350833)"
MCP1366008T,190008300,Montgomery County Police,Injury Crash,02/21/2019 12:16:00 PM,,,,"WASTE TRANSFER STATION PARKING LOT
16101 FREDERICK RD
ROCKVILLE, MD 20855",,PEDESTRIAN,OTHER,CLEAR,,DAYLIGHT,N/A,NONE DETECTED,NONE DETECTED,5EFF8CA1-F1E3-493D-A8ED-EF79307EE345,PEDESTRIAN,Standing,NO IMPROPER ACTIONS,OTHER,No,SUSPECTED MINOR INJURY,N/A,39.121395,-77.17047333,"(39.121395, -77.17047333)"
MCP3079004S,220051498,Montgomery County Police,Injury Crash,11/21/2022 03:05:00 PM,County,CENTURY BLVD,AIRCRAFT DR,,N/A,PEDESTRIAN,N/A,CLEAR,DRY,DARK LIGHTS ON,NO CONTROLS,NONE DETECTED,NONE DETECTED,AEFDCD46-9384-44B4-922E-D82D29722B29,PEDESTRIAN,Cross/Enter at Intersection,NO IMPROPER ACTIONS,ON ROADWAY AT CROSSWALK,No,SUSPECTED SERIOUS INJURY,N/A,39.18443488,-77.26033758,"(39.18443488, -77.26033758)"
MCP3059006L,210032333,Montgomery County Police,Injury Crash,08/19/2021 04:53:00 PM,Other Public Roadway,MAGNOLIA DR,FREDERICK RD,,N/A,PEDESTRIAN,OTHER,CLEAR,DRY,DAYLIGHT,STOP SIGN,NONE DETECTED,NONE DETECTED,26C87CFD-6E9B-46CC-9633-4B3406403F77,PEDESTRIAN,Cross/Enter at Intersection,NO IMPROPER ACTIONS,ON ROADWAY AT CROSSWALK,No,SUSPECTED MINOR INJURY,NONE,39.17726833,-77.23838833,"(39.17726833, -77.23838833)"
MCP2877008D,200027890,Montgomery County Police,Injury Crash,07/18/2020 11:11:00 AM,Municipality,PRINCETON AVE,MACARTHUR BLVD,,N/A,BICYCLIST,OTHER,CLEAR,DRY,DAYLIGHT,STOP SIGN,NONE DETECTED,NONE DETECTED,9ED5D003-AED8-45A9-856A-A1CC854EF3B1,BICYCLIST,Cross/Enter at Intersection,NO IMPROPER ACTIONS,SIDEWALK,No,POSSIBLE INJURY,MC/BIKE HELMET,38.96927855,-77.14065418,"(38.96927855, -77.14065418)"
MCP219800CX,230010609,Montgomery County Police,Injury Crash,03/03/2023 06:30:00 PM,,ELLINGTON BLVD.,CROWN PARK AVE.,,N/A,PEDESTRIAN,SINGLE VEHICLE,RAINING,WET,DARK LIGHTS ON,STOP SIGN,N/A,N/A,47366BDC-1F7F-4551-9D2F-728C94E93D07,PEDESTRIAN,Cross/Enter at Intersection,N/A,ON ROADWAY AT CROSSWALK,No,POSSIBLE INJURY,NONE,39.11439167,-77.20553,"(39.11439167, -77.20553)"
MCP2612002L,170550218,Montgomery County Police,Injury Crash,12/22/2017 06:10:00 PM,County,CONNECTICUT AVE,GRAND PRE RD,,N/A,PEDESTRIAN,SINGLE VEHICLE,RAINING,WET,DARK LIGHTS ON,NO CONTROLS,NONE DETECTED,NONE DETECTED,36392CD9-257E-48A1-947C-8E99E4C2ABBA,PEDESTRIAN,Walking/Riding against Traffic,NO IMPROPER ACTIONS,ON ROADWAY AT CROSSWALK,No,SUSPECTED MINOR INJURY,NONE,39.08701333,-77.07411667,"(39.08701333, -77.07411667)"
DM8388002P,180062956,Takoma Park Police Depart,Injury Crash,12/17/2018 01:37:00 PM,,,,PARKING LOT 1100 UNIVERSITY BLVD,,PEDESTRIAN,N/A,CLEAR,,DAYLIGHT,NO CONTROLS,NONE DETECTED,NONE DETECTED,BF1CB116-39F2-4829-BA8B-7C69246CBD4D,PEDESTRIAN,Cross/Enter not at Intersection,NO IMPROPER ACTIONS,OTHER,No,SUSPECTED MINOR INJURY,N/A,39.07586847,-77.11114121,"(39.07586847, -77.11114121)"
MCP29730025,16049321,Montgomery County Police,Injury Crash,09/25/2016 12:27:00 PM,County,FALCON ST,CALDWELL ST,,N/A,PEDESTRIAN,N/A,CLEAR,DRY,DAYLIGHT,NO CONTROLS,NONE DETECTED,N/A,7297DF94-800E-4964-AD31-B7E6CC4E80CD,PEDESTRIAN,Playing,DART DASH,ON ROADWAY NOT AT CROSSWALK,Yes,POSSIBLE INJURY,NONE,39.06687021,-77.09160894,"(39.06687021, -77.09160894)"
MCP29770090,220027756,Montgomery County Police,Injury Crash,06/28/2022 08:37:00 AM,County,TIMBERWOOD AVE,COLESVILLE RD,,N/A,PEDESTRIAN,OTHER,CLEAR,DRY,DAYLIGHT,NO CONTROLS,UNKNOWN,NONE DETECTED,2D2A3239-FDF5-4974-8570-5B335230016F,PEDESTRIAN,Getting off/on Vehicle,IN ROADWAY IMPROPERLY,ON ROADWAY NOT AT CROSSWALK,Yes,POSSIBLE INJURY,NONE,39.02165167,-77.01238833,"(39.02165167, -77.01238833)"
MCP3063004D,230054826,Montgomery County Police,Injury Crash,09/14/2023 12:24:00 PM,County,THAYER AVE,FENTON ST,,N/A,OTHER CONVEYANCE,N/A,CLEAR,DRY,DAYLIGHT,NO CONTROLS,NONE DETECTED,NONE DETECTED,9D9361A5-1623-4C11-A2BF-F301DE04DF7D,OTHER CONVEYANCE,Cross/Enter not at Intersection,DART DASH,ON ROADWAY NOT AT CROSSWALK,Yes,POSSIBLE INJURY,NONE,38.99306008,-77.02333319,"(38.99306008, -77.02333319)"
MCP3123005V,230032844,Montgomery County Police,Injury Crash,07/10/2023 02:59:00 PM,Maryland (State),METRO ACCESS RD,RAMP 7 FR MD 200 WB TO MD 200A SB (BACK),,N/A,BICYCLIST,STRAIGHT MOVEMENT ANGLE,CLEAR,DRY,DAYLIGHT,TRAFFIC SIGNAL,N/A,N/A,DD002BC1-C9AD-4994-A5A0-7CE9FDA7DC75,BICYCLIST,Cross/Enter at Intersection,DART DASH,ON ROADWAY AT CROSSWALK,Yes,SUSPECTED MINOR INJURY,NONE,39.1215332,-77.16107857,"(39.1215332, -77.16107857)"
MCP32710006,200017866,Montgomery County Police,Injury Crash,05/01/2020 09:20:00 PM,Maryland (State),GREAT SENECA HWY,CROSSOVER,,N/A,BICYCLIST,STRAIGHT MOVEMENT ANGLE,CLEAR,DRY,DARK NO LIGHTS,NO CONTROLS,NONE DETECTED,NONE DETECTED,7D9DDE00-8E7F-4284-B088-18FF3C0A27DB,BICYCLIST,Cross/Enter at Intersection,DART DASH,ON ROADWAY AT CROSSWALK,Yes,SUSPECTED SERIOUS INJURY,NONE,39.107415,-77.20955833,"(39.107415, -77.20955833)"
DD5658001D,230062625,Rockville Police Departme,Property Damage Crash,10/26/2023 08:58:00 AM,,HALPINE ROAD,ROCKVILLE PIKE,,N/A,PEDESTRIAN,OTHER,CLEAR,DRY,DAYLIGHT,N/A,N/A,N/A,7EC841E4-A096-4D6C-BEDC-81F86E0D8339,PEDESTRIAN,Cross/Enter at Intersection,UNKNOWN,ON ROADWAY AT CROSSWALK,Unknown,NO APPARENT INJURY,N/A,39.0620035,-77.12353017,"(39.0620035, -77.12353017)"
MCP137800QH,190018156,Montgomery County Police,Injury Crash,04/18/2019 01:38:00 PM,County,WASHINGTON GROVE LA,SPUR FR RAILROAD ST,,N/A,OTHER,SINGLE VEHICLE,CLOUDY,DRY,DAYLIGHT,NO CONTROLS,NONE DETECTED,NONE DETECTED,332F6457-D4BA-4F23-B629-3B44D7B4A262,OTHER,Getting off/on Vehicle,OTHER,SHOULDER,Yes,SUSPECTED MINOR INJURY,NONE,39.13937197,-77.17970036,"(39.13937197, -77.17970036)"
EJ7857000H,15032732,GAITHERSBURG,Injury Crash,07/04/2015 10:33:00 PM,Municipality,PERRY PKWY,STRUC OV CSX R/R,,N/A,PEDESTRIAN,OTHER,CLOUDY,DRY,DARK LIGHTS ON,NO CONTROLS,NONE DETECTED,NONE DETECTED,18BDD405-AC87-4E65-B798-369E44271933,PEDESTRIAN,Walking/Riding against Traffic,WRONG WAY RIDING OR WALKING,ON ROADWAY NOT AT CROSSWALK,No,SUSPECTED MINOR INJURY,NONE,39.147355,-77.21405667,"(39.147355, -77.21405667)"
MCP2837000W,16017365,Montgomery County Police,Injury Crash,04/09/2016 02:13:00 PM,,,,PARKING LOT IN FRONT OF CICI'S PIZZA AT 12111 ROCKVILLE PIKE,,PEDESTRIAN,OTHER,CLOUDY,,DAYLIGHT,NO CONTROLS,NONE DETECTED,NONE DETECTED,9D703D64-815F-4497-87A6-5233D66A6EF1,PEDESTRIAN,Other,OTHER,OTHER,No,POSSIBLE INJURY,N/A,39.05717667,-77.11872,"(39.05717667, -77.11872)"
EJ7858007X,230033705,Gaithersburg Police Depar,Injury Crash,07/15/2023 12:15:00 PM,Municipality,GIRARD ST,GOSHEN RD,,N/A,OTHER,OTHER,CLOUDY,DRY,DAYLIGHT,TRAFFIC SIGNAL,NONE DETECTED,NONE DETECTED,7827F4C5-AB04-47F3-A8FE-C721EC87EE96,OTHER,Other,OTHER,ON ROADWAY AT CROSSWALK,Yes,POSSIBLE INJURY,MC/BIKE HELMET,39.15111155,-77.19246255,"(39.15111155, -77.19246255)"
MCP15950022,220027156,Montgomery County Police,Injury Crash,08/28/2022 03:07:00 AM,Maryland (State),GEORGIA AVE,ENNALLS AVE,,N/A,PEDESTRIAN,OTHER,CLEAR,DRY,DARK LIGHTS ON,NO CONTROLS,UNKNOWN,ALCOHOL CONTRIBUTED,25EB92E1-A49D-47BA-81F7-8B4496424914,PEDESTRIAN,Cross/Enter not at Intersection,NO IMPROPER ACTIONS,ON ROADWAY NOT AT CROSSWALK,Yes,POSSIBLE INJURY,NONE,39.0393508,-77.054306,"(39.0393508, -77.054306)"
EJ7880000S,200027825,Gaithersburg Police Depar,Injury Crash,07/17/2020 07:57:00 PM,,,,VEHICLE STRUCK PED IN PARKING LOT AND FLED,,PEDESTRIAN,SINGLE VEHICLE,CLEAR,,DAYLIGHT,NO CONTROLS,UNKNOWN,NONE DETECTED,D1BB3C8A-FD70-4EAB-AC29-F472CF1D0EAB,PEDESTRIAN,Standing,NO IMPROPER ACTIONS,OTHER,No,SUSPECTED MINOR INJURY,N/A,39.14407711,-77.19320816,"(39.14407711, -77.19320816)"
MCP2639009S,200039102,Montgomery County Police,Injury Crash,10/05/2020 06:49:00 AM,Maryland (State),UNIVERSITY BLVD W,AMHERST AVE,,N/A,PEDESTRIAN,STRAIGHT MOVEMENT ANGLE,RAINING,WET,DARK LIGHTS ON,NO CONTROLS,NONE DETECTED,NONE DETECTED,9119BC50-44B1-4DC7-852E-6ECCBBB6E424,PEDESTRIAN,Cross/Enter not at Intersection,DART DASH,ON ROADWAY NOT AT CROSSWALK,Yes,POSSIBLE INJURY,NONE,39.04047,-77.04836,"(39.04047, -77.04836)"
MCP31900052,230022377,Montgomery County Police,Injury Crash,05/10/2023 11:18:00 AM,,,,PRIVATE DRIVEWAY ON FARM PROPERTY AT 4300 GREGG ROAD.,,PEDESTRIAN,OTHER,CLEAR,,DAYLIGHT,NO CONTROLS,NONE DETECTED,NONE DETECTED,9CF03BC2-BF88-42E7-A93A-94BEE13330B0,PEDESTRIAN,Other,OTHER,OTHER,Unknown,SUSPECTED MINOR INJURY,NONE,39.2026889,-77.08683038,"(39.2026889, -77.08683038)"
MCP1436000B,180053661,Montgomery County Police,Property Damage Crash,10/26/2018 12:55:00 PM,,,,PARKING LOT MONTROSE  CROSSING CENTER,,OTHER,N/A,N/A,,N/A,N/A,NONE DETECTED,NONE DETECTED,6809E70E-D232-4B8D-A094-DFBAC87D1E3D,OTHER,N/A,N/A,N/A,No,NO APPARENT INJURY,N/A,39.05461333,-77.11401667,"(39.05461333, -77.11401667)"
MCP3053003C,190031796,Montgomery County Police,Injury Crash,07/03/2019 10:18:00 PM,Maryland (State),UNIVERSITY BLVD W,SLIGO CREEK PKWY,,N/A,PEDESTRIAN,SAME DIRECTION RIGHT TURN,CLEAR,DRY,DARK -- UNKNOWN LIGHTING,TRAFFIC SIGNAL,N/A,N/A,D98059CB-142E-4D53-87F4-E81E014B8A80,PEDESTRIAN,Cross/Enter at Intersection,N/A,ON ROADWAY AT CROSSWALK,No,POSSIBLE INJURY,NONE,39.03647056,-77.03046303,"(39.03647056, -77.03046303)"
MCP26670055,180047407,Montgomery County Police,Injury Crash,09/22/2018 11:40:00 AM,,,,SIDEWALK IN FRONT OF 416 NORTH FREDERICK AVE,,PEDESTRIAN,OTHER,CLEAR,,DAYLIGHT,N/A,UNKNOWN,NONE DETECTED,4DC8B769-5100-4A71-A3BE-D1A5CCA44EED,PEDESTRIAN,Walking/Cycling on Sidewalk,NO IMPROPER ACTIONS,SIDEWALK,No,POSSIBLE INJURY,NONE,39.14588167,-77.205923,"(39.14588167, -77.205923)"
MCP3268001Z,220025065,Montgomery County Police,Injury Crash,06/11/2022 09:32:00 AM,,,,PARKING LOT OF 2128 INDUSTRIAL PARKWAY,,OTHER,N/A,RAINING,,DAYLIGHT,N/A,N/A,NONE DETECTED,AD78918C-830F-4D40-8AEE-A21B8C7C5EA8,OTHER,Other,N/A,OTHER,No,SUSPECTED MINOR INJURY,N/A,39.05456683,-76.967925,"(39.05456683, -76.967925)"
MCP3000001G,16058070,Montgomery County Police,Injury Crash,11/10/2016 08:12:00 PM,,,,18909 KINGSVIEW RD PARKING LOT OF GERMANTOWN OUTDOOR POOL,,PEDESTRIAN,N/A,CLEAR,,DARK LIGHTS ON,NO CONTROLS,NONE DETECTED,NONE DETECTED,14863F27-8FD4-4A23-86F9-EE0910508DE2,PEDESTRIAN,Playing,OTHER,OTHER,Yes,SUSPECTED MINOR INJURY,N/A,39.165225,-77.28609667,"(39.165225, -77.28609667)"
MCP30500048,200000755,Montgomery County Police,Injury Crash,01/05/2020 04:07:00 PM,Maryland (State),GEORGIA AVE,CONNECTICUT AVE,,N/A,BICYCLIST,SINGLE VEHICLE,CLEAR,DRY,DAYLIGHT,NO CONTROLS,NONE DETECTED,NONE DETECTED,F69D0C7D-A5BC-49D5-B003-94F82DD88EFC,BICYCLIST,Other,IN ROADWAY IMPROPERLY,ON ROADWAY NOT AT CROSSWALK,Yes,POSSIBLE INJURY,NONE,39.084985,-77.07835667,"(39.084985, -77.07835667)"
MCP2812003Q,180042390,Montgomery County Police,Injury Crash,08/25/2018 04:19:00 PM,Maryland (State),GEORGIA AVE,BELVEDERE BLVD,,N/A,PEDESTRIAN,OTHER,CLEAR,DRY,DAYLIGHT,NO CONTROLS,N/A,N/A,80D1D118-1746-45D5-AE21-69B80C7BDE14,PEDESTRIAN,Cross/Enter not at Intersection,NOT VISIBLE,ON ROADWAY NOT AT CROSSWALK,Yes,SUSPECTED MINOR INJURY,NONE,39.01948095,-77.04400051,"(39.01948095, -77.04400051)"
MCP2853008Z,230050926,Montgomery County Police,Injury Crash,08/23/2023 04:26:00 PM,Maryland (State),UNIVERSITY BLVD W,SUTHERLAND RD,,N/A,PEDESTRIAN,OTHER,CLEAR,DRY,DAYLIGHT,NO CONTROLS,N/A,N/A,BDCF0F23-7BBB-45A4-9DA8-216572209167,PEDESTRIAN,Cross/Enter not at Intersection,FAILURE TO YIELD RIGHT OF WAY,OUTSIDE RIGHT OF WAY,Yes,SUSPECTED MINOR INJURY,NONE,39.02063667,-77.015965,"(39.02063667, -77.015965)"
MCP1227001K,220001661,Montgomery County Police,Fatal Crash,01/14/2022 08:30:00 AM,Maryland (State),FREDERICK RD,S WESTLAND DR,,N/A,BICYCLIST,SINGLE VEHICLE,CLEAR,DRY,DAYLIGHT,TRAFFIC SIGNAL,NONE DETECTED,NONE DETECTED,1ED8B103-7F63-49BA-A233-46ABEF4895CA,BICYCLIST,Cross/Enter at Intersection,FAILURE TO OBEY TRAFFIC SIGNS SIGNALS OR OFFICER,AT INTERSECTION MARKED CROSSWALK,Yes,FATAL INJURY,NONE,39.12608939,-77.18279453,"(39.12608939, -77.18279453)"
MCP2948005X,230002189,Montgomery County Police,Injury Crash,01/13/2023 11:15:00 PM,Maryland (State),GEORGIA AVE,REEDIE DR,,N/A,PEDESTRIAN,OTHER,CLEAR,DRY,DARK LIGHTS ON,TRAFFIC SIGNAL,NONE DETECTED,N/A,D49F4196-2F12-4735-A30E-11FC30A6BDC2,PEDESTRIAN,Cross/Enter at Intersection,UNKNOWN,ON ROADWAY AT CROSSWALK,Unknown,SUSPECTED MINOR INJURY,N/A,39.03881,-77.05091167,"(39.03881, -77.05091167)"
MCP3127001F,190061427,Montgomery County Police,Injury Crash,12/20/2019 10:45:00 PM,,ROSE AVE,GRAND PARK AVE,,N/A,PEDESTRIAN,STRAIGHT MOVEMENT ANGLE,CLEAR,DRY,DARK LIGHTS ON,STOP SIGN,NONE DETECTED,NONE DETECTED,8035D13D-015B-4B12-B137-4C95D8E3748A,PEDESTRIAN,Cross/Enter at Intersection,NO IMPROPER ACTIONS,AT INTERSECTION MARKED CROSSWALK,No,POSSIBLE INJURY,NONE,39.05103333,-77.117765,"(39.05103333, -77.117765)"