Report Number,Local Case Number,Agency Name,ACRS Report Type,Crash Date/Time,Route Type,Road Name,Cross-Street Name,Off-Road Description,Municipality,Related Non-Motorist,Collision Type,Weather,Surface Condition,Light,Traffic Control,Driver Substance Abuse,Non-Motorist Substance Abuse,Person ID,Pedestrian Type,Pedestrian Movement,Pedestrian Actions,Pedestrian Location,At Fault,Injury Severity,Safety Equipment,Latitude,Longitude,Location
MCP3222001Z,220042158,Montgomery County Police,Injury Crash,09/27/2022 04:46:00 PM,Maryland (State),BRADLEY BLVD,HUNTINGTON PKWY,,N/A,BICYCLIST,OTHER,CLEAR,DRY,DAYLIGHT,TRAFFIC SIGNAL,NONE DETECTED,NONE DETECTED,B7DB7D91-A171-49D8-81B3-A03F3E74E322,BICYCLIST,Walking/Riding w/Traffic,FAILURE TO YIELD RIGHT OF WAY,ON ROADWAY NOT AT CROSSWALK,Yes,POSSIBLE INJURY,MC/BIKE HELMET,38.993018,-77.11893217,"(38.993018, -77.11893217)"
MCP2967003Q,190011529,Montgomery County Police,Injury Crash,03/12/2019 09:12:00 PM,Maryland (State),WISCONSIN AVE,EAST WEST HWY (W/B COUPLET),,N/A,PEDESTRIAN,SINGLE VEHICLE,CLEAR,DRY,DARK LIGHTS ON,TRAFFIC SIGNAL,N/A,N/A,D0250D1E-BCB1-477D-88D5-B1A41E34B9D3,PEDESTRIAN,Cross/Enter not at Intersection,IN ROADWAY IMPROPERLY,ON ROADWAY NOT AT CROSSWALK,Yes,SUSPECTED MINOR INJURY,NONE,38.98505333,-77.094145,"(38.98505333, -77.094145)"
MCP30210023,170545809,Montgomery County Police,Injury Crash,11/30/2017 02:30:00 PM,,,,12000 CHERRY HILL   IFO TARGET STORE,,PEDESTRIAN,SINGLE VEHICLE,CLEAR,,DAYLIGHT,N/A,N/A,NONE DETECTED,579DC028-890B-4CCD-A39A-872901ECFC12,PEDESTRIAN,Standing,NO IMPROPER ACTIONS,N/A,No,POSSIBLE INJURY,NONE,39.052325,-76.95627,"(39.052325, -76.95627)"
MCP1305001D,17505422,Montgomery County Police,Injury Crash,04/01/2017 08:15:00 PM,,,,PARKING LOT OF 18250 FLOWER HILL WAY (GIANT),,PEDESTRIAN,SINGLE VEHICLE,UNKNOWN,,DARK LIGHTS ON,N/A,N/A,N/A,7ED882B2-5095-4C1F-B532-4B3F5049D171,PEDESTRIAN,Getting off/on Vehicle,NO IMPROPER ACTIONS,OTHER,No,POSSIBLE INJURY,N/A,39.15526153,-77.1655789,"(39.15526153, -77.1655789)"
MCP1170001C,16018039,Montgomery County Police,Injury Crash,04/13/2016 10:30:00 AM,,,,PARKING LOT OF 13100 OLD COLUMBIA PIKE,,PEDESTRIAN,OTHER,N/A,,DAYLIGHT,NO CONTROLS,NONE DETECTED,N/A,AF4527E3-19D7-415D-A3E7-3B22A2CF0029,PEDESTRIAN,Other,OTHER,AT INTERSECTION MARKED CROSSWALK,Yes,SUSPECTED MINOR INJURY,N/A,39.065965,-77.159755,"(39.065965, -77.159755)"
MCP2598002Q,190013677,Montgomery County Police,Injury Crash,03/25/2019 07:47:00 AM,County,CASTLE BLVD,TEAGARDEN CIR,,N/A,PEDESTRIAN,STRAIGHT MOVEMENT ANGLE,CLEAR,DRY,DAYLIGHT,NO CONTROLS,NONE DETECTED,NONE DETECTED,ACA66B1C-CED5-4A00-AEE4-8AE97A5BD90C,PEDESTRIAN,Cross/Enter not at Intersection,DART DASH,ON ROADWAY NOT AT CROSSWALK,Yes,POSSIBLE INJURY,NONE,39.08490667,-76.940445,"(39.08490667, -76.940445)"
MCP24550030,190031052,Montgomery County Police,Injury Crash,06/29/2019 04:17:00 PM,County,SHADY GROVE RD,FREDERICK RD,,N/A,PEDESTRIAN,OTHER,CLEAR,DRY,DAYLIGHT,TRAFFIC SIGNAL,N/A,N/A,FB58EEFB-EF29-4787-BB02-540455DA6B10,PEDESTRIAN,Cross/Enter at Intersection,NO IMPROPER ACTIONS,AT INTERSECTION MARKED CROSSWALK,No,POSSIBLE INJURY,N/A,39.12238907,-77.17759962,"(39.12238907, -77.17759962)"
MCP3193004F,230025774,Montgomery County Police,Injury Crash,05/29/2023 05:15:00 PM,,,,IFO 2900 UNIVERSITY BLVD W PARKING LOT,,PEDESTRIAN,OTHER,RAINING,,DAYLIGHT,N/A,NONE DETECTED,NONE DETECTED,6D27CEC8-32FB-4E86-A33F-CA19DB89DFD1,PEDESTRIAN,Cross/Enter not at Intersection,OTHER,ON ROADWAY NOT AT CROSSWALK,Unknown,POSSIBLE INJURY,NONE,39.03777,-77.0582,"(39.03777, -77.0582)"
MCP31900008,190012811,Montgomery County Police,Injury Crash,03/21/2019 07:12:00 AM,,BANQUO DRIVE,DUNSINANE DRIVE,,N/A,PEDESTRIAN,OTHER,N/A,DRY,DAYLIGHT,N/A,UNKNOWN,N/A,CDC6344C-DBAB-4523-B7E6-D6A18A31C086,PEDESTRIAN,Approach/Leaving Schoolbus,DART DASH,IN SCHOOL BUS ZONE,No,POSSIBLE INJURY,N/A,39.09452051,-77.07370871,"(39.09452051, -77.07370871)"
DD55080046,180001084,Rockville Police Departme,Injury Crash,01/08/2018 08:56:00 AM,,,,PARKING LOT OF 1514 DUNSTER RD,,PEDESTRIAN,OTHER,CLOUDY,,DAYLIGHT,N/A,NONE DETECTED,NONE DETECTED,7FEEB997-092F-413E-8FDD-6DD20501B724,PEDESTRIAN,Standing,NO IMPROPER ACTIONS,OTHER,No,SUSPECTED MINOR INJURY,NONE,39.06250667,-77.17491,"(39.06250667, -77.17491)"
MCP242500F6,190036079,Montgomery County Police,Injury Crash,07/29/2019 09:24:00 AM,County,FENTON ST,WAYNE AVE,,N/A,PEDESTRIAN,OTHER,CLEAR,DRY,DAYLIGHT,NO CONTROLS,NONE DETECTED,NONE DETECTED,6B974EF4-E9B9-4C12-8D30-26FAEAE89FDA,PEDESTRIAN,Cross/Enter not at Intersection,DART DASH,ON ROADWAY NOT AT CROSSWALK,Yes,SUSPECTED MINOR INJURY,NONE,38.996535,-77.02472833,"(38.996535, -77.02472833)"
MCP2436009S,200015770,Montgomery County Police,Injury Crash,04/12/2020 12:50:00 PM,US (State),COLESVILLE RD,UNIVERSITY BLVD E,,N/A,BICYCLIST,STRAIGHT MOVEMENT ANGLE,CLEAR,DRY,DAYLIGHT,TRAFFIC SIGNAL,NONE DETECTED,NONE DETECTED,3E75178E-4B0B-4D5D-B133-1806960462BC,BICYCLIST,Cross/Enter at Intersection,FAILURE TO OBEY TRAFFIC SIGNS SIGNALS OR OFFICER,ON ROADWAY AT CROSSWALK,Yes,SUSPECTED MINOR INJURY,NONE,39.02032231,-77.01283235,"(39.02032231, -77.01283235)"
DD5527004N,230020219,Rockville Police Departme,Injury Crash,04/27/2023 09:35:00 PM,Maryland (State),ROCKVILLE PIKE,CONGRESSIONAL LA,,N/A,BICYCLIST,OTHER,CLEAR,DRY,DARK LIGHTS ON,TRAFFIC SIGNAL,NONE DETECTED,NONE DETECTED,4A1A94C5-1039-4AD1-AC66-B7EB069029B5,BICYCLIST,Cross/Enter at Intersection,NO IMPROPER ACTIONS,ON ROADWAY AT CROSSWALK,No,SUSPECTED MINOR INJURY,NONE,39.06428133,-77.12619411,"(39.06428133, -77.12619411)"
EJ78540019,170504652,Gaithersburg Police Depar,Property Damage Crash,04/28/2017 05:47:00 AM,Maryland (State),W DIAMOND AVE,RAMP 6 FR MD 117 EB TO IS 270 SB,,N/A,BICYCLIST,SINGLE VEHICLE,N/A,DRY,N/A,NO CONTROLS,NONE DETECTED,NONE DETECTED,F90EC444-B74C-4061-9FF1-650AE692748D,BICYCLIST,Cross/Enter at Intersection,NO IMPROPER ACTIONS,ON ROADWAY AT CROSSWALK,No,NO APPARENT INJURY,MC/BIKE HELMET,39.14066,-77.21434333,"(39.14066, -77.21434333)"
MCP15640072,230012994,Montgomery County Police,Injury Crash,03/17/2023 02:15:00 PM,,,,"19632 ISLANDER ST, OLNEY, MD 20832--DRIVEWAY",,OTHER,SINGLE VEHICLE,RAINING,,DAYLIGHT,NO CONTROLS,NONE DETECTED,MEDICATION PRESENT,E876E84E-7DD8-4BA4-B964-153DA6AED6BC,OTHER,Unknown,NO IMPROPER ACTIONS,INSIDE BUILDING,No,NO APPARENT INJURY,NONE,39.17951317,-77.0652365,"(39.17951317, -77.0652365)"
MCP2889003H,180058839,Montgomery County Police,Injury Crash,11/24/2018 05:42:00 PM,Maryland (State),GEORGIA AVE,BLUERIDGE AVE,,N/A,PEDESTRIAN,OTHER,RAINING,WET,DARK LIGHTS ON,TRAFFIC SIGNAL,NONE DETECTED,NONE DETECTED,C1B9F296-8C35-433C-A46A-355371852554,PEDESTRIAN,Cross/Enter at Intersection,NO IMPROPER ACTIONS,ON ROADWAY AT CROSSWALK,No,POSSIBLE INJURY,NONE,39.04306621,-77.05194301,"(39.04306621, -77.05194301)"
MCP2348003S,180025738,Montgomery County Police,Injury Crash,05/25/2018 04:33:00 PM,Maryland (State),VEIRS MILL RD,SPUR TO MD 193,,N/A,PEDESTRIAN,SINGLE VEHICLE,CLEAR,DRY,DAYLIGHT,NO CONTROLS,NONE DETECTED,NONE DETECTED,AC2645B4-5207-4099-9429-06580CB16D90,PEDESTRIAN,Cross/Enter not at Intersection,IN ROADWAY IMPROPERLY,ON ROADWAY NOT AT CROSSWALK,Yes,SUSPECTED MINOR INJURY,N/A,39.040785,-77.057075,"(39.040785, -77.057075)"
MCP3290001W,230005368,Montgomery County Police,Injury Crash,02/02/2023 06:48:00 AM,Maryland (State),PINEY BRANCH RD,MISSISSIPPI AVE,,N/A,PEDESTRIAN,OTHER,CLEAR,DRY,DARK LIGHTS ON,NO CONTROLS,NONE DETECTED,NONE DETECTED,B8874FA0-967C-4276-850D-34B20E69EF8F,PEDESTRIAN,Cross/Enter at Intersection,UNKNOWN,ON ROADWAY AT CROSSWALK,No,POSSIBLE INJURY,NONE,38.98916667,-77.01190833,"(38.98916667, -77.01190833)"
MCP3187000N,190031148,Montgomery County Police,Injury Crash,06/30/2019 08:00:00 AM,Other Public Roadway,INDIAN SPRING RD,LAYHILL RD,,N/A,PEDESTRIAN,SINGLE VEHICLE,CLEAR,DRY,DAYLIGHT,TRAFFIC SIGNAL,NONE DETECTED,NONE DETECTED,EC63F48D-F33F-44ED-BD9E-6A18F7841C2E,PEDESTRIAN,Walking/Cycling on Sidewalk,NO IMPROPER ACTIONS,SIDEWALK,No,SUSPECTED SERIOUS INJURY,NONE,39.07740667,-77.04602833,"(39.07740667, -77.04602833)"
MCP29770009,15023098,Montgomery County Police,Injury Crash,05/14/2015 05:37:00 PM,County,BARRON ST,GILBERT PL,,N/A,PEDESTRIAN,OTHER,CLEAR,DRY,DAYLIGHT,N/A,UNKNOWN,N/A,C6E30AB7-57CE-4AA3-AD80-D12856058052,PEDESTRIAN,Playing,DART DASH,ON ROADWAY NOT AT CROSSWALK,,SUSPECTED MINOR INJURY,N/A,38.99844999,-76.99719787,"(38.99844999, -76.99719787)"
MCP2607002P,170520587,Montgomery County Police,Property Damage Crash,07/22/2017 04:58:00 PM,County,AMITY CT,AMITY DR,,N/A,BICYCLIST,OTHER,RAINING,WET,DAYLIGHT,NO CONTROLS,NONE DETECTED,ALCOHOL PRESENT,B2E6EB7F-9BC8-4813-9BB0-19F25AC0F505,BICYCLIST,Cross/Enter at Intersection,INATTENTIVE,AT INTERSECTION BUT NO CROSSWALK,Yes,NO APPARENT INJURY,NONE,39.14524667,-77.16897667,"(39.14524667, -77.16897667)"
DD5603005P,180015684,Rockville Police Departme,Injury Crash,03/31/2018 06:00:00 PM,,,,1643B ROCKVILLE PIKE (PARKING LOT/STORE),,PEDESTRIAN,SINGLE VEHICLE,CLEAR,,DAYLIGHT,NO CONTROLS,NONE DETECTED,NONE DETECTED,0D61A38D-32E9-48CD-AAF0-24BD4C7C062F,PEDESTRIAN,Walking/Cycling on Sidewalk,NO IMPROPER ACTIONS,SIDEWALK,No,SUSPECTED MINOR INJURY,N/A,39.06219902,-77.12715626,"(39.06219902, -77.12715626)"
MCP20460098,180059937,Montgomery County Police,Injury Crash,11/30/2018 05:32:00 PM,County,BRIGGS CHANEY RD,ASTON MANOR DR,,N/A,PEDESTRIAN,OTHER,CLEAR,DRY,DARK LIGHTS ON,NO CONTROLS,NONE DETECTED,NONE DETECTED,7179F634-96B1-4A6B-9C35-DB20847FDD6B,PEDESTRIAN,Cross/Enter at Intersection,NO IMPROPER ACTIONS,AT INTERSECTION BUT NO CROSSWALK,No,POSSIBLE INJURY,N/A,39.07589015,-76.94114938,"(39.07589015, -76.94114938)"
MCP32720011,210044515,Montgomery County Police,Injury Crash,11/03/2021 01:50:00 PM,US (State),COLESVILLE RD,TIMBERWOOD AVE,,N/A,BICYCLIST,STRAIGHT MOVEMENT ANGLE,CLEAR,DRY,DAYLIGHT,NO CONTROLS,NONE DETECTED,NONE DETECTED,E7B88553-B590-47D2-8B08-2D959B53E9A1,BICYCLIST,Cross/Enter at Intersection,NO IMPROPER ACTIONS,ON ROADWAY AT CROSSWALK,No,POSSIBLE INJURY,NONE,39.02128133,-77.01137133,"(39.02128133, -77.01137133)"
MCP29520068,180018025,Montgomery County Police,Property Damage Crash,04/13/2018 11:31:00 AM,County,FENTON ST,NEW YORK AVE,,N/A,BICYCLIST,SAME DIRECTION SIDESWIPE,CLEAR,DRY,DAYLIGHT,STOP SIGN,NONE DETECTED,NONE DETECTED,3B61D3EE-E5A2-42A7-8587-ABBE349AA26A,BICYCLIST,Walking/Riding w/Traffic,NO IMPROPER ACTIONS,ON ROADWAY NOT AT CROSSWALK,No,NO APPARENT INJURY,MC/BIKE HELMET,38.98573331,-77.02293634,"(38.98573331, -77.02293634)"
MCP1301001T,220023484,Montgomery County Police,Fatal Crash,06/01/2022 04:09:00 PM,Maryland (State),OLD GEORGETOWN RD,CHESHIRE DR,,N/A,BICYCLIST,SINGLE VEHICLE,CLEAR,DRY,DAYLIGHT,NO CONTROLS,NONE DETECTED,NONE DETECTED,B71FD9C4-97DB-44A8-B161-7FEF7E4B89AD,BICYCLIST,Walking/Cycling on Sidewalk,IN ROADWAY IMPROPERLY,ON ROADWAY NOT AT CROSSWALK,Yes,FATAL INJURY,NONE,39.02156833,-77.12286667,"(39.02156833, -77.12286667)"
MCP137800NB,180054452,Montgomery County Police,Injury Crash,10/30/2018 07:09:00 PM,County,SHADY GROVE RD,EPSILON DR,,N/A,PEDESTRIAN,OTHER,CLEAR,DRY,DARK LIGHTS ON,TRAFFIC SIGNAL,NONE DETECTED,NONE DETECTED,E26894B9-C9E3-41A3-990D-C76180634102,PEDESTRIAN,Cross/Enter at Intersection,IN ROADWAY IMPROPERLY,ON ROADWAY AT CROSSWALK,Yes,SUSPECTED SERIOUS INJURY,N/A,39.138375,-77.15363833,"(39.138375, -77.15363833)"
MCP2546002K,180050432,Montgomery County Police,Injury Crash,10/09/2018 06:56:00 AM,Maryland (State),GEORGIA AVE,WENDY LA,,N/A,PEDESTRIAN,ANGLE MEETS RIGHT TURN,CLEAR,DRY,DAWN,NO CONTROLS,NONE DETECTED,NONE DETECTED,95A880DD-055C-46DD-8FA2-4A964917702C,PEDESTRIAN,Standing,NO IMPROPER ACTIONS,SIDEWALK,No,POSSIBLE INJURY,N/A,39.078979,-77.07256,"(39.078979, -77.07256)"
MCP31180047,230054985,Montgomery County Police,Injury Crash,09/15/2023 07:40:00 AM,Maryland (State),GEORGIA AVE,INTERNATIONAL DR,,N/A,OTHER PEDALCYCLIST,N/A,CLEAR,DRY,DAYLIGHT,TRAFFIC SIGNAL,NONE DETECTED,NONE DETECTED,569D202C-F7DA-4C7C-8351-950CEB6E610C,OTHER PEDALCYCLIST,Cross/Enter at Intersection,NO IMPROPER ACTIONS,AT INTERSECTION MARKED CROSSWALK,No,POSSIBLE INJURY,UNKNOWN,39.09193751,-77.07033869,"(39.09193751, -77.07033869)"
MCP1301000Y,180041500,Montgomery County Police,Fatal Crash,08/20/2018 08:26:00 PM,Maryland (State),GEORGIA AVE,GLENALLAN AVE,,N/A,PEDESTRIAN,SINGLE VEHICLE,CLOUDY,DRY,DUSK,N/A,NONE DETECTED,UNKNOWN,20D5B51E-5331-47A7-9E92-BBB69042FCFC,PEDESTRIAN,Cross/Enter not at Intersection,DART DASH,N/A,Yes,FATAL INJURY,N/A,39.06200287,-77.05351985,"(39.06200287, -77.05351985)"
MCP3312003K,230028367,Montgomery County Police,Injury Crash,06/13/2023 07:35:00 AM,County,E RANDOLPH RD,END BRIDGE,,N/A,BICYCLIST,SINGLE VEHICLE,CLEAR,DRY,DAYLIGHT,NO CONTROLS,NONE DETECTED,NONE DETECTED,E2C9F7F9-F5E5-4E73-BD2B-1DF58911FF60,BICYCLIST,Walking/Cycling on Sidewalk,NO IMPROPER ACTIONS,AT INTERSECTION BUT NO CROSSWALK,No,SUSPECTED MINOR INJURY,MC/BIKE HELMET,39.06396833,-76.96740333,"(39.06396833, -76.96740333)"
MCP21980030,170529933,Montgomery County Police,Injury Crash,09/11/2017 04:38:00 PM,County,SUMMIT AVE,CABLE DR,,N/A,PEDESTRIAN,SINGLE VEHICLE,CLOUDY,DRY,DAYLIGHT,N/A,N/A,N/A,914CA00E-7D3D-440E-A31E-BD325DFDD385,PEDESTRIAN,Walking to/from school,DART DASH,ON ROADWAY NOT AT CROSSWALK,Yes,SUSPECTED MINOR INJURY,N/A,39.12612667,-77.18322167,"(39.12612667, -77.18322167)"
MCP2966002M,16060779,Montgomery County Police,Injury Crash,11/26/2016 07:11:00 PM,County,ASPEN HILL RD,CONNECTICUT AVE,,N/A,PEDESTRIAN,OTHER,CLEAR,DRY,DARK LIGHTS ON,NO CONTROLS,NONE DETECTED,NONE DETECTED,653C17ED-D8A4-404E-846C-9FCFDC0FA949,PEDESTRIAN,Cross/Enter at Intersection,NO IMPROPER ACTIONS,ON ROADWAY AT CROSSWALK,No,SUSPECTED SERIOUS INJURY,NONE,39.08068167,-77.07763167,"(39.08068167, -77.07763167)"
MCP3197001B,200006682,Montgomery County Police,Injury Crash,02/09/2020 09:07:00 PM,Maryland (State),VEIRS MILL RD,CLARIDGE RD,,N/A,PEDESTRIAN,OTHER,CLEAR,DRY,DARK LIGHTS ON,TRAFFIC SIGNAL,NONE DETECTED,NONE DETECTED,99940A9A-8E21-49B1-8ACA-6A306B186D27,PEDESTRIAN,Cross/Enter at Intersection,NO IMPROPER ACTIONS,ON ROADWAY AT CROSSWALK,No,SUSPECTED MINOR INJURY,NONE,39.04881333,-77.06892383,"(39.04881333, -77.06892383)"
MCP2935001M,180051509,Montgomery County Police,Injury Crash,10/15/2018 08:32:00 PM,County,BONIFANT ST,GEORGIA AVE,,N/A,PEDESTRIAN,OTHER,CLEAR,N/A,DARK LIGHTS ON,TRAFFIC SIGNAL,N/A,UNKNOWN,5A761500-B070-4217-80EF-C14683DDD724,PEDESTRIAN,Cross/Enter not at Intersection,IN ROADWAY IMPROPERLY,ON ROADWAY NOT AT CROSSWALK,Yes,SUSPECTED MINOR INJURY,N/A,39.00640167,-77.03782667,"(39.00640167, -77.03782667)"
MCP3021001V,170541477,Montgomery County Police,Injury Crash,11/07/2017 12:50:00 PM,County,GREENCASTLE RD,OLD COLUMBIA PIKE,,N/A,BICYCLIST,SINGLE VEHICLE,RAINING,WET,DAYLIGHT,NO CONTROLS,UNKNOWN,N/A,06FE5E99-4506-4ED7-BD08-3917B3F97320,BICYCLIST,Cross/Enter not at Intersection,NO IMPROPER ACTIONS,ON ROADWAY NOT AT CROSSWALK,No,SUSPECTED MINOR INJURY,NONE,39.09776145,-76.94304943,"(39.09776145, -76.94304943)"
MCP1575003Z,16023555,Montgomery County Police,Injury Crash,05/12/2016 10:09:00 AM,,,,PK LOT 14939 SHADY GROVE RD.,,PEDESTRIAN,SINGLE VEHICLE,CLOUDY,,DAYLIGHT,NO CONTROLS,NONE DETECTED,NONE DETECTED,40C9AEBC-4C73-4FA5-BBE5-0F89A0760720,PEDESTRIAN,Other,NO IMPROPER ACTIONS,OTHER,No,POSSIBLE INJURY,NONE,39.09776167,-77.19276,"(39.09776167, -77.19276)"
MCP2982000S,16010869,MONTGOMERY,Injury Crash,03/04/2016 06:28:00 PM,County,FENTON ST,WAYNE AVE,,N/A,PEDESTRIAN,SINGLE VEHICLE,CLEAR,DRY,DARK LIGHTS ON,NO CONTROLS,NONE DETECTED,NONE DETECTED,324EAB86-20DF-46F1-B04C-2E9046D98DD8,PEDESTRIAN,Cross/Enter at Intersection,NO IMPROPER ACTIONS,ON ROADWAY AT CROSSWALK,No,SUSPECTED MINOR INJURY,N/A,38.99610696,-77.02476025,"(38.99610696, -77.02476025)"
MCP2675002B,200001919,Montgomery County Police,Injury Crash,01/11/2020 09:24:00 PM,Maryland (State),VEIRS MILL RD,RANDOLPH RD,,N/A,PEDESTRIAN,OTHER,N/A,DRY,DARK LIGHTS ON,TRAFFIC SIGNAL,UNKNOWN,UNKNOWN,7E3CD47A-74CD-48A8-B2DB-F49853FA19C0,PEDESTRIAN,Cross/Enter not at Intersection,DART DASH,ON ROADWAY NOT AT CROSSWALK,Yes,SUSPECTED SERIOUS INJURY,NONE,39.05626485,-77.0829258,"(39.05626485, -77.0829258)"
MCP3020003S,190030789,Montgomery County Police,Injury Crash,06/28/2019 08:52:00 AM,County,BEL PRE RD,PARKER FARM WAY,,N/A,PEDESTRIAN,SINGLE VEHICLE,CLEAR,DRY,DAYLIGHT,TRAFFIC SIGNAL,NONE DETECTED,NONE DETECTED,EF31AB98-C5CB-4791-8719-600022EC2E74,PEDESTRIAN,Cross/Enter at Intersection,NO IMPROPER ACTIONS,ON ROADWAY AT CROSSWALK,No,SUSPECTED MINOR INJURY,N/A,39.09059333,-77.04808667,"(39.09059333, -77.04808667)"
MCP11480018,16020683,Montgomery County Police,Injury Crash,04/27/2016 08:30:00 AM,County,WOODMONT AVE,HAMPDEN LA,,N/A,PEDESTRIAN,SINGLE VEHICLE,RAINING,WET,DAYLIGHT,TRAFFIC SIGNAL,UNKNOWN,NONE DETECTED,98882C8F-A94B-40FC-A2E0-76CD6E692D43,PEDESTRIAN,Other Working,N/A,ON ROADWAY NOT AT CROSSWALK,No,SUSPECTED MINOR INJURY,NONE,38.982795,-77.09604667,"(38.982795, -77.09604667)"
DM8499000M,210041310,Takoma Park Police Depart,Property Damage Crash,10/15/2021 09:47:00 AM,Maryland (State),CARROLL AVE,LEE AVE,,TAKOMA PARK,PEDESTRIAN,SAME DIR REAR END,CLEAR,DRY,DAYLIGHT,N/A,"N/A, NONE DETECTED",NONE DETECTED,10ACA672-BCC5-4FD7-A822-84EDF4BF6BC6,PEDESTRIAN,Cross/Enter not at Intersection,NO IMPROPER ACTIONS,ON ROADWAY AT CROSSWALK,No,NO APPARENT INJURY,N/A,38.97889493,-77.00540601,"(38.97889493, -77.00540601)"
MCP2756000X,15046374,MONTGOMERY,Injury Crash,09/13/2015 07:19:00 PM,Maryland (State),UNIVERSITY BLVD W,INWOOD AVE,,N/A,PEDESTRIAN,SINGLE VEHICLE,CLEAR,DRY,DUSK,TRAFFIC SIGNAL,NONE DETECTED,NONE DETECTED,E088262F-2BCD-499D-89B0-5ECAF2F1CFEE,PEDESTRIAN,Cross/Enter at Intersection,N/A,ON ROADWAY AT CROSSWALK,No,SUSPECTED SERIOUS INJURY,N/A,39.036108,-77.036404,"(39.036108, -77.036404)"
MCP2688002S,170548039,Montgomery County Police,Injury Crash,12/12/2017 05:44:00 AM,US (State),COLUMBIA PIKE,OAK LEAF DR,,N/A,PEDESTRIAN,SAME DIRECTION SIDESWIPE,CLEAR,DRY,DARK LIGHTS ON,NO CONTROLS,NONE DETECTED,NONE DETECTED,7CE3E55E-2203-48E4-83E7-7A732B58AAA8,PEDESTRIAN,Walking/Riding w/Traffic,NO IMPROPER ACTIONS,SIDEWALK,No,POSSIBLE INJURY,N/A,39.04104833,-76.99609667,"(39.04104833, -76.99609667)"
MCP2622003D,220045455,Montgomery County Police,Injury Crash,10/17/2022 06:41:00 AM,County,BLACKBURN LA,BLACKBURN RD,,N/A,PEDESTRIAN,OTHER,CLEAR,DRY,DAWN,N/A,NONE DETECTED,NONE DETECTED,FB041801-52FA-48BC-B770-84C9E7C904E5,PEDESTRIAN,Walking/Cycling on Sidewalk,NO IMPROPER ACTIONS,SIDEWALK,No,SUSPECTED SERIOUS INJURY,NONE,39.103721,-76.931234,"(39.103721, -76.931234)"
MCP30680019,180032817,Montgomery County Police,Injury Crash,07/03/2018 04:44:00 AM,County,WILLARD AVE,THE HILLS PLAZA,,FRIENDSHIP HEIGHTS,PEDESTRIAN,OTHER,RAINING,WET,DUSK,PERSON,N/A,N/A,9B7A0106-D447-4774-A1A8-228143AF4AA6,PEDESTRIAN,Cross/Enter at Intersection,NO IMPROPER ACTIONS,ON ROADWAY AT CROSSWALK,No,SUSPECTED MINOR INJURY,N/A,38.96192667,-77.08813,"(38.96192667, -77.08813)"
HA2389000S,17001350,Maryland-National Capital,Property Damage Crash,10/09/2017 12:39:00 PM,,SCHOLL MANOR WAY,LATROBE LANE,,N/A,OTHER,UNKNOWN,UNKNOWN,DRY,UNKNOWN,N/A,UNKNOWN,N/A,5FA86139-32E0-458C-A447-DAB0A66DB4CE,OTHER,N/A,N/A,INSIDE BUILDING,No,NO APPARENT INJURY,N/A,39.23431306,-77.27964655,"(39.23431306, -77.27964655)"
MCP3299002B,230001456,Montgomery County Police,Injury Crash,01/10/2023 07:35:00 AM,Maryland (State),OLNEY SANDY SPRING RD,SHERWOOD HIGH SCHOOL,,N/A,PEDESTRIAN,OTHER,CLEAR,DRY,DAYLIGHT,NO CONTROLS,UNKNOWN,NONE DETECTED,867EFD6F-C7F5-4D07-8F40-9D8EC55C4471,PEDESTRIAN,Walking to/from school,IN ROADWAY IMPROPERLY,ON ROADWAY NOT AT CROSSWALK,Yes,SUSPECTED MINOR INJURY,NONE,39.14911853,-77.01700222,"(39.14911853, -77.01700222)"
MCP2719001Y,170532901,Montgomery County Police,Injury Crash,09/24/2017 06:30:00 PM,County,SHOREFIELD RD,GEORGIA AVE,,N/A,PEDESTRIAN,OTHER,CLEAR,DRY,DUSK,OTHER,NONE DETECTED,NONE DETECTED,2FCF8946-174B-4DD9-AB56-75B444752902,PEDESTRIAN,Cross/Enter at Intersection,NO IMPROPER ACTIONS,ON ROADWAY AT CROSSWALK,No,SUSPECTED SERIOUS INJURY,NONE,39.05288333,-77.0515,"(39.05288333, -77.0515)"
MCP2191000M,15046147,MONTGOMERY,Injury Crash,09/12/2015 09:30:00 AM,US (State),GEORGIA AVE,THAYER AVE,,N/A,PEDESTRIAN,SAME DIRECTION RIGHT TURN,CLOUDY,DRY,DAYLIGHT,TRAFFIC SIGNAL,NONE DETECTED,NONE DETECTED,FCEC94C8-4392-4656-B5CD-B4AFDFBC99F0,PEDESTRIAN,Cross/Enter at Intersection,N/A,ON ROADWAY AT CROSSWALK,No,POSSIBLE INJURY,N/A,38.992996,-77.02717,"(38.992996, -77.02717)"
MCP32390023,220016559,Montgomery County Police,Injury Crash,04/19/2022 05:55:00 AM,,,,"IN FRONT OF 11225 OAK LEAF DR, SILVER SPRING, MD 20904 AT THE ROUNDABOUT.",,PEDESTRIAN,OTHER,CLEAR,,DARK LIGHTS ON,NO CONTROLS,UNKNOWN,NONE DETECTED,59A09E93-530D-4D66-A736-E45A86526582,PEDESTRIAN,Other,UNKNOWN,OTHER,No,POSSIBLE INJURY,NONE,39.04074984,-76.99475444,"(39.04074984, -76.99475444)"
DD56450020,220019725,Rockville Police Departme,Injury Crash,05/09/2022 05:30:00 AM,County,TWINBROOK PKWY,VEIRS MILL RD,,N/A,PEDESTRIAN,OTHER,CLEAR,N/A,DARK LIGHTS ON,N/A,N/A,NONE DETECTED,4EC82E48-3F1E-4DCB-B302-62C566BCEDC0,PEDESTRIAN,Walking/Riding w/Traffic,UNKNOWN,ON ROADWAY AT CROSSWALK,Unknown,SUSPECTED MINOR INJURY,NONE,39.07345014,-77.11184764,"(39.07345014, -77.11184764)"