Report Number,Local Case Number,Agency Name,ACRS Report Type,Crash Date/Time,Route Type,Road Name,Cross-Street Name,Off-Road Description,Municipality,Related Non-Motorist,Collision Type,Weather,Surface Condition,Light,Traffic Control,Driver Substance Abuse,Non-Motorist Substance Abuse,Person ID,Pedestrian Type,Pedestrian Movement,Pedestrian Actions,Pedestrian Location,At Fault,Injury Severity,Safety Equipment,Latitude,Longitude,Location
MCP3196002K,210043008,Montgomery County Police,Injury Crash,10/25/2021 03:30:00 PM,,,,"12922 MIDDLEBROOK ROAD, GERMANTOWN, MD 20874 (DSW) PARKING LOT AREA",,OTHER,HEAD ON LEFT TURN,CLEAR,,N/A,TRAFFIC SIGNAL,N/A,N/A,B76346F8-4A5B-443F-A330-25B746EC0EF2,OTHER,N/A,OTHER,ON ROADWAY NOT AT CROSSWALK,Yes,SUSPECTED MINOR INJURY,N/A,39.17992133,-77.26920583,"(39.17992133, -77.26920583)"
MCP2967002G,170527788,Montgomery County Police,Injury Crash,08/30/2017 03:44:00 PM,Maryland (State),OLD GEORGETOWN RD,WILDWOOD SHOPPING CENTER,,N/A,PEDESTRIAN,SINGLE VEHICLE,CLEAR,DRY,DAYLIGHT,N/A,N/A,N/A,A9AE0E00-4367-4427-AB48-534D93818A0C,PEDESTRIAN,Standing,NO IMPROPER ACTIONS,ON ROADWAY NOT AT CROSSWALK,No,SUSPECTED SERIOUS INJURY,NONE,39.0239,-77.12417833,"(39.0239, -77.12417833)"
MCP2686005Q,220050552,Montgomery County Police,Injury Crash,11/15/2022 07:10:00 PM,Municipality,TRAVIS AVE,FREDERICK RD,,N/A,PEDESTRIAN,SINGLE VEHICLE,RAINING,WET,DARK NO LIGHTS,TRAFFIC SIGNAL,NONE DETECTED,NONE DETECTED,1408FB6E-E29F-4CBC-98B4-3AB67F5637FA,PEDESTRIAN,Cross/Enter at Intersection,NO IMPROPER ACTIONS,AT INTERSECTION MARKED CROSSWALK,No,SUSPECTED MINOR INJURY,NONE,39.16139296,-77.22251183,"(39.16139296, -77.22251183)"
MCP1554003P,180061055,Montgomery County Police,Injury Crash,12/06/2018 05:03:00 PM,County,CRABBS BRANCH WAY,INDIANOLA DR,,N/A,BICYCLIST,HEAD ON LEFT TURN,CLEAR,DRY,DARK LIGHTS ON,TRAFFIC SIGNAL,NONE DETECTED,NONE DETECTED,5D49E806-A1EA-4A51-AE22-DC4C02421D9E,BICYCLIST,Cross/Enter at Intersection,DART DASH,ON ROADWAY AT CROSSWALK,Yes,SUSPECTED MINOR INJURY,NONE,39.11475343,-77.15695297,"(39.11475343, -77.15695297)"
MCP3335002B,230058043,Montgomery County Police,Injury Crash,10/02/2023 12:00:00 PM,County,HILLWOOD DR,COLUMBIA PIKE,,N/A,PEDESTRIAN,OTHER,CLEAR,DRY,DAYLIGHT,STOP SIGN,NONE DETECTED,NONE DETECTED,44C3A041-9251-452B-9EEB-CC2444FFEF69,PEDESTRIAN,Cross/Enter at Intersection,UNKNOWN,AT INTERSECTION MARKED CROSSWALK,No,POSSIBLE INJURY,NONE,39.03164233,-77.00418083,"(39.03164233, -77.00418083)"
MCP3206000T,190049500,Montgomery County Police,Injury Crash,10/16/2019 05:30:00 PM,Maryland (State),PINEY BRANCH RD,GARLAND AVE,,N/A,PEDESTRIAN,OTHER,CLEAR,DRY,DAYLIGHT,WARNING SIGN,NONE DETECTED,NONE DETECTED,324B5CC4-4E4F-47C5-80B6-6E074483C8B4,PEDESTRIAN,Cross/Enter not at Intersection,NO IMPROPER ACTIONS,ON ROADWAY AT CROSSWALK,No,SUSPECTED SERIOUS INJURY,N/A,38.99871335,-76.99901076,"(38.99871335, -76.99901076)"
MCP3112000T,180043077,Montgomery County Police,Injury Crash,08/29/2018 03:58:00 PM,,,,"PARKING LOT OF 4111 HOWARD AVE, KENSINGTON MD 20895",,PEDESTRIAN,OTHER,CLEAR,,DAYLIGHT,NO CONTROLS,N/A,NONE DETECTED,06BAB8F8-F1BD-49C4-A11C-1318C97F0006,PEDESTRIAN,Standing,NO IMPROPER ACTIONS,N/A,No,SUSPECTED MINOR INJURY,NONE,39.03049,-77.080705,"(39.03049, -77.080705)"
MCP3225001M,210026298,Montgomery County Police,Injury Crash,07/08/2021 05:15:00 PM,,,,"116 UNIVERSITY BLVD W.
SILVER SPRING, MD",,PEDESTRIAN,OTHER,CLOUDY,,DAYLIGHT,N/A,UNKNOWN,NONE DETECTED,831D4C51-39FF-41B3-B3B0-A855DB9E0663,PEDESTRIAN,Standing,NO IMPROPER ACTIONS,OTHER,No,POSSIBLE INJURY,N/A,39.02120545,-77.01557047,"(39.02120545, -77.01557047)"
MCP31700028,210052095,Montgomery County Police,Injury Crash,12/21/2021 08:03:00 PM,Maryland (State),CLOPPER RD,KINGSVIEW VILLAGE AVE,,N/A,PEDESTRIAN,STRAIGHT MOVEMENT ANGLE,CLEAR,DRY,N/A,TRAFFIC SIGNAL,NONE DETECTED,NONE DETECTED,0D5AE67D-F844-4D47-A6E8-8BAEC07BF5EC,PEDESTRIAN,Cross/Enter at Intersection,NO IMPROPER ACTIONS,ON ROADWAY NOT AT CROSSWALK,No,NO APPARENT INJURY,NONE,39.16075667,-77.27897833,"(39.16075667, -77.27897833)"
MCP28920081,200008163,Montgomery County Police,Injury Crash,02/18/2020 06:32:00 PM,Maryland (State),COLESVILLE RD,SECOND AVE,,N/A,PEDESTRIAN,SINGLE VEHICLE,N/A,DRY,DARK LIGHTS ON,TRAFFIC SIGNAL,NONE DETECTED,NONE DETECTED,3A80F036-C235-44C4-8EE7-F81D02BF3AFF,PEDESTRIAN,Cross/Enter at Intersection,IN ROADWAY IMPROPERLY,ON ROADWAY AT CROSSWALK,Yes,POSSIBLE INJURY,NONE,38.99484564,-77.03025644,"(38.99484564, -77.03025644)"
MCP33120027,220045002,Montgomery County Police,Injury Crash,10/14/2022 09:00:00 AM,County,OLD COLUMBIA PIKE,CLIFTONDALE DR,,N/A,PEDESTRIAN,SINGLE VEHICLE,CLEAR,WET,DAYLIGHT,NO CONTROLS,NONE DETECTED,NONE DETECTED,173772F5-6D65-4FE9-9669-F0824241D679,PEDESTRIAN,Standing,NO IMPROPER ACTIONS,AT INTERSECTION BUT NO CROSSWALK,No,POSSIBLE INJURY,REFLECTIVE CLOTHING,39.053705,-76.97383833,"(39.053705, -76.97383833)"
MCP3209002B,210005989,Montgomery County Police,Injury Crash,02/15/2021 08:20:00 PM,County,WAYNE AVE,GEORGIA AVE,,N/A,PEDESTRIAN,OTHER,RAINING,WET,DUSK,TRAFFIC SIGNAL,NONE DETECTED,ALCOHOL PRESENT,186CB1CD-B18F-4B07-A331-4A4392A30DF2,PEDESTRIAN,Cross/Enter at Intersection,FAILURE TO OBEY TRAFFIC SIGNS SIGNALS OR OFFICER,ON ROADWAY AT CROSSWALK,Yes,POSSIBLE INJURY,NONE,38.99448139,-77.02661747,"(38.99448139, -77.02661747)"
MCP2608001R,16060484,Montgomery County Police,Injury Crash,11/24/2016 07:30:00 PM,Maryland (State),16TH ST,EAST WEST HWY,,N/A,PEDESTRIAN,STRAIGHT MOVEMENT ANGLE,CLEAR,DRY,DARK LIGHTS ON,TRAFFIC SIGNAL,N/A,NONE DETECTED,C94474E5-62EA-4DB2-92D2-3E3AEA5BE326,PEDESTRIAN,Cross/Enter at Intersection,NO IMPROPER ACTIONS,ON ROADWAY AT CROSSWALK,No,SUSPECTED MINOR INJURY,NONE,38.99449764,-77.03621864,"(38.99449764, -77.03621864)"
MCP2102004H,230069430,Montgomery County Police,Injury Crash,12/02/2023 07:32:00 AM,County,LONG CORNER RD,MULLINIX MILL RD,,N/A,BICYCLIST,STRAIGHT MOVEMENT ANGLE,FOGGY,WET,DAYLIGHT,STOP SIGN,UNKNOWN,NONE DETECTED,A0F093D4-59F3-473A-877C-CB400F52005B,BICYCLIST,Cross/Enter at Intersection,NO IMPROPER ACTIONS,AT INTERSECTION BUT NO CROSSWALK,No,SUSPECTED SERIOUS INJURY,MC/BIKE HELMET,39.28980167,-77.16105667,"(39.28980167, -77.16105667)"
MCP27800022,16048970,Montgomery County Police,Injury Crash,09/23/2016 03:09:00 PM,Maryland (State),FREDERICK RD,OXBRIDGE DR,,N/A,BICYCLIST,STRAIGHT MOVEMENT ANGLE,CLEAR,DRY,DAYLIGHT,STOP SIGN,NONE DETECTED,NONE DETECTED,48AA231D-9931-42D2-A198-75D6768A11C8,BICYCLIST,Walking/Riding against Traffic,IN ROADWAY IMPROPERLY,AT INTERSECTION MARKED CROSSWALK,Yes,POSSIBLE INJURY,NONE,39.19000833,-77.24130667,"(39.19000833, -77.24130667)"
MCP31630056,230008774,Montgomery County Police,Injury Crash,02/21/2023 05:57:00 PM,County,LELAND ST,WOODBINE ST,,N/A,BICYCLIST,STRAIGHT MOVEMENT ANGLE,CLEAR,DRY,DUSK,STOP SIGN,N/A,N/A,8A91DCBE-A81D-46F2-A060-8B44BDA45BA4,BICYCLIST,Cross/Enter at Intersection,INATTENTIVE,ON ROADWAY NOT AT CROSSWALK,Yes,SUSPECTED MINOR INJURY,MC/BIKE HELMET,38.98602833,-77.06831167,"(38.98602833, -77.06831167)"
MCP3054000B,170526568,Montgomery County Police,Injury Crash,08/24/2017 08:37:00 AM,Municipality,N VAN BUREN ST,W MIDDLE LA,,ROCKVILLE,PEDESTRIAN,SINGLE VEHICLE,CLEAR,DRY,DAYLIGHT,N/A,NONE DETECTED,NONE DETECTED,6F56C650-7178-4C49-824F-FE630319AA92,PEDESTRIAN,Cross/Enter at Intersection,NO IMPROPER ACTIONS,AT INTERSECTION MARKED CROSSWALK,No,SUSPECTED MINOR INJURY,NONE,39.08495177,-77.15656668,"(39.08495177, -77.15656668)"
MCP29660020,16027461,Montgomery County Police,Injury Crash,06/01/2016 10:35:00 PM,County,CONNECTICUT AVE,BEL PRE RD,,N/A,PEDESTRIAN,OTHER,CLEAR,DRY,DARK -- UNKNOWN LIGHTING,NO CONTROLS,NONE DETECTED,NONE DETECTED,CF438DC8-13D0-48D0-8E9B-FA3951C5E0EF,PEDESTRIAN,Cross/Enter at Intersection,NO IMPROPER ACTIONS,ON ROADWAY AT CROSSWALK,No,NO APPARENT INJURY,NONE,39.09195775,-77.07031488,"(39.09195775, -77.07031488)"
MCP2936001Y,170531382,Montgomery County Police,Injury Crash,09/18/2017 08:01:00 PM,Maryland (State),16TH ST,EAST WEST HWY,,N/A,PEDESTRIAN,SINGLE VEHICLE,CLEAR,DRY,DARK LIGHTS ON,TRAFFIC SIGNAL,NONE DETECTED,NONE DETECTED,AFB390C9-DCFE-4BD9-819B-BF513066762C,PEDESTRIAN,Cross/Enter at Intersection,NO IMPROPER ACTIONS,ON ROADWAY AT CROSSWALK,No,SUSPECTED SERIOUS INJURY,N/A,38.99465667,-77.036715,"(38.99465667, -77.036715)"
MCP29340050,220040353,Montgomery County Police,Injury Crash,09/16/2022 06:20:00 PM,County,FERNWOOD RD,GREYSWOOD RD,,N/A,PEDESTRIAN,OTHER,CLEAR,DRY,DAYLIGHT,TRAFFIC SIGNAL,NONE DETECTED,NONE DETECTED,CF7E08E2-6C16-4D56-8CD5-54874238C5C5,PEDESTRIAN,Cross/Enter at Intersection,UNKNOWN,AT INTERSECTION MARKED CROSSWALK,No,POSSIBLE INJURY,NONE,39.018254,-77.133304,"(39.018254, -77.133304)"
MCP3150000C,180018782,Montgomery County Police,Injury Crash,04/17/2018 06:39:00 PM,,,,INSIDE PARKING GARAGE LOCATED AT 1215 E. WEST HIGHWAY,,PEDESTRIAN,OTHER,CLEAR,,DARK LIGHTS ON,NO CONTROLS,N/A,N/A,622C85B5-9821-402E-B3AC-057EADEA8017,PEDESTRIAN,Other,OTHER,OTHER,No,SUSPECTED MINOR INJURY,NONE,38.99133833,-77.03088333,"(38.99133833, -77.03088333)"
MCP3077001G,200002377,Montgomery County Police,Injury Crash,01/14/2020 06:01:00 PM,Maryland (State),GREAT SENECA HWY,CLOPPER RD,,N/A,PEDESTRIAN,SINGLE VEHICLE,RAINING,WET,DARK LIGHTS ON,TRAFFIC SIGNAL,N/A,N/A,097F764F-8319-46A9-900E-B8E3C8AE9771,PEDESTRIAN,Cross/Enter at Intersection,NO IMPROPER ACTIONS,ON ROADWAY AT CROSSWALK,No,SUSPECTED MINOR INJURY,N/A,39.159129,-77.27545203,"(39.159129, -77.27545203)"
MCP2690001B,16011767,MONTGOMERY,Injury Crash,03/09/2016 07:11:00 PM,County,SHADY GROVE RD,EPSILON DR,,N/A,PEDESTRIAN,SINGLE VEHICLE,CLEAR,DRY,DARK LIGHTS ON,TRAFFIC SIGNAL,NONE DETECTED,NONE DETECTED,7FA0C343-FB82-471E-B117-BAED52162760,PEDESTRIAN,Cross/Enter at Intersection,NO IMPROPER ACTIONS,ON ROADWAY AT CROSSWALK,No,SUSPECTED MINOR INJURY,NONE,39.13842,-77.15335833,"(39.13842, -77.15335833)"
DD56040018,16008027,Rockville Police Departme,Injury Crash,02/17/2016 06:35:00 PM,Municipality,VEIRS MILL SERV RD,BROADWOOD DR,,ROCKVILLE,PEDESTRIAN,OTHER,CLEAR,DRY,DARK LIGHTS ON,TRAFFIC SIGNAL,NONE DETECTED,NONE DETECTED,BA0ACA24-C608-48CE-8035-6235ECA26CFE,PEDESTRIAN,Cross/Enter not at Intersection,IN ROADWAY IMPROPERLY,ON ROADWAY NOT AT CROSSWALK,Yes,SUSPECTED MINOR INJURY,NONE,39.07730667,-77.12410667,"(39.07730667, -77.12410667)"
MCP30890020,180063667,Montgomery County Police,Injury Crash,12/20/2018 08:33:00 PM,County,BROADBIRCH DR,CALVERTON BLVD (AHEAD),,N/A,PEDESTRIAN,SINGLE VEHICLE,RAINING,WET,DARK LIGHTS ON,TRAFFIC SIGNAL,UNKNOWN,N/A,1B7528F8-1F65-4815-91F3-A832818DC315,PEDESTRIAN,Cross/Enter at Intersection,N/A,AT INTERSECTION MARKED CROSSWALK,No,SUSPECTED MINOR INJURY,N/A,39.05601667,-76.95441167,"(39.05601667, -76.95441167)"
DD56240038,190052105,Rockville Police Departme,Property Damage Crash,10/29/2019 06:25:00 PM,Maryland (State),VEIRS MILL RD,ROCKVILLE PIKE,,N/A,PEDESTRIAN,OTHER,CLEAR,DRY,DARK LIGHTS ON,TRAFFIC SIGNAL,NONE DETECTED,UNKNOWN,42F23D27-007E-4668-8C8D-E1EB41D24520,PEDESTRIAN,Cross/Enter not at Intersection,DART DASH,ON ROADWAY NOT AT CROSSWALK,Yes,NO APPARENT INJURY,NONE,39.08141983,-77.14631333,"(39.08141983, -77.14631333)"
MCP2339006S,220008272,Montgomery County Police,Injury Crash,02/25/2022 04:06:00 PM,Municipality,PICCARD DR,GAITHER RD,,ROCKVILLE,"OTHER, PEDESTRIAN",OTHER,CLEAR,DRY,DAYLIGHT,TRAFFIC SIGNAL,NONE DETECTED,NONE DETECTED,E6DFE4E6-83D0-41AD-868F-3EB9BECC3D7B,PEDESTRIAN,Cross/Enter at Intersection,NO IMPROPER ACTIONS,ON ROADWAY AT CROSSWALK,No,SUSPECTED MINOR INJURY,NONE,39.115235,-77.17854167,"(39.115235, -77.17854167)"
MCP2703001K,170524793,Montgomery County Police,Injury Crash,08/14/2017 03:43:00 PM,County,LOCKWOOD DR,ENT TO BUSINESS,,N/A,PEDESTRIAN,N/A,CLOUDY,N/A,DAYLIGHT,NO CONTROLS,UNKNOWN,N/A,402EAD87-ABAE-464C-944C-2CB8F03E00DB,PEDESTRIAN,Cross/Enter not at Intersection,NO IMPROPER ACTIONS,UNKNOWN,No,POSSIBLE INJURY,N/A,39.04003833,-76.98950167,"(39.04003833, -76.98950167)"
MCP219800CT,230009185,Montgomery County Police,Injury Crash,02/23/2023 08:03:00 PM,Interstate (State),EISENHOWER MEMORIAL HWY,OUT CORP LMTS GAITHERSBURG,,N/A,PEDESTRIAN,SINGLE VEHICLE,CLEAR,DRY,DARK LIGHTS ON,TRAFFIC SIGNAL,N/A,ALCOHOL CONTRIBUTED,CD4E49DB-F674-49F3-8A6E-12C118DC4D7E,PEDESTRIAN,Cross/Enter at Intersection,DART DASH,AT INTERSECTION MARKED CROSSWALK,Yes,POSSIBLE INJURY,NONE,39.15665167,-77.22439167,"(39.15665167, -77.22439167)"
MCP10220031,15046845,MONTGOMERY,Injury Crash,09/16/2015 07:55:00 AM,County,RICHTER FARM RD,MOLASSES RUN DR,,N/A,PEDESTRIAN,SINGLE VEHICLE,CLEAR,DRY,DAYLIGHT,NO CONTROLS,NONE DETECTED,NONE DETECTED,C95F2528-4359-47FD-90E7-0827FD5A77D0,PEDESTRIAN,Cross/Enter at Intersection,DART DASH,ON ROADWAY NOT AT CROSSWALK,Yes,SUSPECTED MINOR INJURY,NONE,39.15317167,-77.285585,"(39.15317167, -77.285585)"
MCP2586003S,180013749,Montgomery County Police,Injury Crash,03/19/2018 07:55:00 PM,US (State),COLUMBIA PIKE,MUSGROVE RD,,N/A,PEDESTRIAN,OTHER,CLEAR,DRY,DARK LIGHTS ON,TRAFFIC SIGNAL,NONE DETECTED,NONE DETECTED,9B80A27C-2F8F-4610-A0E6-1DB1C1091348,PEDESTRIAN,Cross/Enter at Intersection,NO IMPROPER ACTIONS,ON ROADWAY AT CROSSWALK,No,SUSPECTED MINOR INJURY,N/A,39.06757,-76.95975,"(39.06757, -76.95975)"
MCP229800JX,180035562,Montgomery County Police,Injury Crash,07/18/2018 03:01:00 PM,Maryland (State),FREDERICK RD,REDLAND RD,,N/A,PEDESTRIAN,OTHER,N/A,DRY,DAYLIGHT,NO CONTROLS,NONE DETECTED,NONE DETECTED,BB09E9BD-0E3E-4AEF-A2CC-6BDBF6239F07,PEDESTRIAN,Walking/Riding w/Traffic,NO IMPROPER ACTIONS,SIDEWALK,No,SUSPECTED MINOR INJURY,N/A,39.114425,-77.16378333,"(39.114425, -77.16378333)"
MCP20540005,15057210,MONTGOMERY,Injury Crash,11/09/2015 09:30:00 PM,County,TECH RD,BROADBIRCH DR,,N/A,PEDESTRIAN,STRAIGHT MOVEMENT ANGLE,RAINING,WET,DARK NO LIGHTS,STOP SIGN,NONE DETECTED,NONE DETECTED,7B7B5AA6-21AF-499A-BE8D-361A1B6E9A15,PEDESTRIAN,Cross/Enter at Intersection,NO IMPROPER ACTIONS,AT INTERSECTION MARKED CROSSWALK,No,POSSIBLE INJURY,NONE,39.05590918,-76.96655363,"(39.05590918, -76.96655363)"
MCP2353009H,210044239,Montgomery County Police,Injury Crash,11/02/2021 08:51:00 AM,County,CHESTNUT ST,TILBURY ST,,N/A,OTHER CONVEYANCE,SINGLE VEHICLE,CLOUDY,DRY,DAYLIGHT,OTHER,NONE DETECTED,NONE DETECTED,8C8FB770-6800-440D-B8E8-708ADF6C8A6B,OTHER CONVEYANCE,Cross/Enter at Intersection,FAILURE TO YIELD RIGHT OF WAY,ON ROADWAY AT CROSSWALK,Yes,SUSPECTED MINOR INJURY,MC/BIKE HELMET,38.99348254,-77.09284703,"(38.99348254, -77.09284703)"
MCP2358003J,170516006,Montgomery County Police,Injury Crash,06/27/2017 12:32:00 PM,County,HARTMAN CT,CARMELITA DR,,N/A,PEDESTRIAN,OTHER,CLEAR,DRY,DAYLIGHT,NO CONTROLS,,NONE DETECTED,DF8103FC-A518-4EEF-9F2B-0DC77FA8ACD4,PEDESTRIAN,Getting off/on Vehicle,NO IMPROPER ACTIONS,OTHER,No,SUSPECTED MINOR INJURY,N/A,39.019355,-77.174371,"(39.019355, -77.174371)"
MCP30310049,220003867,Montgomery County Police,Injury Crash,01/28/2022 11:07:00 PM,Maryland (State),SPENCERVILLE RD,STABLER LA,,N/A,OTHER,SAME DIR REND LEFT TURN,RAINING,WET,DARK LIGHTS ON,NO CONTROLS,"ALCOHOL PRESENT, NONE DETECTED",NONE DETECTED,8A9CABEB-9594-462C-AB1F-4BA24796F7C3,OTHER,Standing,NO IMPROPER ACTIONS,SHOULDER,No,SUSPECTED SERIOUS INJURY,NONE,39.120805,-76.98727,"(39.120805, -76.98727)"
MCP2813003K,170528687,Montgomery County Police,Injury Crash,09/04/2017 08:37:00 PM,County,RANDOLPH RD,CONNECTICUT AVE,,N/A,PEDESTRIAN,SINGLE VEHICLE,CLEAR,DRY,DARK LIGHTS ON,TRAFFIC SIGNAL,N/A,N/A,D3DCC408-BA7D-4F91-A6D5-EE097AC1585D,PEDESTRIAN,Walking/Riding against Traffic,FAILURE TO OBEY TRAFFIC SIGNS SIGNALS OR OFFICER,ON ROADWAY NOT AT CROSSWALK,Yes,POSSIBLE INJURY,N/A,39.057405,-77.07432167,"(39.057405, -77.07432167)"
MCP2969000P,15034213,MONTGOMERY,Injury Crash,07/12/2015 01:55:00 PM,,,,"Parking Lot rear of 1111 University Blvd, Wheaton MD 20902.",,PEDESTRIAN,OTHER,CLEAR,,DAYLIGHT,NO CONTROLS,NONE DETECTED,NONE DETECTED,E863D339-CF13-4C21-81FB-9B82F2F13870,PEDESTRIAN,Other Working,NO IMPROPER ACTIONS,N/A,No,SUSPECTED MINOR INJURY,N/A,39.03709152,-77.02691406,"(39.03709152, -77.02691406)"
MCP2617006R,190002321,Montgomery County Police,Injury Crash,01/15/2019 04:10:00 PM,County,RANDOLPH RD,GARDEN GATE RD,,N/A,PEDESTRIAN,OTHER,CLEAR,DRY,DAYLIGHT,TRAFFIC SIGNAL,NONE DETECTED,NONE DETECTED,43CF3A0E-40C0-4108-A609-45489F750AF8,PEDESTRIAN,Cross/Enter at Intersection,NO IMPROPER ACTIONS,AT INTERSECTION MARKED CROSSWALK,No,NO APPARENT INJURY,NONE,39.06402,-77.03982167,"(39.06402, -77.03982167)"
EJ78870037,230062614,Gaithersburg Police Depar,Property Damage Crash,11/07/2023 07:20:00 AM,Municipality,FIRSTFIELD RD,BANK ST,,GAITHERSBURG,PEDESTRIAN,OTHER,CLEAR,DRY,DAYLIGHT,NO CONTROLS,NONE DETECTED,NONE DETECTED,B2FF0EAC-8C17-46D8-BC2F-0FD6CB16E348,PEDESTRIAN,Walking/Cycling on Sidewalk,OTHER,SIDEWALK,No,NO APPARENT INJURY,NONE,39.14047212,-77.22466919,"(39.14047212, -77.22466919)"
MCP31580020,190062484,Montgomery County Police,Property Damage Crash,12/28/2019 03:13:00 PM,County,FOUNDERS MILL DR,HOBBLE BUSH CT,,N/A,PEDESTRIAN,OTHER,CLEAR,DRY,DAYLIGHT,N/A,"N/A, NONE DETECTED",NONE DETECTED,D69325E2-03CB-4B48-ADE7-663DAF78FE00,PEDESTRIAN,N/A,NOT VISIBLE,INSIDE BUILDING,No,NO APPARENT INJURY,N/A,39.13830167,-77.148365,"(39.13830167, -77.148365)"
MCP2198007G,200004032,Montgomery County Police,Injury Crash,01/24/2020 05:49:00 PM,Maryland (State),S FREDERICK RD,FULKS CORNER AVE,,GAITHERSBURG,BICYCLIST,OPPOSITE DIRECTION SIDESWIPE,CLEAR,DRY,DARK LIGHTS ON,STOP SIGN,N/A,N/A,37CFDCBA-44D2-4906-BB9C-5C6C736BE4B1,BICYCLIST,Cross/Enter at Intersection,DART DASH,AT INTERSECTION BUT NO CROSSWALK,Yes,POSSIBLE INJURY,NONE,39.149585,-77.23332,"(39.149585, -77.23332)"
MCP271700F8,170547868,Montgomery County Police,Injury Crash,12/11/2017 11:45:00 AM,County,ARLINGTON RD,ELM ST,,N/A,BICYCLIST,SINGLE VEHICLE,CLEAR,DRY,DAYLIGHT,TRAFFIC SIGNAL,NONE DETECTED,NONE DETECTED,444838CC-1183-4E8E-B64E-00D6755026CE,BICYCLIST,Walking/Riding w/Traffic,NO IMPROPER ACTIONS,OTHER,No,SUSPECTED MINOR INJURY,MC/BIKE HELMET,38.98209717,-77.09799717,"(38.98209717, -77.09799717)"
MCP27080082,230009852,Montgomery County Police,Injury Crash,02/27/2023 07:13:00 PM,Maryland (State),PINEY BRANCH RD,UNIVERSITY BLVD E,,N/A,PEDESTRIAN,OTHER,RAINING,WET,DARK LIGHTS ON,TRAFFIC SIGNAL,NONE DETECTED,NONE DETECTED,AA6CBAA5-8E1D-4CF1-94E1-BD6A8E477954,PEDESTRIAN,Cross/Enter at Intersection,NO IMPROPER ACTIONS,ON ROADWAY AT CROSSWALK,No,POSSIBLE INJURY,NONE,38.99978642,-76.99526053,"(38.99978642, -76.99526053)"
DD55670007,15026057,Rockville Police Departme,Injury Crash,05/30/2015 12:10:00 AM,Municipality,CRAWFORD DR,HIGHWOOD RD,,ROCKVILLE,PEDESTRIAN,OTHER,CLEAR,DRY,DARK NO LIGHTS,N/A,NONE DETECTED,NONE DETECTED,AF3FD26D-EAB1-43C8-9183-821CB73BAF41,PEDESTRIAN,Standing,NO IMPROPER ACTIONS,ON ROADWAY NOT AT CROSSWALK,,SUSPECTED MINOR INJURY,NONE,39.07411068,-77.12552547,"(39.07411068, -77.12552547)"
MCP24690018,16047065,Montgomery County Police,Injury Crash,09/14/2016 07:30:00 AM,County,JACKSON RD,KERWOOD RD,,N/A,PEDESTRIAN,OTHER,N/A,DRY,DAYLIGHT,STOP SIGN,NONE DETECTED,NONE DETECTED,21789987-E63A-47D1-AA25-16E559A2809B,PEDESTRIAN,Cross/Enter at Intersection,NO IMPROPER ACTIONS,ON ROADWAY AT CROSSWALK,No,NO APPARENT INJURY,NONE,39.05556,-76.99408833,"(39.05556, -76.99408833)"
DD561500CL,220023561,Rockville Police Departme,Injury Crash,06/02/2022 09:00:00 AM,,,,"PARKING LOT OF 250 RICHARD MONTGOMERY DR ROCKVILLE, MARYLAND",,PEDESTRIAN,SINGLE VEHICLE,CLEAR,,DAYLIGHT,NO CONTROLS,NONE DETECTED,NONE DETECTED,DE2EADF2-BF90-4131-931B-1536125F0A9C,PEDESTRIAN,Walking to/from school,DART DASH,OTHER,No,POSSIBLE INJURY,NONE,39.07936509,-77.14508319,"(39.07936509, -77.14508319)"
MCP09420038,210027625,Montgomery County Police,Injury Crash,07/17/2021 12:58:00 PM,County,WOODMONT AVE,NORFOLK AVE,,N/A,"OTHER CONVEYANCE, PEDESTRIAN",OTHER,CLEAR,DRY,DAYLIGHT,NO CONTROLS,,NONE DETECTED,CE9904B3-E460-454E-8B7B-F1E8721B92BA,PEDESTRIAN,Cross/Enter not at Intersection,INATTENTIVE,ON ROADWAY NOT AT CROSSWALK,Yes,SUSPECTED MINOR INJURY,N/A,38.98796734,-77.09609225,"(38.98796734, -77.09609225)"
MCP12130035,170539200,Montgomery County Police,Injury Crash,10/27/2017 03:46:00 PM,,,,DRIVEWAY OF 2006 LONGMEAD RD,,PEDESTRIAN,STRAIGHT MOVEMENT ANGLE,CLEAR,,DAYLIGHT,N/A,NONE DETECTED,NONE DETECTED,AD7A7C53-FDC0-4E79-B5F3-5B5E2B3DB8FB,PEDESTRIAN,Standing,NO IMPROPER ACTIONS,OTHER,No,SUSPECTED SERIOUS INJURY,NONE,39.09699833,-77.04292833,"(39.09699833, -77.04292833)"
MCP2871001J,15021807,Montgomery County Police,Injury Crash,05/07/2015 06:45:00 PM,County,SEVEN LOCKS RD,ENGLISH WAY,,N/A,PEDESTRIAN,OTHER,CLEAR,DRY,DAYLIGHT,NO CONTROLS,NONE DETECTED,NONE DETECTED,DFC755D0-ACEB-4FA1-8F5B-C8875476BC2A,PEDESTRIAN,Walking/Riding against Traffic,DART DASH,ON ROADWAY NOT AT CROSSWALK,,SUSPECTED MINOR INJURY,N/A,39.00661167,-77.15979833,"(39.00661167, -77.15979833)"
MCP2850000M,15009433,Montgomery County Police,Injury Crash,02/27/2015 12:26:00 PM,,,,driveway/garage of 1957 middlebridge dr,,PEDESTRIAN,SINGLE VEHICLE,CLEAR,,DAYLIGHT,N/A,N/A,N/A,419A77B3-A30F-42EF-A7BA-3C623F6FF63C,PEDESTRIAN,Standing,NO IMPROPER ACTIONS,INSIDE BUILDING,,SUSPECTED MINOR INJURY,N/A,39.07400333,-77.04074167,"(39.07400333, -77.04074167)"
MCP2347002H,190061641,Montgomery County Police,Injury Crash,12/22/2019 01:41:00 PM,,,,2144 INDUSTRIAL PARKWAY PARKING LOT,,PEDESTRIAN,N/A,CLEAR,,DAYLIGHT,NO CONTROLS,NONE DETECTED,NONE DETECTED,224B9A28-E2C9-4385-9240-B821263C044D,PEDESTRIAN,Other,NO IMPROPER ACTIONS,OTHER,No,SUSPECTED MINOR INJURY,N/A,39.054455,-76.96905333,"(39.054455, -76.96905333)"