Report Number,Local Case Number,Agency Name,ACRS Report Type,Crash Date/Time,Route Type,Road Name,Cross-Street Name,Off-Road Description,Municipality,Related Non-Motorist,Collision Type,Weather,Surface Condition,Light,Traffic Control,Driver Substance Abuse,Non-Motorist Substance Abuse,Person ID,Pedestrian Type,Pedestrian Movement,Pedestrian Actions,Pedestrian Location,At Fault,Injury Severity,Safety Equipment,Latitude,Longitude,Location
MCP2563000Q,180022210,Montgomery County Police,Fatal Crash,05/06/2018 03:03:00 AM,US (State),COLUMBIA PIKE,FAIRLAND RD,,N/A,PEDESTRIAN,OTHER,RAINING,WET,DARK LIGHTS ON,TRAFFIC SIGNAL,"ALCOHOL PRESENT, NONE DETECTED",UNKNOWN,88FA7D26-FE25-4AA9-813C-086634081255,PEDESTRIAN,Standing,UNKNOWN,ON ROADWAY NOT AT CROSSWALK,Unknown,FATAL INJURY,NONE,39.07364508,-76.95570409,"(39.07364508, -76.95570409)"
MCP9424000H,15050537,MONTGOMERY,Injury Crash,10/06/2015 04:45:00 AM,Maryland (State),WOODFIELD RD,CHURCHILL DOWNS RD,,N/A,PEDESTRIAN,SAME DIR REAR END,CLEAR,DRY,DARK LIGHTS ON,N/A,NONE DETECTED,NONE DETECTED,AC96F3E9-E134-42EE-BBA8-2CF7B0725088,PEDESTRIAN,Walking/Riding w/Traffic,NOT VISIBLE,ON ROADWAY NOT AT CROSSWALK,No,POSSIBLE INJURY,N/A,39.21696333,-77.17322,"(39.21696333, -77.17322)"
HA2424000Y,19001241,Maryland-National Capital,Injury Crash,05/25/2019 12:10:00 PM,Government,BEACH DR,EAST WEST HWY,,N/A,BICYCLIST,SAME DIRECTION LEFT TURN,CLEAR,DRY,DAYLIGHT,N/A,N/A,N/A,A186B454-26F3-4ED5-BF08-5F72947F8FBE,BICYCLIST,Other,UNKNOWN,OTHER,Unknown,POSSIBLE INJURY,MC/BIKE HELMET,38.99089456,-77.06352375,"(38.99089456, -77.06352375)"
MCP20080062,190023569,Montgomery County Police,Injury Crash,05/18/2019 06:11:00 PM,County,FALLS RD,BURBANK DR,,N/A,BICYCLIST,OPPOSITE DIRECTION SIDESWIPE,N/A,DRY,DAYLIGHT,N/A,NONE DETECTED,NONE DETECTED,ACED7CBE-9E16-4A7C-97B2-426DD996DF14,BICYCLIST,Walking/Riding against Traffic,WRONG WAY RIDING OR WALKING,ON ROADWAY NOT AT CROSSWALK,Yes,SUSPECTED MINOR INJURY,MC/BIKE HELMET,39.01409667,-77.21513667,"(39.01409667, -77.21513667)"
MCP263900C8,210021006,Montgomery County Police,Injury Crash,06/03/2021 08:21:00 AM,Maryland (State),GEORGIA AVE,GEORGIAN WAY,,N/A,BICYCLIST,STRAIGHT MOVEMENT ANGLE,CLOUDY,WET,DAYLIGHT,NO CONTROLS,NONE DETECTED,NONE DETECTED,55DC5794-CEC4-4FCF-B5B0-DBC19A429BCA,BICYCLIST,Walking/Cycling on Sidewalk,NO IMPROPER ACTIONS,SIDEWALK,No,POSSIBLE INJURY,NONE,39.05428667,-77.05048833,"(39.05428667, -77.05048833)"
MCP2928000P,15033137,MONTGOMERY,Injury Crash,07/07/2015 08:00:00 AM,Maryland (State),GEORGIA AVE,BELVEDERE BLVD,,N/A,PEDESTRIAN,SINGLE VEHICLE,CLEAR,DRY,DAYLIGHT,NO CONTROLS,,NONE DETECTED,2718F89C-3315-4B74-A8A3-AD027251D4EC,PEDESTRIAN,Cross/Enter at Intersection,DART DASH,CURB,Yes,POSSIBLE INJURY,N/A,39.01950044,-77.04405069,"(39.01950044, -77.04405069)"
EJ7888002Z,220045189,Gaithersburg Police Depar,Injury Crash,10/15/2022 07:55:00 AM,County,MUDDY BRANCH RD,W DEER PARK RD,,GAITHERSBURG,OTHER,OTHER,CLEAR,DRY,DAYLIGHT,NO CONTROLS,NONE DETECTED,NONE DETECTED,0F2FB106-E69F-4914-81A6-0F74EB3D4FB6,OTHER,Walking/Riding w/Traffic,NO IMPROPER ACTIONS,ON ROADWAY NOT AT CROSSWALK,No,SUSPECTED MINOR INJURY,MC/BIKE HELMET,39.13549523,-77.20560648,"(39.13549523, -77.20560648)"
MCP13780084,15051294,MONTGOMERY,Injury Crash,10/09/2015 05:47:00 PM,Maryland (State),FREDERICK RD,CHRISTOPHER AVE,,GAITHERSBURG,BICYCLIST,SINGLE VEHICLE,CLOUDY,DRY,DAYLIGHT,NO CONTROLS,NONE DETECTED,NONE DETECTED,1252C8A6-4CD9-4A27-9A7B-E8927B23BDEC,BICYCLIST,Walking/Cycling on Sidewalk,WRONG WAY RIDING OR WALKING,ON ROADWAY NOT AT CROSSWALK,Yes,SUSPECTED MINOR INJURY,NONE,39.15746722,-77.21754134,"(39.15746722, -77.21754134)"
MCP32960014,220018844,Montgomery County Police,Injury Crash,05/03/2022 07:13:00 PM,,,,PARKING LOT IN FRONT OF 1707 JANUARY DR.,,PEDESTRIAN,SAME DIR REAR END,CLEAR,,DUSK,NO CONTROLS,,NONE DETECTED,C6389EAD-6444-4571-B7B4-3D23E8F22A50,PEDESTRIAN,Push/Work on Vehicle,DISABLED VEHICLE RELATED,OTHER,Unknown,SUSPECTED SERIOUS INJURY,NONE,39.04665833,-76.97653333,"(39.04665833, -76.97653333)"
DM83780011,170543250,Takoma Park Police Depart,Injury Crash,11/16/2017 05:30:00 PM,Municipality,MAPLE AVE,PHILADELPHIA AVE,,N/A,PEDESTRIAN,SINGLE VEHICLE,CLEAR,DRY,DARK LIGHTS ON,TRAFFIC SIGNAL,NONE DETECTED,NONE DETECTED,CDF53EF1-D6DC-4159-AE88-D1639C066824,PEDESTRIAN,Cross/Enter at Intersection,NOT VISIBLE,ON ROADWAY AT CROSSWALK,Unknown,POSSIBLE INJURY,UNKNOWN,38.98111,-77.01016667,"(38.98111, -77.01016667)"
MCP2951000F,15032919,MONTGOMERY,Injury Crash,07/06/2015 05:37:00 AM,,,,"2212 Glenmont Circle 
Silver Spring MD 20902
Parking Lot",,PEDESTRIAN,STRAIGHT MOVEMENT ANGLE,CLOUDY,,DARK LIGHTS ON,STOP SIGN,"N/A, NONE DETECTED",N/A,7C34C70B-6681-475D-A4A9-498AF8DD48EC,PEDESTRIAN,Getting off/on Vehicle,NO IMPROPER ACTIONS,SHOULDER,No,SUSPECTED MINOR INJURY,N/A,39.05815833,-77.048595,"(39.05815833, -77.048595)"
MCP30170018,200022101,Montgomery County Police,Injury Crash,06/04/2020 10:16:00 PM,County,GOSHEN RD,BRAMBLE BUSH DR,,N/A,PEDESTRIAN,OTHER,RAINING,WET,DARK -- UNKNOWN LIGHTING,NO CONTROLS,UNKNOWN,NONE DETECTED,8B5FDDF2-7462-42D1-A79F-1D2602168811,PEDESTRIAN,Walking/Riding against Traffic,NOT VISIBLE,SHOULDER,No,SUSPECTED MINOR INJURY,NONE,39.18006667,-77.18925833,"(39.18006667, -77.18925833)"
MCP28820025,170529585,Montgomery County Police,Injury Crash,09/09/2017 12:30:00 PM,Municipality,SCHOOL DR,MUDDY BRANCH RD,,N/A,PEDESTRIAN,SINGLE VEHICLE,CLEAR,DRY,DAYLIGHT,STOP SIGN,UNKNOWN,NONE DETECTED,6E8CB83B-A39D-4DF6-AFA2-3EBFFF49FCC1,PEDESTRIAN,Cross/Enter at Intersection,NO IMPROPER ACTIONS,AT INTERSECTION MARKED CROSSWALK,No,SUSPECTED MINOR INJURY,REFLECTIVE CLOTHING,39.11765599,-77.21704245,"(39.11765599, -77.21704245)"
MCP1174002Q,170548958,Montgomery County Police,Injury Crash,12/16/2017 12:49:00 PM,,,,"6930  ARLINGTON ROAD  BETHESDA, MD. 20814",,PEDESTRIAN,OTHER,CLEAR,,DAYLIGHT,NO CONTROLS,NONE DETECTED,NONE DETECTED,4D0D4DF1-24E8-418E-B668-54DB3E5AD88F,PEDESTRIAN,Other,NO IMPROPER ACTIONS,OTHER,No,POSSIBLE INJURY,NONE,38.9786777,-77.09883213,"(38.9786777, -77.09883213)"
MCP2765005S,210024808,Montgomery County Police,Injury Crash,06/28/2021 04:15:00 PM,,,,PARKING LOT NEAREST 16220 FREDERICK AVE,,PEDESTRIAN,OTHER,CLEAR,,DAYLIGHT,NO CONTROLS,,NONE DETECTED,75095143-7117-485A-BF93-A72DF51F5D08,PEDESTRIAN,Getting off/on Vehicle,OTHER,OTHER,Yes,SUSPECTED SERIOUS INJURY,NONE,39.12106,-77.17743667,"(39.12106, -77.17743667)"
MCP2830006F,230028047,Montgomery County Police,Injury Crash,06/11/2023 09:52:00 AM,Maryland (State),ASHTON RD,MINK HOLLOW RD,,N/A,BICYCLIST,SAME DIR REAR END,CLEAR,DRY,DAYLIGHT,NO CONTROLS,NONE DETECTED,NONE DETECTED,2DFC9666-AC96-4A62-8296-B09BE840E025,BICYCLIST,Walking/Riding w/Traffic,UNKNOWN,SHOULDER,No,SUSPECTED SERIOUS INJURY,MC/BIKE HELMET,39.15641924,-76.99754572,"(39.15641924, -76.99754572)"
MCP2936003M,200005204,Montgomery County Police,Injury Crash,01/31/2020 06:55:00 PM,County,TUCKERMAN LA,EXT FR SUBWAY,,N/A,PEDESTRIAN,OTHER,CLEAR,DRY,DARK LIGHTS ON,STOP SIGN,NONE DETECTED,NONE DETECTED,96C3AEED-A2B5-4718-B1A7-D2DD84D93C71,PEDESTRIAN,Cross/Enter at Intersection,NO IMPROPER ACTIONS,ON ROADWAY AT CROSSWALK,No,SUSPECTED SERIOUS INJURY,NONE,39.02751333,-77.10128333,"(39.02751333, -77.10128333)"
MCP209400L9,230004121,Montgomery County Police,Injury Crash,01/25/2023 03:13:00 PM,County,WOODMONT AVE,ELM ST,,N/A,PEDESTRIAN,OTHER,CLOUDY,WET,DAYLIGHT,TRAFFIC SIGNAL,UNKNOWN,NONE DETECTED,C4034FAF-6571-4D2F-B73F-E936EC177560,PEDESTRIAN,Cross/Enter at Intersection,NO IMPROPER ACTIONS,ON ROADWAY AT CROSSWALK,No,SUSPECTED SERIOUS INJURY,NONE,38.98224667,-77.09599333,"(38.98224667, -77.09599333)"
DM8492001H,230067301,Takoma Park Police Depart,Injury Crash,11/19/2023 09:01:00 PM,Maryland (State),ETHAN ALLEN AVE,JACKSON AVE,,TAKOMA PARK,PEDESTRIAN,SINGLE VEHICLE,CLEAR,DRY,DARK LIGHTS ON,STOP SIGN,N/A,N/A,E03EE11B-0141-4D9D-B43B-195736441DD9,PEDESTRIAN,Cross/Enter at Intersection,N/A,ON ROADWAY AT CROSSWALK,No,POSSIBLE INJURY,NONE,38.97797936,-77.00163372,"(38.97797936, -77.00163372)"
MCP30580036,190052818,Montgomery County Police,Injury Crash,11/02/2019 04:25:00 PM,Maryland (State),DARNESTOWN RD,JONES LA,,N/A,BICYCLIST,HEAD ON LEFT TURN,CLEAR,DRY,DAYLIGHT,NO CONTROLS,NONE DETECTED,NONE DETECTED,17E43519-AF52-4263-A66E-71628737CF3A,BICYCLIST,Cross/Enter at Intersection,NO IMPROPER ACTIONS,AT INTERSECTION BUT NO CROSSWALK,No,SUSPECTED SERIOUS INJURY,MC/BIKE HELMET,39.11395333,-77.26745667,"(39.11395333, -77.26745667)"
MCP2472001G,15049116,MONTGOMERY,Injury Crash,09/28/2015 09:05:00 AM,,,,In parking lot of 1580 Rockville Pike,,PEDESTRIAN,SINGLE VEHICLE,CLOUDY,,DAYLIGHT,N/A,NONE DETECTED,NONE DETECTED,ABCB0453-FD4F-4429-8873-B031BD3DCE58,PEDESTRIAN,Other,NO IMPROPER ACTIONS,OTHER,No,SUSPECTED MINOR INJURY,NONE,39.00172167,-77.109705,"(39.00172167, -77.109705)"
MCP3264003K,230005086,Montgomery County Police,Injury Crash,01/31/2023 01:00:00 PM,Maryland (State),GEORGIA AVE,FENWICK LA,,N/A,PEDESTRIAN,OTHER,RAINING,WET,DAYLIGHT,NO CONTROLS,NONE DETECTED,NONE DETECTED,E038A52D-4581-4ADC-9C0D-6EB8C1B59031,PEDESTRIAN,Cross/Enter at Intersection,NO IMPROPER ACTIONS,ON ROADWAY AT CROSSWALK,No,POSSIBLE INJURY,NONE,38.9983479,-77.0305945,"(38.9983479, -77.0305945)"
EJ7876002V,200041001,Gaithersburg Police Depar,Injury Crash,10/17/2020 07:00:00 PM,County,GOSHEN RD,ODENDHAL AVE,,GAITHERSBURG,BICYCLIST,OTHER,CLEAR,DRY,DARK LIGHTS ON,TRAFFIC SIGNAL,NONE DETECTED,NONE DETECTED,1185B870-A510-4743-AABB-DDFE09A57AF0,BICYCLIST,Cross/Enter at Intersection,NO IMPROPER ACTIONS,ON ROADWAY AT CROSSWALK,No,POSSIBLE INJURY,NONE,39.1525673,-77.19280328,"(39.1525673, -77.19280328)"
MCP271700SD,200034582,Montgomery County Police,Injury Crash,09/03/2020 08:30:00 PM,Maryland (State),UNIVERSITY BLVD W,ST PAUL ST,,N/A,PEDESTRIAN,OTHER,CLOUDY,WET,DARK LIGHTS ON,NO CONTROLS,NONE DETECTED,NONE DETECTED,AB9C199A-21B0-4919-97C4-99FC5E83E4EF,PEDESTRIAN,Cross/Enter at Intersection,NO IMPROPER ACTIONS,ON ROADWAY AT CROSSWALK,No,SUSPECTED MINOR INJURY,NONE,38.99764383,-77.10979817,"(38.99764383, -77.10979817)"
MCP25310012,180008862,Montgomery County Police,Injury Crash,02/20/2018 06:08:00 PM,,,,PARKING LOT OF 15 SCHOOL DR,,PEDESTRIAN,SINGLE VEHICLE,N/A,,DARK LIGHTS ON,N/A,N/A,N/A,A5660A69-82EB-4508-A8A3-5AD3D535B886,PEDESTRIAN,Playing,IN ROADWAY IMPROPERLY,OTHER,Yes,SUSPECTED SERIOUS INJURY,NONE,39.11929167,-77.21424667,"(39.11929167, -77.21424667)"
DD5540001X,220031080,Rockville Police Departme,Injury Crash,07/19/2022 03:55:00 PM,,,,PARKING LOT 1683 ROCKVILLE PIKE,,PEDESTRIAN,SINGLE VEHICLE,CLEAR,,DAYLIGHT,NO CONTROLS,NONE DETECTED,NONE DETECTED,AB460B3F-9A81-4456-93B8-3098A41FE8CA,PEDESTRIAN,Other,NO IMPROPER ACTIONS,N/A,No,SUSPECTED MINOR INJURY,N/A,39.07429441,-77.13723376,"(39.07429441, -77.13723376)"
MCP2708007Q,220025421,Montgomery County Police,Injury Crash,06/13/2022 03:58:00 PM,County,GREENWOOD AVE,PINEY BRANCH RD,,N/A,PEDESTRIAN,HEAD ON LEFT TURN,CLEAR,DRY,DAYLIGHT,TRAFFIC SIGNAL,NONE DETECTED,NONE DETECTED,8944645C-8B3D-4718-A906-1A81DB0C2AD4,PEDESTRIAN,Cross/Enter at Intersection,NO IMPROPER ACTIONS,ON ROADWAY AT CROSSWALK,No,SUSPECTED MINOR INJURY,NONE,38.99822301,-77.00215043,"(38.99822301, -77.00215043)"
MCP1235002X,210017760,Montgomery County Police,Injury Crash,05/11/2021 06:31:00 PM,,,,PARKING LOT OF 10121 NEW HAMPSHIRE AVENUE,,PEDESTRIAN,SINGLE VEHICLE,CLEAR,,DAYLIGHT,N/A,NONE DETECTED,NONE DETECTED,BF13040A-2232-478F-B346-A30619209FBA,PEDESTRIAN,Other,NO IMPROPER ACTIONS,OTHER,No,POSSIBLE INJURY,NONE,39.02064889,-76.9746419,"(39.02064889, -76.9746419)"
MCP28980046,230058555,Montgomery County Police,Injury Crash,10/04/2023 06:23:00 PM,Other Public Roadway,OBSERVATION DR,GERMANTOWN RD,,N/A,BICYCLIST,STRAIGHT MOVEMENT ANGLE,CLEAR,DRY,DAYLIGHT,TRAFFIC SIGNAL,N/A,N/A,7DA012A8-5D50-40A7-98E1-D6785F8821B7,BICYCLIST,Cross/Enter at Intersection,NO IMPROPER ACTIONS,ON ROADWAY AT CROSSWALK,No,NO APPARENT INJURY,NONE,39.19080667,-77.24775667,"(39.19080667, -77.24775667)"
MCP2771001C,220045999,Montgomery County Police,Property Damage Crash,10/20/2022 07:58:00 AM,Maryland (State),GEORGIA AVE,BEL PRE RD,,N/A,PEDESTRIAN,STRAIGHT MOVEMENT ANGLE,CLEAR,DRY,DAYLIGHT,NO CONTROLS,N/A,N/A,564B8296-F40B-429B-BE30-9B4CB880F365,PEDESTRIAN,Cross/Enter not at Intersection,DART DASH,ON ROADWAY NOT AT CROSSWALK,Yes,NO APPARENT INJURY,NONE,39.05838333,-77.04797667,"(39.05838333, -77.04797667)"
MCP2080000D,170520175,Montgomery County Police,Property Damage Crash,07/20/2017 02:27:00 PM,,,,PARKING LOT 13661 CONNECTICUT AVE,,OTHER,OTHER,N/A,,DAYLIGHT,N/A,UNKNOWN,NONE DETECTED,234C6078-B3A4-4F12-864D-9F1A368CE4E9,OTHER,N/A,NO IMPROPER ACTIONS,N/A,No,NO APPARENT INJURY,N/A,39.07840838,-77.0797348,"(39.07840838, -77.0797348)"
MCP2782004S,230049980,Montgomery County Police,Injury Crash,08/17/2023 06:39:00 PM,Maryland (State),GEORGIA AVE,KAYSON ST,,N/A,PEDESTRIAN,STRAIGHT MOVEMENT ANGLE,CLEAR,DRY,DAYLIGHT,NO CONTROLS,NONE DETECTED,NONE DETECTED,35176F48-0551-4E4A-A265-87FF8D7CAEAA,PEDESTRIAN,Unknown,NO IMPROPER ACTIONS,SIDEWALK,No,SUSPECTED MINOR INJURY,NONE,39.070845,-77.06336667,"(39.070845, -77.06336667)"
MCP32450043,230004325,Montgomery County Police,Injury Crash,01/26/2023 04:18:00 PM,County,FLOWER HILL WAY,MOUNTAIN LAUREL LA,,N/A,PEDESTRIAN,N/A,CLEAR,DRY,DAYLIGHT,NO CONTROLS,NONE DETECTED,NONE DETECTED,0DC6EFEE-EB96-4305-9615-6FDFA9F9BE40,PEDESTRIAN,Cross/Enter at Intersection,NO IMPROPER ACTIONS,ON ROADWAY AT CROSSWALK,No,SUSPECTED MINOR INJURY,NONE,39.16172543,-77.17262688,"(39.16172543, -77.17262688)"
MCP2948005L,220039398,Montgomery County Police,Property Damage Crash,09/10/2022 06:00:00 PM,Maryland (State),VEIRS MILL RD,RANDOLPH RD,,N/A,OTHER CONVEYANCE,STRAIGHT MOVEMENT ANGLE,CLEAR,DRY,DAYLIGHT,TRAFFIC SIGNAL,N/A,N/A,1311A1FB-3D3F-477D-8524-9FFB890B8EEA,OTHER CONVEYANCE,Cross/Enter at Intersection,FAILURE TO YIELD RIGHT OF WAY,AT INTERSECTION MARKED CROSSWALK,Yes,NO APPARENT INJURY,N/A,39.05605833,-77.08309333,"(39.05605833, -77.08309333)"
MCP2966002C,16038619,Montgomery County Police,Property Damage Crash,07/30/2016 08:54:00 PM,Maryland (State),GEORGIA AVE,CONNECTICUT AVE,,N/A,PEDESTRIAN,SINGLE VEHICLE,RAINING,WET,DARK LIGHTS ON,NO CONTROLS,NONE DETECTED,NONE DETECTED,46E15E94-9B72-4C35-AE75-157C1E4DB080,PEDESTRIAN,Cross/Enter not at Intersection,DART DASH,ON ROADWAY NOT AT CROSSWALK,Yes,NO APPARENT INJURY,NONE,39.08308,-77.078195,"(39.08308, -77.078195)"
MCP2961001S,17005654,Montgomery County Police,Injury Crash,02/01/2017 06:20:00 PM,,,,PARKING LOT ENTRANCE LOCATED AT 2424 UNIVERSITY BLVD W,,PEDESTRIAN,OTHER,N/A,,DARK LIGHTS ON,NO CONTROLS,UNKNOWN,NONE DETECTED,0039A590-D2C1-41B5-808A-69F7B3C1DDB0,PEDESTRIAN,Walking/Cycling on Sidewalk,NO IMPROPER ACTIONS,SIDEWALK,No,POSSIBLE INJURY,NONE,39.04144668,-77.05142811,"(39.04144668, -77.05142811)"
EJ7863000J,16051956,Gaithersburg Police Depar,Injury Crash,10/09/2016 05:51:00 PM,Maryland (State),GREAT SENECA HWY,QUINCE ORCHARD RD,,N/A,BICYCLIST,OTHER,CLEAR,DRY,N/A,TRAFFIC SIGNAL,NONE DETECTED,NONE DETECTED,3354E04E-FEF9-4D97-A44F-718538A79466,BICYCLIST,Cross/Enter at Intersection,NO IMPROPER ACTIONS,ON ROADWAY AT CROSSWALK,Yes,SUSPECTED SERIOUS INJURY,NONE,39.12861167,-77.23781167,"(39.12861167, -77.23781167)"
MCP31480019,190022260,Montgomery County Police,Injury Crash,05/11/2019 03:23:00 PM,County,WOODMONT AVE,BETHESDA AVE,,N/A,BICYCLIST,SAME DIRECTION LEFT TURN,CLEAR,WET,DAYLIGHT,NO CONTROLS,UNKNOWN,NONE DETECTED,E935F64F-BC9B-4818-B13C-3B07DCDEC9B3,BICYCLIST,Walking/Riding w/Traffic,FAILURE TO YIELD RIGHT OF WAY,IN BIKEWAY,Yes,SUSPECTED MINOR INJURY,UNKNOWN,38.98130658,-77.09555168,"(38.98130658, -77.09555168)"
MCP2240000M,15021766,Montgomery County Police,Injury Crash,05/07/2015 03:37:00 PM,County,SHADY GROVE RD,MUNCASTER MILL RD,,N/A,BICYCLIST,STRAIGHT MOVEMENT ANGLE,CLEAR,DRY,DAYLIGHT,TRAFFIC SIGNAL,NONE DETECTED,NONE DETECTED,A9FC4B96-63C9-463F-8331-3074731B63B7,BICYCLIST,Cross/Enter at Intersection,FAILURE TO YIELD RIGHT OF WAY,ON ROADWAY NOT AT CROSSWALK,,SUSPECTED MINOR INJURY,UNKNOWN,39.14884,-77.14724833,"(39.14884, -77.14724833)"
MCP2966001F,16001609,Montgomery County Police,Injury Crash,01/09/2016 01:28:00 PM,,,,CVS/KOREAN KORNER PARKING LOT-VEIRS MILL RD/RANDOLPH RD,,PEDESTRIAN,OTHER,RAINING,,DAYLIGHT,NO CONTROLS,NONE DETECTED,ALCOHOL CONTRIBUTED,1965E660-0C42-43E5-BF58-D8E80FD60ACE,PEDESTRIAN,Other,INATTENTIVE,OTHER,No,SUSPECTED MINOR INJURY,NONE,39.05744,-77.08330333,"(39.05744, -77.08330333)"
MCP2094004S,15021276,Montgomery County Police,Injury Crash,05/05/2015 11:05:00 AM,Maryland (State),BRADLEY LA,WISCONSIN AVE,,N/A,PEDESTRIAN,OTHER,CLEAR,DRY,DAYLIGHT,TRAFFIC SIGNAL,NONE DETECTED,NONE DETECTED,4706679A-0EB1-406B-9313-EA15825CFB4C,PEDESTRIAN,Cross/Enter at Intersection,NO IMPROPER ACTIONS,ON ROADWAY AT CROSSWALK,,POSSIBLE INJURY,N/A,38.97723333,-77.09056,"(38.97723333, -77.09056)"
EJ7895002T,220044439,Gaithersburg Police Depar,Injury Crash,10/11/2022 01:55:00 PM,,,,KAISER PERMANENTE PARKING LOT- 655 WATKINS MILL ROAD,,PEDESTRIAN,STRAIGHT MOVEMENT ANGLE,CLEAR,,DAYLIGHT,STOP SIGN,NONE DETECTED,NONE DETECTED,001E0018-D749-4BDF-A781-3B1B34C8BA4F,PEDESTRIAN,Cross/Enter at Intersection,NO IMPROPER ACTIONS,ON ROADWAY AT CROSSWALK,No,SUSPECTED MINOR INJURY,NONE,39.15680213,-77.22116675,"(39.15680213, -77.22116675)"
MCP2869003G,190021532,Montgomery County Police,Injury Crash,05/07/2019 03:00:00 PM,County,HENDERSON AVE,GRANDVIEW AVE,,N/A,BICYCLIST,OTHER,N/A,N/A,DAYLIGHT,STOP SIGN,NONE DETECTED,NONE DETECTED,643E2E57-C0B8-403B-9F68-138CCE019363,BICYCLIST,Cross/Enter at Intersection,FAILURE TO OBEY TRAFFIC SIGNS SIGNALS OR OFFICER,AT INTERSECTION BUT NO CROSSWALK,Yes,SUSPECTED SERIOUS INJURY,UNKNOWN,39.05102333,-77.05268667,"(39.05102333, -77.05268667)"
MCP1389002M,190058902,Montgomery County Police,Injury Crash,12/06/2019 07:05:00 PM,,,,PARKING LOT / SIDEWALK IN FRONT OF 451 NORTH FREDERICK AVENUE,,PEDESTRIAN,STRAIGHT MOVEMENT ANGLE,CLEAR,,DARK LIGHTS ON,N/A,NONE DETECTED,NONE DETECTED,59B1BC18-409E-467B-962F-8B7F6122A4E2,PEDESTRIAN,Walking/Cycling on Sidewalk,NO IMPROPER ACTIONS,SIDEWALK,No,SUSPECTED SERIOUS INJURY,N/A,39.14816833,-77.20596,"(39.14816833, -77.20596)"
MCP2877009S,220022976,Montgomery County Police,Property Damage Crash,05/29/2022 11:00:00 AM,County,GLEN RD,S GLEN RD,,N/A,BICYCLIST,SAME DIR REAR END,CLEAR,DRY,DAYLIGHT,STOP SIGN,NONE DETECTED,NONE DETECTED,39420612-269C-4543-81CD-D3D4E8997F73,BICYCLIST,Walking/Riding w/Traffic,OTHER,ON ROADWAY NOT AT CROSSWALK,Yes,NO APPARENT INJURY,MC/BIKE HELMET,39.04605037,-77.21778643,"(39.04605037, -77.21778643)"
MCP3068000F,170533903,Montgomery County Police,Injury Crash,09/29/2017 06:23:00 PM,Maryland (State),BRADLEY BLVD,FAIRFAX RD,,N/A,PEDESTRIAN,N/A,CLEAR,DRY,DUSK,TRAFFIC SIGNAL,N/A,N/A,79C40CEC-B352-4FF0-A144-4A77D23D4DE1,PEDESTRIAN,Cross/Enter at Intersection,FAILURE TO OBEY TRAFFIC SIGNS SIGNALS OR OFFICER,ON ROADWAY AT CROSSWALK,Yes,SUSPECTED MINOR INJURY,N/A,38.97778527,-77.10072041,"(38.97778527, -77.10072041)"
MCP2398001D,17016355,Montgomery County Police,Injury Crash,03/31/2017 01:13:00 PM,,,,PARKING LOT 9136 GAITHER RD,,PEDESTRIAN,OTHER,RAINING,,DAYLIGHT,NO CONTROLS,NONE DETECTED,NONE DETECTED,FCDDF913-5814-4DF4-B36E-BC4DE3689CE7,PEDESTRIAN,Other Working,OTHER,OTHER,Unknown,POSSIBLE INJURY,NONE,39.11607178,-77.18831862,"(39.11607178, -77.18831862)"
MCP20010009,15043165,MONTGOMERY,Fatal Crash,08/28/2015 06:15:00 AM,Maryland (State),MASSACHUSETTS AVE,OSCEOLA RD,,N/A,BICYCLIST,SAME DIR REAR END,CLEAR,DRY,DAWN,N/A,NONE DETECTED,NONE DETECTED,D966313B-B6D2-4340-9624-13D9336F0002,BICYCLIST,Walking/Riding w/Traffic,UNKNOWN,SHOULDER,No,FATAL INJURY,MC/BIKE HELMET,38.96492,-77.12308833,"(38.96492, -77.12308833)"
DD5605007R,200008087,Rockville Police Departme,Property Damage Crash,02/18/2020 12:00:00 PM,Municipality,E GUDE DR,ROTHGEB DR,,ROCKVILLE,PEDESTRIAN,OTHER,CLEAR,DRY,DAYLIGHT,TRAFFIC SIGNAL,NONE DETECTED,NONE DETECTED,4C2D7F9B-06C0-4CD0-A1C7-1F97CD8F7BA1,PEDESTRIAN,Cross/Enter at Intersection,NO IMPROPER ACTIONS,ON ROADWAY AT CROSSWALK,No,NO APPARENT INJURY,N/A,39.09601283,-77.13369633,"(39.09601283, -77.13369633)"
MCP2917001Z,170534983,Montgomery County Police,Injury Crash,10/05/2017 07:09:00 PM,,,,PARKING LOT OF 3111 HEWITT AVE,,PEDESTRIAN,OTHER,CLEAR,,DARK NO LIGHTS,NO CONTROLS,NONE DETECTED,NONE DETECTED,07A4251F-98A3-458A-BF72-02D3811BCA58,PEDESTRIAN,Other,DART DASH,ON ROADWAY NOT AT CROSSWALK,Yes,SUSPECTED MINOR INJURY,NONE,39.08025523,-77.06376761,"(39.08025523, -77.06376761)"
MCP2796003K,16038638,Montgomery County Police,Injury Crash,07/30/2016 10:40:00 PM,Maryland (State),GEORGIA AVE,DAMASCUS RD,,N/A,OTHER,SINGLE VEHICLE,RAINING,WET,DARK LIGHTS ON,PERSON,NONE DETECTED,NONE DETECTED,8E9025D8-F296-4C06-B5A0-494878065737,OTHER,Standing,NO IMPROPER ACTIONS,ON ROADWAY NOT AT CROSSWALK,No,POSSIBLE INJURY,REFLECTIVE CLOTHING,39.22143,-77.05992167,"(39.22143, -77.05992167)"
MCP29650023,170514547,Montgomery County Police,Injury Crash,06/19/2017 02:24:00 PM,County,MORNINGWOOD DR,MORNINGWOOD CT,,N/A,OTHER,SAME DIRECTION SIDESWIPE,CLEAR,DRY,DAYLIGHT,NO CONTROLS,NONE DETECTED,NONE DETECTED,A4A4D679-60F4-4CBF-8AFF-426C6C31CF4B,OTHER,Other,NO IMPROPER ACTIONS,CURB,No,POSSIBLE INJURY,NONE,39.15071167,-77.08828333,"(39.15071167, -77.08828333)"