Report Number,Local Case Number,Agency Name,ACRS Report Type,Crash Date/Time,Route Type,Road Name,Cross-Street Name,Off-Road Description,Municipality,Related Non-Motorist,Collision Type,Weather,Surface Condition,Light,Traffic Control,Driver Substance Abuse,Non-Motorist Substance Abuse,Person ID,Pedestrian Type,Pedestrian Movement,Pedestrian Actions,Pedestrian Location,At Fault,Injury Severity,Safety Equipment,Latitude,Longitude,Location
EJ7852004Z,210032042,Gaithersburg Police Depar,Injury Crash,08/17/2021 07:00:00 PM,Municipality,MAIN ST,MIDTOWN RD,,GAITHERSBURG,BICYCLIST,OTHER,RAINING,WET,DAYLIGHT,STOP SIGN,NONE DETECTED,NONE DETECTED,1679C6D0-0745-4B9B-B60A-0D8F6D080DB6,BICYCLIST,Cross/Enter at Intersection,UNKNOWN,ON ROADWAY NOT AT CROSSWALK,Unknown,SUSPECTED MINOR INJURY,MC/BIKE HELMET,39.12205721,-77.23864715,"(39.12205721, -77.23864715)"
MCP3224000G,200016841,Montgomery County Police,Injury Crash,04/22/2020 08:28:00 PM,County,OLD COLUMBIA PIKE,AMBERSTONE CT,,N/A,PEDESTRIAN,HEAD ON LEFT TURN,CLEAR,DRY,DARK LIGHTS ON,NO CONTROLS,NONE DETECTED,NONE DETECTED,387A4DEB-0CA7-4E52-8D6C-83A9B374099B,PEDESTRIAN,Cross/Enter at Intersection,NO IMPROPER ACTIONS,AT INTERSECTION BUT NO CROSSWALK,No,NO APPARENT INJURY,N/A,39.05413699,-76.97366375,"(39.05413699, -76.97366375)"
MCP2639009Y,200040433,Montgomery County Police,Injury Crash,10/14/2020 08:10:00 AM,,,,PARKING LOT OF 14101 GEORGIA AVE,,PEDESTRIAN,STRAIGHT MOVEMENT ANGLE,CLEAR,,DAYLIGHT,NO CONTROLS,UNKNOWN,NONE DETECTED,67FED444-FD33-4C75-9A6D-D2B5E9C811D6,PEDESTRIAN,Walking/Cycling on Sidewalk,NO IMPROPER ACTIONS,SIDEWALK,Unknown,POSSIBLE INJURY,NONE,39.08526063,-77.07821539,"(39.08526063, -77.07821539)"
MCP2931003P,190035842,Montgomery County Police,Injury Crash,07/27/2019 07:37:00 PM,Maryland (State),ROCKVILLE PIKE,TWINBROOK PKWY,,ROCKVILLE,PEDESTRIAN,N/A,N/A,DRY,DAYLIGHT,TRAFFIC SIGNAL,N/A,N/A,BA50C849-E941-4038-9EB9-8525F6421A66,PEDESTRIAN,Cross/Enter not at Intersection,FAILURE TO OBEY TRAFFIC SIGNS SIGNALS OR OFFICER,ON ROADWAY NOT AT CROSSWALK,Yes,POSSIBLE INJURY,N/A,39.05892167,-77.12170833,"(39.05892167, -77.12170833)"
MCP9113006B,200029550,Montgomery County Police,Injury Crash,07/30/2020 10:31:00 AM,County,WENDY LA,LOYOLA ST,,N/A,OTHER,OTHER,CLEAR,DRY,DAYLIGHT,NO CONTROLS,NONE DETECTED,NONE DETECTED,1F84FA47-FAA2-41D5-9D09-DF4ADA21D62F,OTHER,Getting off/on Vehicle,NO IMPROPER ACTIONS,CURB,No,SUSPECTED SERIOUS INJURY,N/A,39.079145,-77.074525,"(39.079145, -77.074525)"
MCP2298010D,220028163,Montgomery County Police,Injury Crash,06/30/2022 04:06:00 PM,County,BASSWOOD HILL DR,CHESTNUT GLEN RD,,N/A,OTHER PEDALCYCLIST,SINGLE VEHICLE,CLEAR,DRY,DAYLIGHT,NO CONTROLS,NONE DETECTED,NONE DETECTED,A400E03F-5381-4279-AF49-7B03538A1159,OTHER PEDALCYCLIST,Playing,N/A,OTHER,No,POSSIBLE INJURY,MC/BIKE HELMET,39.24493833,-77.18666,"(39.24493833, -77.18666)"
DD55200018,220040727,Rockville Police Departme,Injury Crash,09/19/2022 12:10:00 PM,Maryland (State),VEIRS MILL RD,ATLANTIC AVE,,ROCKVILLE,PEDESTRIAN,OTHER,CLEAR,DRY,DAYLIGHT,TRAFFIC SIGNAL,NONE DETECTED,NONE DETECTED,9D773FEC-E215-4F6E-8781-F90789CA3D54,PEDESTRIAN,Cross/Enter at Intersection,NO IMPROPER ACTIONS,N/A,No,SUSPECTED MINOR INJURY,NONE,39.07512,-77.11527,"(39.07512, -77.11527)"
MCP2792000B,15010539,Montgomery County Police,Injury Crash,03/07/2015 12:50:00 AM,Maryland (State),FREDERICK RD,GUNNERS BRANCH RD,,N/A,PEDESTRIAN,SAME DIR REAR END,CLEAR,WET,DARK LIGHTS ON,NO CONTROLS,NONE DETECTED,ALCOHOL PRESENT,CCFDE4BA-227B-4B88-91A3-5E31B5CCA1D0,PEDESTRIAN,Walking/Riding w/Traffic,INATTENTIVE,SHOULDER,,SUSPECTED MINOR INJURY,N/A,39.17533667,-77.23818667,"(39.17533667, -77.23818667)"
MCP2966001M,16007142,Montgomery County Police,Injury Crash,02/11/2016 06:21:00 PM,County,RANDOLPH RD,JUDSON RD,,N/A,BICYCLIST,SINGLE VEHICLE,N/A,DRY,DARK LIGHTS ON,STOP SIGN,NONE DETECTED,NONE DETECTED,0D107868-FE02-4CDC-9AE2-AC30322DDB6D,BICYCLIST,Cross/Enter at Intersection,N/A,SIDEWALK,No,SUSPECTED MINOR INJURY,NONE,39.05746333,-77.05223,"(39.05746333, -77.05223)"
DM84370022,180064994,Takoma Park Police Depart,Injury Crash,12/29/2018 12:07:00 AM,Municipality,KIRKLYNN AVE,HAMMOND AVE,,TAKOMA PARK,PEDESTRIAN,OTHER,CLEAR,WET,DARK LIGHTS ON,NO CONTROLS,UNKNOWN,NONE DETECTED,C5FE9C28-B8E4-47DA-B94D-8228A41888D5,PEDESTRIAN,Cross/Enter at Intersection,NO IMPROPER ACTIONS,ON ROADWAY NOT AT CROSSWALK,No,POSSIBLE INJURY,NONE,38.97810685,-77.01635761,"(38.97810685, -77.01635761)"
MCP2971001B,16025851,Montgomery County Police,Injury Crash,05/24/2016 05:54:00 PM,,,,"PARKING LOT IN FRONT OF 11507 FEBRUARY CIRCLE, SILVER SPRING, MARYLAND",,BICYCLIST,HEAD ON,CLEAR,,DAYLIGHT,NO CONTROLS,NONE DETECTED,NONE DETECTED,F4CC3E12-5FAA-4C2F-B969-F678B45DB89E,BICYCLIST,Cross/Enter not at Intersection,FAILURE TO YIELD RIGHT OF WAY,ON ROADWAY NOT AT CROSSWALK,Yes,POSSIBLE INJURY,NONE,39.04771489,-76.97713494,"(39.04771489, -76.97713494)"
MCP3149003C,220017080,Montgomery County Police,Injury Crash,04/22/2022 10:49:00 AM,US (State),COLESVILLE RD,RAMP 3 FR IS 495 EB TO US 29 NB,,N/A,PEDESTRIAN,OTHER,CLEAR,DRY,DAYLIGHT,NO CONTROLS,UNKNOWN,NONE DETECTED,6160703B-DA61-46E9-B0EB-DA1FE4A26003,PEDESTRIAN,Cross/Enter at Intersection,UNKNOWN,ON ROADWAY AT CROSSWALK,Unknown,SUSPECTED MINOR INJURY,N/A,39.015705,-77.01634,"(39.015705, -77.01634)"
MCP271700TC,210003454,Montgomery County Police,Injury Crash,01/27/2021 06:20:00 PM,Maryland (State),OLD GEORGETOWN RD,BATTERY LA,,N/A,PEDESTRIAN,SINGLE VEHICLE,CLEAR,DRY,DARK LIGHTS ON,TRAFFIC SIGNAL,NONE DETECTED,NONE DETECTED,88EED60E-F554-46A8-A176-AAC356CE0539,PEDESTRIAN,Cross/Enter at Intersection,NO IMPROPER ACTIONS,ON ROADWAY AT CROSSWALK,No,SUSPECTED MINOR INJURY,NONE,38.99041517,-77.10339017,"(38.99041517, -77.10339017)"
EJ7887000Z,210033443,Gaithersburg Police Depar,Injury Crash,08/29/2021 09:20:00 AM,Maryland (State),QUINCE ORCHARD RD,GREAT SENECA HWY,,N/A,BICYCLIST,OTHER,CLEAR,DRY,DAYLIGHT,TRAFFIC SIGNAL,UNKNOWN,NONE DETECTED,E36ECE0F-3705-418C-B738-03E1AD4FDBD9,BICYCLIST,Cross/Enter at Intersection,UNKNOWN,MEDIAN,No,SUSPECTED SERIOUS INJURY,NONE,39.12859599,-77.23752132,"(39.12859599, -77.23752132)"
MCP1438006G,180032711,Montgomery County Police,Injury Crash,07/03/2018 08:12:00 AM,,,,PARKING LOT OF 17 600 BLK OF TOWNE CREST DR.,,PEDESTRIAN,OTHER,CLEAR,,DAYLIGHT,NO CONTROLS,NONE DETECTED,NONE DETECTED,3872466E-C3C6-4C53-BBC3-D06F19D18C7C,PEDESTRIAN,Other,NO IMPROPER ACTIONS,OTHER,No,POSSIBLE INJURY,N/A,39.14556667,-77.17440333,"(39.14556667, -77.17440333)"
MCP3269001C,220005458,Montgomery County Police,Injury Crash,02/08/2022 07:30:00 AM,Maryland (State),UNIVERSITY BLVD E,LANGLEY DR,,N/A,PEDESTRIAN,OTHER,CLEAR,DRY,DAYLIGHT,NO CONTROLS,N/A,N/A,3456D8E9-C88F-4B7B-A581-C02AB05703B1,PEDESTRIAN,Cross/Enter at Intersection,NO IMPROPER ACTIONS,AT INTERSECTION MARKED CROSSWALK,No,POSSIBLE INJURY,N/A,39.00151344,-76.99572256,"(39.00151344, -76.99572256)"
MCP2892001G,16001993,Montgomery County Police,Injury Crash,01/11/2016 05:15:00 PM,,,,BANK OF AMERICA PARKING LOT,,PEDESTRIAN,OTHER,CLEAR,,N/A,NO CONTROLS,NONE DETECTED,NONE DETECTED,3EAC3D47-6C6A-4FA8-B1EA-EA37D1D368E6,PEDESTRIAN,Walking/Cycling on Sidewalk,NO IMPROPER ACTIONS,SIDEWALK,No,POSSIBLE INJURY,NONE,39.04118524,-77.05333516,"(39.04118524, -77.05333516)"
MCP2191000J,15009871,MONTGOMERY,Injury Crash,08/26/2015 01:38:00 PM,County,HILLMEAD RD,FERNWOOD RD,,N/A,PEDESTRIAN,OTHER,N/A,DRY,DAYLIGHT,NO CONTROLS,NONE DETECTED,NONE DETECTED,002AEA9C-1FA3-4ACD-A473-14D342634F15,PEDESTRIAN,Standing,NO IMPROPER ACTIONS,ON ROADWAY NOT AT CROSSWALK,No,POSSIBLE INJURY,N/A,39.00507167,-77.13367833,"(39.00507167, -77.13367833)"
MCP3201004H,230051628,Montgomery County Police,Injury Crash,08/27/2023 11:54:00 AM,Maryland (State),GERMANTOWN RD,DAWSON FARM RD,,N/A,BICYCLIST,OTHER,CLEAR,DRY,DAYLIGHT,TRAFFIC SIGNAL,NONE DETECTED,NONE DETECTED,4828E8E1-D005-4738-811A-C91303A279F0,BICYCLIST,Cross/Enter at Intersection,NO IMPROPER ACTIONS,ON ROADWAY AT CROSSWALK,No,SUSPECTED MINOR INJURY,MC/BIKE HELMET,39.17168167,-77.276875,"(39.17168167, -77.276875)"
MCP3188000L,190023386,Montgomery County Police,Injury Crash,05/17/2019 06:12:00 PM,,,,PARKING LOT OF STROSNIDERS HARDWARE,,PEDESTRIAN,STRAIGHT MOVEMENT ANGLE,CLEAR,,DAYLIGHT,TRAFFIC SIGNAL,UNKNOWN,NONE DETECTED,0457BF95-2024-48B3-ACE4-66AB520515CA,PEDESTRIAN,Cross/Enter at Intersection,NO IMPROPER ACTIONS,AT INTERSECTION MARKED CROSSWALK,No,SUSPECTED MINOR INJURY,NONE,38.97939135,-77.09878308,"(38.97939135, -77.09878308)"
MCP2348005Y,200043172,Montgomery County Police,Fatal Crash,11/02/2020 05:55:00 AM,County,SHADY GROVE RD,BRIARDALE RD,,N/A,PEDESTRIAN,OTHER,SEVERE WINDS,DRY,DARK LIGHTS ON,TRAFFIC SIGNAL,NONE DETECTED,NONE DETECTED,9254CF72-7606-4908-9F8B-BC2BB41F00AA,PEDESTRIAN,Cross/Enter not at Intersection,IN ROADWAY IMPROPERLY,ON ROADWAY NOT AT CROSSWALK,Yes,FATAL INJURY,N/A,39.13353833,-77.15848667,"(39.13353833, -77.15848667)"
MCP3070001H,200023621,Montgomery County Police,Injury Crash,06/16/2020 04:00:00 PM,,,,"4405 EAST WEST HWY BETHESDA, MD 20814",,PEDESTRIAN,OTHER,CLEAR,,DAYLIGHT,N/A,,N/A,80B2EE0C-5907-4BA0-BB94-4170A11DDEC7,PEDESTRIAN,Getting off/on Vehicle,DART DASH,OTHER,Yes,SUSPECTED MINOR INJURY,N/A,38.98585667,-77.09029,"(38.98585667, -77.09029)"
MCP3262000F,200025953,Montgomery County Police,Injury Crash,07/04/2020 11:54:00 AM,,E WAYNE AVENUE,MANCHESTER ROAD,,N/A,PEDESTRIAN,SINGLE VEHICLE,CLEAR,DRY,DAYLIGHT,NO CONTROLS,N/A,N/A,0B6E3D50-E340-4A1F-96CF-CC9907D98CB6,PEDESTRIAN,Standing,IN ROADWAY IMPROPERLY,ON ROADWAY NOT AT CROSSWALK,Yes,POSSIBLE INJURY,N/A,38.99979658,-77.00975653,"(38.99979658, -77.00975653)"
DD5637002J,210021285,Rockville Police Departme,Injury Crash,06/04/2021 09:08:00 PM,Maryland (State),FREDERICK RD,ENT TO SHADY GROVE METRO STATION,,N/A,PEDESTRIAN,OTHER,CLEAR,DRY,DARK LIGHTS ON,TRAFFIC SIGNAL,NONE DETECTED,NONE DETECTED,00629468-FF2E-4FE5-8721-020A876CE3E8,PEDESTRIAN,Cross/Enter at Intersection,NO IMPROPER ACTIONS,AT INTERSECTION MARKED CROSSWALK,No,SUSPECTED MINOR INJURY,NONE,39.11735454,-77.16884108,"(39.11735454, -77.16884108)"
MCP291400CN,220032095,Montgomery County Police,Injury Crash,07/25/2022 10:15:00 PM,Maryland (State),16TH ST,EAST WEST HWY,,N/A,OTHER,OTHER,CLEAR,N/A,DARK LIGHTS ON,TRAFFIC SIGNAL,N/A,N/A,BCE81ED3-041B-4F0D-B34B-0AFEA339E316,OTHER,Cross/Enter at Intersection,FAILURE TO OBEY TRAFFIC SIGNS SIGNALS OR OFFICER,ON ROADWAY AT CROSSWALK,Yes,SUSPECTED MINOR INJURY,UNKNOWN,38.991065,-77.02728667,"(38.991065, -77.02728667)"
MCP2717008H,16058916,Montgomery County Police,Injury Crash,11/15/2016 05:57:00 PM,Maryland (State),OLD GEORGETOWN RD,BEECH AVE,,N/A,BICYCLIST,OTHER,CLEAR,DRY,DARK LIGHTS ON,TRAFFIC SIGNAL,NONE DETECTED,NONE DETECTED,5688F534-FA23-4047-A86E-6841AF2B3A0D,BICYCLIST,Cross/Enter at Intersection,NO IMPROPER ACTIONS,ON ROADWAY AT CROSSWALK,No,SUSPECTED MINOR INJURY,MC/BIKE HELMET,39.01030333,-77.11492167,"(39.01030333, -77.11492167)"
MCP26860027,170548353,Montgomery County Police,Injury Crash,12/13/2017 03:10:00 PM,County,WARING STATION RD,STONEY BOTTOM RD,,N/A,PEDESTRIAN,SINGLE VEHICLE,CLEAR,DRY,DAYLIGHT,OTHER,N/A,N/A,9768BC9D-F4D2-4378-9F0D-00EF1399BE94,PEDESTRIAN,Getting off/on Vehicle,DART DASH,ON ROADWAY AT CROSSWALK,No,SUSPECTED MINOR INJURY,NONE,39.17321667,-77.253455,"(39.17321667, -77.253455)"
MCP2617006Q,180064692,Montgomery County Police,Injury Crash,12/27/2018 10:40:00 AM,County,BRIGHTVIEW ST,CONNECTICUT AVE SERVICE RD,,N/A,PEDESTRIAN,OTHER,N/A,DRY,DAYLIGHT,NO CONTROLS,NONE DETECTED,NONE DETECTED,BCF8E6C3-7BA5-49F9-9641-B06AAE450499,PEDESTRIAN,Cross/Enter not at Intersection,UNKNOWN,ON ROADWAY NOT AT CROSSWALK,No,SUSPECTED MINOR INJURY,NONE,39.12640667,-77.072385,"(39.12640667, -77.072385)"
MCP2859003K,170503514,Montgomery County Police,Injury Crash,04/22/2017 06:27:00 AM,County,SAM EIG HWY,FIELDS RD,,N/A,PEDESTRIAN,OTHER,RAINING,WET,DARK LIGHTS ON,TRAFFIC SIGNAL,NONE DETECTED,NONE DETECTED,8901FE23-F56B-43A4-902B-4680303727B0,PEDESTRIAN,Cross/Enter at Intersection,FAILURE TO YIELD RIGHT OF WAY,ON ROADWAY AT CROSSWALK,Yes,SUSPECTED MINOR INJURY,N/A,39.11646825,-77.20794439,"(39.11646825, -77.20794439)"
MCP2756004K,220040821,Montgomery County Police,Injury Crash,09/19/2022 06:49:00 PM,County,REEDIE DR,TRIANGLE LA,,N/A,OTHER,SINGLE VEHICLE,CLEAR,DRY,DAYLIGHT,NO CONTROLS,UNKNOWN,NONE DETECTED,103A86F3-C08D-4BF4-9D76-77CEB8311B3C,OTHER,Other,UNKNOWN,ON ROADWAY AT CROSSWALK,No,POSSIBLE INJURY,NONE,39.0385,-77.051776,"(39.0385, -77.051776)"
MCP137800V1,200040671,Montgomery County Police,Injury Crash,10/15/2020 03:32:00 PM,,,,PARKING LOT OF 9941 RIDGELINE DR,,OTHER CONVEYANCE,SINGLE VEHICLE,CLEAR,,DAYLIGHT,NO CONTROLS,NONE DETECTED,NONE DETECTED,3E7168BE-C729-46E3-AA46-2C3FBD122A42,OTHER CONVEYANCE,Playing,DART DASH,OTHER,Yes,SUSPECTED SERIOUS INJURY,NONE,39.17504,-77.20462833,"(39.17504, -77.20462833)"
MCP209400G4,200006910,Montgomery County Police,Injury Crash,02/11/2020 11:06:00 AM,County,NEBEL ST,MARINELLI RD,,N/A,PEDESTRIAN,OTHER,RAINING,WET,DAYLIGHT,STOP SIGN,NONE DETECTED,NONE DETECTED,63ED7A4A-C86F-4049-896F-B7F1A6EAD2DD,PEDESTRIAN,Cross/Enter at Intersection,NO IMPROPER ACTIONS,ON ROADWAY AT CROSSWALK,No,SUSPECTED SERIOUS INJURY,NONE,39.047995,-77.10563167,"(39.047995, -77.10563167)"
MCP3268003N,230074264,Montgomery County Police,Injury Crash,12/30/2023 11:19:00 AM,County,GREENCASTLE RD,LANSDALE CT,,N/A,PEDESTRIAN,SINGLE VEHICLE,CLEAR,DRY,DAYLIGHT,RAILWAY CROSSING DEVICE,NONE DETECTED,NONE DETECTED,CCF75BD4-AC86-47BA-A6B9-074D68E8002E,PEDESTRIAN,Cross/Enter at Intersection,NO IMPROPER ACTIONS,ON ROADWAY AT CROSSWALK,No,POSSIBLE INJURY,N/A,39.08252183,-76.93049133,"(39.08252183, -76.93049133)"
MCP2617009T,210045236,Montgomery County Police,Injury Crash,11/08/2021 03:00:00 PM,County,RANDOLPH RD,TIVOLI LAKE BLVD,,N/A,PEDESTRIAN,OTHER,CLEAR,DRY,DAYLIGHT,TRAFFIC SIGNAL,NONE DETECTED,NONE DETECTED,61898023-1DBF-4B9B-82E0-913E2FA1E2BC,PEDESTRIAN,Cross/Enter at Intersection,NO IMPROPER ACTIONS,AT INTERSECTION MARKED CROSSWALK,No,POSSIBLE INJURY,NONE,39.06626375,-77.0346701,"(39.06626375, -77.0346701)"
MCP0685001R,15061744,MONTGOMERY,Injury Crash,12/03/2015 12:55:00 PM,County,BOU AVE,ROCKVILLE PIKE,,N/A,PEDESTRIAN,SINGLE VEHICLE,N/A,DRY,DAYLIGHT,N/A,NONE DETECTED,NONE DETECTED,5D3E17B8-2F62-4076-A476-EAA8270C4A37,PEDESTRIAN,Cross/Enter not at Intersection,IN ROADWAY IMPROPERLY,ON ROADWAY NOT AT CROSSWALK,Yes,POSSIBLE INJURY,N/A,39.05630075,-77.11891651,"(39.05630075, -77.11891651)"
MCP1564006N,220033650,Montgomery County Police,Injury Crash,08/05/2022 02:00:00 PM,Maryland (State),ASHTON RD,NEW HAMPSHIRE AVE,,N/A,PEDESTRIAN,OTHER,CLEAR,DRY,DAYLIGHT,PERSON,NONE DETECTED,NONE DETECTED,AFC42064-B908-4BBE-BAE7-8A2F346B6693,PEDESTRIAN,Other Working,NO IMPROPER ACTIONS,OTHER,No,SUSPECTED MINOR INJURY,REFLECTIVE CLOTHING,39.15053833,-77.00895167,"(39.15053833, -77.00895167)"
MCP1475000Q,16015424,Montgomery County Police,Injury Crash,03/29/2016 06:00:00 PM,,,,PARKING LOT OF 9659 LOST KNIFE ROAD,,PEDESTRIAN,OTHER,CLEAR,,DAYLIGHT,N/A,NONE DETECTED,UNKNOWN,77D47AB4-2721-4792-B33C-A907F0BE2384,PEDESTRIAN,Cross/Enter not at Intersection,IN ROADWAY IMPROPERLY,ON ROADWAY NOT AT CROSSWALK,Yes,SUSPECTED MINOR INJURY,N/A,39.153467,-77.198422,"(39.153467, -77.198422)"
MCP32000021,200034798,Montgomery County Police,Injury Crash,09/05/2020 02:12:00 PM,Maryland (State),METROPOLITAN AVE,N KENSINGTON PKWY,,KENSINGTON,BICYCLIST,OTHER,CLEAR,DRY,DAYLIGHT,NO CONTROLS,UNKNOWN,NONE DETECTED,A49D4EE7-06EF-43E6-9D7D-7031B00AAEA3,BICYCLIST,Cross/Enter at Intersection,NO IMPROPER ACTIONS,ON ROADWAY AT CROSSWALK,No,SUSPECTED MINOR INJURY,MC/BIKE HELMET,39.02620496,-77.06980941,"(39.02620496, -77.06980941)"
MCP2757001P,170536392,Montgomery County Police,Property Damage Crash,10/13/2017 05:44:00 AM,County,KINGSWELL DR,LIVINGSTON ST,,N/A,PEDESTRIAN,SINGLE VEHICLE,N/A,N/A,DARK LIGHTS ON,NO CONTROLS,NONE DETECTED,NONE DETECTED,7604C228-E3AF-4408-B518-17FA188DC78C,PEDESTRIAN,Standing,OTHER,SHOULDER,No,NO APPARENT INJURY,N/A,39.05451784,-77.05814302,"(39.05451784, -77.05814302)"
MCP29730057,200040243,Montgomery County Police,Injury Crash,10/12/2020 11:20:00 PM,Maryland (State),GEORGIA AVE,GEORGIAN WAY,,N/A,PEDESTRIAN,OTHER,RAINING,WET,DARK LIGHTS ON,NO CONTROLS,N/A,N/A,24A4B5BC-399D-4F28-B480-D6E1EB191959,PEDESTRIAN,Cross/Enter not at Intersection,FAILURE TO YIELD RIGHT OF WAY,ON ROADWAY NOT AT CROSSWALK,Yes,POSSIBLE INJURY,N/A,39.05417941,-77.05045591,"(39.05417941, -77.05045591)"
MCP3027000T,170516426,Montgomery County Police,Injury Crash,06/29/2017 01:31:00 PM,,,,8580 2ND AVE - DRIVEWAY,,PEDESTRIAN,SINGLE VEHICLE,CLEAR,,DAYLIGHT,NO CONTROLS,NONE DETECTED,NONE DETECTED,71F89BAE-0EC1-4EBD-B782-38F809161AC8,PEDESTRIAN,Cross/Enter not at Intersection,NO IMPROPER ACTIONS,SIDEWALK,No,POSSIBLE INJURY,NONE,38.99645333,-77.03272,"(38.99645333, -77.03272)"
MCP292300B2,230059118,Montgomery County Police,Injury Crash,10/07/2023 01:52:00 PM,County,PARKER AVE,GEORGIA AVE,,N/A,BICYCLIST,OTHER,CLEAR,DRY,DAYLIGHT,STOP SIGN,NONE DETECTED,NONE DETECTED,3EDFC56B-767B-4848-BFB7-046BF5071DA5,BICYCLIST,Cross/Enter at Intersection,NO IMPROPER ACTIONS,AT INTERSECTION BUT NO CROSSWALK,No,SUSPECTED MINOR INJURY,NONE,39.04950383,-77.05174269,"(39.04950383, -77.05174269)"
EJ7888002S,220037298,Gaithersburg Police Depar,Injury Crash,08/29/2022 07:35:00 AM,Maryland (State),CLOPPER RD,SULLNICK WAY,,N/A,PEDESTRIAN,OTHER,CLEAR,DRY,DAYLIGHT,STOP SIGN,NONE DETECTED,NONE DETECTED,A7A000A5-D8A6-463D-97FF-8821C045061B,PEDESTRIAN,Cross/Enter at Intersection,NO IMPROPER ACTIONS,ON ROADWAY AT CROSSWALK,No,SUSPECTED MINOR INJURY,NONE,39.14816825,-77.2369545,"(39.14816825, -77.2369545)"
MCP2914004H,170508525,Montgomery County Police,Injury Crash,05/18/2017 04:40:00 PM,,,,APARTMENT COMPLEX PARKING LOT- INTERSECTION OF HAMPSHIRE GREEN LANE AND MT. PISGAH LANE,,PEDESTRIAN,OTHER,CLEAR,,DAYLIGHT,NO CONTROLS,N/A,N/A,CF4889F1-2623-4BA9-9642-FCB122646663,PEDESTRIAN,Cross/Enter not at Intersection,DART DASH,ON ROADWAY NOT AT CROSSWALK,Yes,SUSPECTED MINOR INJURY,NONE,39.015295,-76.976085,"(39.015295, -76.976085)"
EJ7846001H,16042355,Gaithersburg Police Depar,Property Damage Crash,08/20/2016 09:00:00 PM,,,,PARKING LOT OF 18 ONEILL DR.,,PEDESTRIAN,SINGLE VEHICLE,CLEAR,,DARK LIGHTS ON,NO CONTROLS,NONE DETECTED,NONE DETECTED,0664F25F-F0E1-44D7-81BE-EA6C7987B35E,PEDESTRIAN,Cross/Enter not at Intersection,NO IMPROPER ACTIONS,CURB,No,NO APPARENT INJURY,N/A,39.124215,-77.22279667,"(39.124215, -77.22279667)"
MCP1151008J,180054939,Montgomery County Police,Injury Crash,11/02/2018 07:50:00 AM,Maryland (State),FREDERICK RD,STRINGTOWN RD,,N/A,PEDESTRIAN,OTHER,CLOUDY,WET,DAYLIGHT,TRAFFIC SIGNAL,NONE DETECTED,NONE DETECTED,5FF08532-DBD3-425D-8ED6-3DE9BC5E0774,PEDESTRIAN,Cross/Enter at Intersection,NO IMPROPER ACTIONS,ON ROADWAY AT CROSSWALK,No,SUSPECTED MINOR INJURY,N/A,39.2374285,-77.2782255,"(39.2374285, -77.2782255)"
MCP12130066,210052617,Montgomery County Police,Injury Crash,12/25/2021 09:41:00 PM,County,GOOD HOPE RD,WINDMILL LA,,N/A,PEDESTRIAN,SAME DIRECTION SIDESWIPE,RAINING,WET,DARK LIGHTS ON,NO CONTROLS,NONE DETECTED,NONE DETECTED,40148C04-15A7-46E7-81E1-D5EF0944179C,PEDESTRIAN,Walking/Riding against Traffic,IN ROADWAY IMPROPERLY,ON ROADWAY NOT AT CROSSWALK,Yes,SUSPECTED MINOR INJURY,NONE,39.10075167,-76.98282833,"(39.10075167, -76.98282833)"
DD5642000K,190059738,Rockville Police Departme,Injury Crash,12/11/2019 05:10:00 PM,Maryland (State),HUNGERFORD DR,PARK RD,,ROCKVILLE,PEDESTRIAN,OTHER,CLEAR,DRY,DARK LIGHTS ON,TRAFFIC SIGNAL,NONE DETECTED,NONE DETECTED,26FE3ED2-A554-46E1-A8C5-B4F45DC8079C,PEDESTRIAN,Cross/Enter at Intersection,FAILURE TO OBEY TRAFFIC SIGNS SIGNALS OR OFFICER,ON ROADWAY NOT AT CROSSWALK,Yes,SUSPECTED MINOR INJURY,NONE,39.08537445,-77.14823534,"(39.08537445, -77.14823534)"
MCP29080012,15037874,MONTGOMERY,Injury Crash,07/31/2015 09:39:00 AM,US (State),COLESVILLE RD,HASTINGS DR,,N/A,"BICYCLIST, OTHER",STRAIGHT MOVEMENT ANGLE,N/A,DRY,DAYLIGHT,YIELD SIGN,NONE DETECTED,NONE DETECTED,83AA1B5E-7850-4AF6-88EE-6C7D7EA48870,BICYCLIST,Cross/Enter at Intersection,NO IMPROPER ACTIONS,ON ROADWAY AT CROSSWALK,No,SUSPECTED MINOR INJURY,MC/BIKE HELMET,39.013495,-77.01665167,"(39.013495, -77.01665167)"
EJ7833003W,170524565,Gaithersburg Police Depar,Injury Crash,08/12/2017 11:38:00 PM,,,,"PARKING LOT OF 111 WATKINS STATION CIRCLE IN GAITHERSBURG, MD 20877",,PEDESTRIAN,OTHER,N/A,,DARK LIGHTS ON,NO CONTROLS,UNKNOWN,ALCOHOL PRESENT,36CD596E-8654-4D8C-8BC5-DF30DFE126A0,PEDESTRIAN,Other,OTHER,OTHER,No,SUSPECTED SERIOUS INJURY,NONE,39.16057648,-77.2195711,"(39.16057648, -77.2195711)"
MCP28300029,16046204,Montgomery County Police,Injury Crash,09/09/2016 12:25:00 PM,,,,"18140 VILLAGE CENTER DR OLNEY MD 20832

PARKING LOT",,PEDESTRIAN,OTHER,N/A,,DAYLIGHT,N/A,NONE DETECTED,NONE DETECTED,88FE8152-3334-4469-9013-CD87382AC780,PEDESTRIAN,Standing,UNKNOWN,ON ROADWAY AT CROSSWALK,Unknown,POSSIBLE INJURY,NONE,39.152723,-77.064416,"(39.152723, -77.064416)"
DM8472000Y,190058947,Takoma Park Police Depart,Property Damage Crash,12/08/2019 10:36:00 PM,Municipality,ELM AVE,AUBURN AVE,,TAKOMA PARK,PEDESTRIAN,SINGLE VEHICLE,CLEAR,N/A,DARK LIGHTS ON,NO CONTROLS,N/A,N/A,B5BD6445-8246-4289-8BBE-E6087A47DD89,PEDESTRIAN,Other,NO IMPROPER ACTIONS,INSIDE BUILDING,No,NO APPARENT INJURY,NONE,38.97686218,-76.99578547,"(38.97686218, -76.99578547)"