Report Number,Local Case Number,Agency Name,ACRS Report Type,Crash Date/Time,Route Type,Road Name,Cross-Street Name,Off-Road Description,Municipality,Related Non-Motorist,Collision Type,Weather,Surface Condition,Light,Traffic Control,Driver Substance Abuse,Non-Motorist Substance Abuse,Person ID,Pedestrian Type,Pedestrian Movement,Pedestrian Actions,Pedestrian Location,At Fault,Injury Severity,Safety Equipment,Latitude,Longitude,Location
MCP2855004L,230055299,Montgomery County Police,Injury Crash,09/16/2023 09:11:00 PM,County,SOUTHWOOD AVE,COLESVILLE RD,,N/A,OTHER,SINGLE VEHICLE,CLEAR,DRY,DARK LIGHTS ON,TRAFFIC SIGNAL,NONE DETECTED,NONE DETECTED,08971039-213D-4E60-A172-0D6A0522762B,OTHER,Cross/Enter at Intersection,NOT VISIBLE,AT INTERSECTION BUT NO CROSSWALK,Unknown,SUSPECTED MINOR INJURY,NONE,39.0260546,-77.01099856,"(39.0260546, -77.01099856)"
MCP28100025,220054810,Montgomery County Police,Injury Crash,12/11/2022 05:15:00 PM,County,GOSHEN RD,SNOUFFERS SCHOOL RD,,N/A,PEDESTRIAN,ANGLE MEETS LEFT HEAD ON,CLEAR,DRY,DARK NO LIGHTS,TRAFFIC SIGNAL,N/A,N/A,6409A005-BB19-4C13-9463-7BEE04B8F8E5,PEDESTRIAN,Cross/Enter at Intersection,DART DASH,ON ROADWAY NOT AT CROSSWALK,Yes,POSSIBLE INJURY,N/A,39.18785883,-77.186636,"(39.18785883, -77.186636)"
MCP137800LD,180027452,Montgomery County Police,Injury Crash,06/04/2018 01:58:00 PM,,,,PARKING LOT OF 701 RUSSELL AVE NEXT TO SEARS AUTOMOTIVE,,PEDESTRIAN,SINGLE VEHICLE,CLOUDY,,DAYLIGHT,NO CONTROLS,NONE DETECTED,NONE DETECTED,3BCA003A-B908-46EA-8837-0B2226B10A28,PEDESTRIAN,Other,OTHER,OTHER,Yes,POSSIBLE INJURY,N/A,39.15233,-77.20239833,"(39.15233, -77.20239833)"
MCP15800083,170548290,Montgomery County Police,Property Damage Crash,12/13/2017 10:02:00 AM,,,,"600 N FREDERICK AVE
 PARING LOT OF
 TOYS R US",,OTHER,OTHER,N/A,,DAYLIGHT,N/A,NONE DETECTED,NONE DETECTED,1496C300-DD2D-426E-8545-BBB554AD8CCF,OTHER,Other,N/A,OTHER,No,NO APPARENT INJURY,OTHER,39.14987,-77.21113167,"(39.14987, -77.21113167)"
MCP3105004D,210044653,Montgomery County Police,Injury Crash,11/04/2021 12:01:00 PM,Maryland (State),GREAT SENECA HWY,WISTERIA DR,,N/A,PEDESTRIAN,SINGLE VEHICLE,CLEAR,DRY,DAYLIGHT,TRAFFIC SIGNAL,NONE DETECTED,UNKNOWN,2ACB0F3E-52EB-4967-A981-6500599E9A7A,PEDESTRIAN,Cross/Enter at Intersection,NO IMPROPER ACTIONS,AT INTERSECTION MARKED CROSSWALK,No,SUSPECTED SERIOUS INJURY,N/A,39.17106033,-77.26291867,"(39.17106033, -77.26291867)"
MCP94300005,200003744,Montgomery County Police,Injury Crash,01/23/2020 07:35:00 AM,County,FERNWOOD RD,GREYSWOOD RD,,N/A,PEDESTRIAN,OTHER,CLOUDY,DRY,DAYLIGHT,TRAFFIC SIGNAL,UNKNOWN,NONE DETECTED,093DE886-E67B-40AA-B334-16A142EEABC4,PEDESTRIAN,Cross/Enter at Intersection,NO IMPROPER ACTIONS,AT INTERSECTION MARKED CROSSWALK,No,SUSPECTED MINOR INJURY,N/A,39.01824757,-77.13333147,"(39.01824757, -77.13333147)"
EJ7857001R,170534764,Gaithersburg Police Depar,Injury Crash,10/04/2017 05:18:00 PM,Maryland (State),W DIAMOND AVE,RAMP 7 FR MD 117 WB TO RAMP 6 (TO IS270),,N/A,BICYCLIST,SINGLE VEHICLE,CLEAR,DRY,DAYLIGHT,OTHER,NONE DETECTED,NONE DETECTED,F8341DA4-9D08-4E9C-BCEE-C7EA836AD1B2,BICYCLIST,Other,N/A,OTHER,No,SUSPECTED MINOR INJURY,NONE,39.14052333,-77.21426,"(39.14052333, -77.21426)"
EJ78530025,17010105,Gaithersburg Police Depar,Injury Crash,02/24/2017 09:24:00 PM,,GIRARD ST.,GLORIA WAY,,N/A,BICYCLIST,STRAIGHT MOVEMENT ANGLE,CLEAR,DRY,DARK LIGHTS ON,STOP SIGN,NONE DETECTED,NONE DETECTED,376C0364-B1D5-4316-93C4-3B0B66F4FD9B,BICYCLIST,Walking/Riding w/Traffic,NO IMPROPER ACTIONS,OTHER,No,SUSPECTED MINOR INJURY,NONE,39.14461483,-77.18357921,"(39.14461483, -77.18357921)"
MCP2008003R,170509660,Montgomery County Police,Injury Crash,05/24/2017 05:18:00 PM,County,LONE OAK DR,OLD GEORGETOWN RD,,N/A,BICYCLIST,STRAIGHT MOVEMENT ANGLE,CLOUDY,DRY,DAYLIGHT,TRAFFIC SIGNAL,NONE DETECTED,NONE DETECTED,A6849E6F-4821-41AD-912A-2820802F5CBC,BICYCLIST,Cross/Enter at Intersection,FAILURE TO OBEY TRAFFIC SIGNS SIGNALS OR OFFICER,AT INTERSECTION MARKED CROSSWALK,Yes,SUSPECTED MINOR INJURY,NONE,39.020575,-77.12265667,"(39.020575, -77.12265667)"
MCP26830062,220041978,Montgomery County Police,Injury Crash,09/26/2022 07:22:00 PM,County,MONTGOMERY VILLAGE AVE,CLUB HOUSE RD,,N/A,PEDESTRIAN,OTHER,CLEAR,DRY,DARK LIGHTS ON,TRAFFIC SIGNAL,NONE DETECTED,NONE DETECTED,D1A73AED-83F0-42A0-B8BE-C0E274956BA2,PEDESTRIAN,Cross/Enter at Intersection,DART DASH,ON ROADWAY AT CROSSWALK,Yes,POSSIBLE INJURY,NONE,39.17456428,-77.2036172,"(39.17456428, -77.2036172)"
MCP3063001K,190013119,Montgomery County Police,Injury Crash,03/21/2019 10:19:00 AM,County,STEWART LA,APRIL LA,,N/A,PEDESTRIAN,SINGLE VEHICLE,RAINING,WET,DARK NO LIGHTS,N/A,N/A,ALCOHOL PRESENT,FCF4638B-2AC1-40B5-8FE2-0CE5539D6E4D,PEDESTRIAN,Standing,IN ROADWAY IMPROPERLY,ON ROADWAY NOT AT CROSSWALK,Yes,SUSPECTED MINOR INJURY,N/A,39.04562665,-76.98238652,"(39.04562665, -76.98238652)"
MCP24960031,210036011,Montgomery County Police,Injury Crash,09/12/2021 07:30:00 PM,County,STEWART LA,LOCKWOOD DR,,N/A,PEDESTRIAN,SINGLE VEHICLE,CLEAR,DRY,DUSK,NO CONTROLS,NONE DETECTED,NONE DETECTED,844644FE-A0DF-4988-8DD2-5634F7959844,PEDESTRIAN,Other,DART DASH,OTHER,Unknown,SUSPECTED MINOR INJURY,NONE,39.043801,-76.9787472,"(39.043801, -76.9787472)"
MCP3074002W,180061167,Montgomery County Police,Injury Crash,12/07/2018 08:04:00 AM,County,TIMBERWOOD AVE,COLESVILLE RD,,N/A,PEDESTRIAN,SINGLE VEHICLE,CLEAR,DRY,DAYLIGHT,NO CONTROLS,UNKNOWN,N/A,E20863AE-0C17-4DCA-8A6B-4458C1719819,PEDESTRIAN,Cross/Enter at Intersection,NO IMPROPER ACTIONS,ON ROADWAY NOT AT CROSSWALK,No,POSSIBLE INJURY,NONE,39.02100667,-77.011585,"(39.02100667, -77.011585)"
MCP2948001W,170529421,Montgomery County Police,Injury Crash,09/08/2017 03:43:00 PM,Maryland (State),GEORGIA AVE,RANDOLPH RD,,N/A,PEDESTRIAN,OTHER,CLEAR,DRY,DAYLIGHT,NO CONTROLS,N/A,NONE DETECTED,5238E767-9998-4C83-A196-2F90960BA832,PEDESTRIAN,Other,IN ROADWAY IMPROPERLY,ON ROADWAY NOT AT CROSSWALK,Yes,SUSPECTED SERIOUS INJURY,N/A,39.05910103,-77.05020905,"(39.05910103, -77.05020905)"
DD5595007Z,190051199,Rockville Police Departme,Injury Crash,10/27/2019 06:53:00 PM,Municipality,CHAPMAN AVE,TWINBROOK PKWY,,ROCKVILLE,PEDESTRIAN,SINGLE VEHICLE,CLEAR,DRY,DARK LIGHTS ON,TRAFFIC SIGNAL,UNKNOWN,NONE DETECTED,64450CF5-A219-42D5-B70D-6BEEC4D1DAA6,PEDESTRIAN,Cross/Enter at Intersection,NO IMPROPER ACTIONS,ON ROADWAY AT CROSSWALK,No,SUSPECTED MINOR INJURY,N/A,39.05861169,-77.11889264,"(39.05861169, -77.11889264)"
MCP31090039,190046689,Montgomery County Police,Injury Crash,09/29/2019 02:50:00 PM,County,FENTON ST,SILVER SPRING AVE,,N/A,BICYCLIST,SAME DIRECTION LEFT TURN,CLEAR,DRY,DAYLIGHT,NO CONTROLS,NONE DETECTED,NONE DETECTED,73BB0070-8867-478B-A1FC-3CF519878D27,BICYCLIST,Walking/Riding w/Traffic,OTHER,ON ROADWAY NOT AT CROSSWALK,Unknown,SUSPECTED MINOR INJURY,MC/BIKE HELMET,38.99094767,-77.02418567,"(38.99094767, -77.02418567)"
MCP2990000Q,190013132,Montgomery County Police,Injury Crash,03/21/2019 09:40:00 PM,County,APPLE RIDGE RD,MONTGOMERY VILLAGE AVE,,N/A,PEDESTRIAN,OTHER,RAINING,WET,DARK LIGHTS ON,TRAFFIC SIGNAL,NONE DETECTED,NONE DETECTED,67A93E99-7642-4C11-96BE-82E858200716,PEDESTRIAN,Cross/Enter at Intersection,NO IMPROPER ACTIONS,ON ROADWAY AT CROSSWALK,No,SUSPECTED MINOR INJURY,NONE,39.18683833,-77.19853833,"(39.18683833, -77.19853833)"
MCP2933000N,15058000,MONTGOMERY,Injury Crash,11/13/2015 04:10:00 PM,Maryland (State),WILSON LA,MERRICK RD,,N/A,PEDESTRIAN,SINGLE VEHICLE,CLEAR,DRY,DAYLIGHT,NO CONTROLS,NONE DETECTED,NONE DETECTED,87CBB804-905E-41FB-A27D-2BB1EFD0034C,PEDESTRIAN,Cross/Enter not at Intersection,DART DASH,ON ROADWAY NOT AT CROSSWALK,Yes,SUSPECTED MINOR INJURY,N/A,38.98963612,-77.12262869,"(38.98963612, -77.12262869)"
MCP33620018,230032001,Montgomery County Police,Injury Crash,07/05/2023 10:39:00 AM,,,,PARKING LOT OF 11120 NEW HAMPSHIRE AVE.,,PEDESTRIAN,STRAIGHT MOVEMENT ANGLE,CLEAR,,DAYLIGHT,NO CONTROLS,NONE DETECTED,NONE DETECTED,5BA9DBDB-1455-4010-9C4D-BDAAA7F3A84E,PEDESTRIAN,Cross/Enter not at Intersection,NO IMPROPER ACTIONS,DRIVEWAY ACCESS MARKED CROSSWALK,No,SUSPECTED MINOR INJURY,NONE,39.037575,-76.990425,"(39.037575, -76.990425)"
EJ78260039,180019484,Gaithersburg Police Depar,Injury Crash,04/21/2018 09:38:00 AM,County,SAM EIG HWY,GREAT SENECA HWY,,N/A,OTHER,SAME DIR REAR END,CLEAR,DRY,DAYLIGHT,N/A,N/A,N/A,56398B86-40CD-4A83-9A6C-0475D8A1B41B,OTHER,Other Working,NO IMPROPER ACTIONS,ON ROADWAY NOT AT CROSSWALK,No,POSSIBLE INJURY,REFLECTIVE CLOTHING,39.10968,-77.211745,"(39.10968, -77.211745)"
MCP242500BB,170535583,Montgomery County Police,Injury Crash,10/09/2017 07:56:00 AM,County,SCHINDLER DR,LA GRANDE RD,,N/A,PEDESTRIAN,SINGLE VEHICLE,N/A,WET,DAYLIGHT,NO CONTROLS,NONE DETECTED,NONE DETECTED,F5066003-F927-4F2F-B5D2-70E7AF21653D,PEDESTRIAN,Cross/Enter not at Intersection,DART DASH,ON ROADWAY NOT AT CROSSWALK,Yes,POSSIBLE INJURY,UNKNOWN,39.02773833,-76.99080667,"(39.02773833, -76.99080667)"
MCP3201001X,210026522,Montgomery County Police,Injury Crash,07/10/2021 10:45:00 AM,County,MILESTONE CENTER DR,OBSERVATION DR,,N/A,BICYCLIST,OTHER,CLEAR,DRY,DAYLIGHT,TRAFFIC SIGNAL,N/A,N/A,66D81C4C-268B-4C85-A892-23C0D82D71ED,BICYCLIST,Cross/Enter at Intersection,NO IMPROPER ACTIONS,ON ROADWAY AT CROSSWALK,No,POSSIBLE INJURY,NONE,39.20428183,-77.26000367,"(39.20428183, -77.26000367)"
MCP20870028,180041953,Montgomery County Police,Injury Crash,08/23/2018 09:09:00 AM,County,RANDOLPH RD,JUDSON RD,,N/A,OTHER,SINGLE VEHICLE,CLEAR,DRY,DAYLIGHT,STOP SIGN,NONE DETECTED,NONE DETECTED,53EC57BF-0314-4B6A-8A09-77474858A9CC,OTHER,Standing,NO IMPROPER ACTIONS,AT INTERSECTION BUT NO CROSSWALK,No,SUSPECTED SERIOUS INJURY,REFLECTIVE CLOTHING,39.05770833,-77.05182833,"(39.05770833, -77.05182833)"
MCP3021006J,230027571,Montgomery County Police,Injury Crash,06/08/2023 01:58:00 PM,,,,12210 PLUM ORCHARD DR,,PEDESTRIAN,SINGLE VEHICLE,CLEAR,,DAYLIGHT,NO CONTROLS,NONE DETECTED,NONE DETECTED,0242EF3A-0F09-47D1-9AB4-B3CF7F99C83E,PEDESTRIAN,Cross/Enter not at Intersection,DART DASH,OTHER,Yes,SUSPECTED MINOR INJURY,NONE,39.05798167,-76.95751667,"(39.05798167, -76.95751667)"
MCP3161001S,190048151,Montgomery County Police,Injury Crash,10/07/2019 03:39:00 PM,Maryland (State),UNIVERSITY BLVD W,PERRY AVE,,KENSINGTON,PEDESTRIAN,SAME DIR REAR END,CLEAR,DRY,DAYLIGHT,N/A,NONE DETECTED,NONE DETECTED,10E8645F-28F0-47A3-9F86-1967E2B03C01,PEDESTRIAN,Cross/Enter at Intersection,UNKNOWN,ON ROADWAY AT CROSSWALK,No,POSSIBLE INJURY,NONE,39.03274833,-77.07378833,"(39.03274833, -77.07378833)"
DM83740015,17006921,Takoma Park Police Depart,Property Damage Crash,02/08/2017 04:16:00 PM,Maryland (State),NEW HAMPSHIRE AVE,HOLTON LA,,TAKOMA PARK,PEDESTRIAN,OTHER,CLEAR,DRY,DAYLIGHT,TRAFFIC SIGNAL,UNKNOWN,N/A,04AC473C-BE38-4D96-9B38-3C1B2942A8CB,PEDESTRIAN,Cross/Enter at Intersection,N/A,ON ROADWAY AT CROSSWALK,No,NO APPARENT INJURY,N/A,38.98581167,-76.98761333,"(38.98581167, -76.98761333)"
MCP3079003J,210014260,Montgomery County Police,Injury Crash,04/16/2021 05:08:00 PM,,,,IN PARKING LOT OF 19700 BLK CRYSTAL ROCK DR,,PEDESTRIAN,OTHER,CLEAR,,DAYLIGHT,NO CONTROLS,NONE DETECTED,N/A,B42F4A6D-4D08-4390-A091-8EA96A08F96C,PEDESTRIAN,Getting off/on Vehicle,NO IMPROPER ACTIONS,OTHER,No,SUSPECTED MINOR INJURY,NONE,39.17947398,-77.25986635,"(39.17947398, -77.25986635)"
MCP2651004K,210027608,Montgomery County Police,Injury Crash,07/17/2021 09:50:00 AM,US (State),COLUMBIA PIKE,BURNT MILLS AVE,,N/A,PEDESTRIAN,OTHER,CLEAR,DRY,DAYLIGHT,TRAFFIC SIGNAL,N/A,N/A,7B607F92-8E48-475B-B151-05E84126971D,PEDESTRIAN,Cross/Enter at Intersection,IN ROADWAY IMPROPERLY,ON ROADWAY NOT AT CROSSWALK,Yes,POSSIBLE INJURY,NONE,39.03627412,-77.00019348,"(39.03627412, -77.00019348)"
MCP3190000M,190021462,Montgomery County Police,Injury Crash,05/07/2019 10:00:00 AM,,N LEISUREWORLD BLVD,INTERLACHEN DR,,N/A,PEDESTRIAN,OTHER,CLEAR,DRY,DAYLIGHT,STOP SIGN,NONE DETECTED,NONE DETECTED,EAA596BF-091B-4A11-A4E6-F627772F0508,PEDESTRIAN,Cross/Enter at Intersection,NO IMPROPER ACTIONS,ON ROADWAY AT CROSSWALK,No,SUSPECTED SERIOUS INJURY,NONE,39.10920667,-77.06784,"(39.10920667, -77.06784)"
MCP3264003P,230015777,Montgomery County Police,Injury Crash,04/02/2023 12:53:00 PM,,,,PARKING LOT OF 1280 EAST WEST HWY SILVER SPRING MD 20910,,PEDESTRIAN,OTHER,CLEAR,,DAYLIGHT,NO CONTROLS,NONE DETECTED,NONE DETECTED,54368B2B-ACBA-49E9-87DC-880BD04C29D0,PEDESTRIAN,Cross/Enter not at Intersection,NO IMPROPER ACTIONS,ON ROADWAY NOT AT CROSSWALK,No,POSSIBLE INJURY,NONE,38.99206833,-77.03204,"(38.99206833, -77.03204)"
DM8450000C,15049110,TAKOMA,Property Damage Crash,09/28/2015 08:57:00 AM,Municipality,MAPLE AVE,LEE AVE,,TAKOMA PARK,"BICYCLIST, PEDESTRIAN",OTHER,CLOUDY,DRY,DAYLIGHT,SCHOOL ZONE SIGN DEVICE,,NONE DETECTED,1CB2D94E-FD34-4663-B1C1-326D5DCBFD25,PEDESTRIAN,Walking to/from school,NO IMPROPER ACTIONS,AT INTERSECTION MARKED CROSSWALK,No,NO APPARENT INJURY,N/A,38.979885,-77.007915,"(38.979885, -77.007915)"
MCP2515000L,16020448,Montgomery County Police,Injury Crash,04/25/2016 07:50:00 PM,Maryland (State),RIDGE RD,SUNSET DR,,N/A,PEDESTRIAN,SINGLE VEHICLE,CLEAR,DRY,DAYLIGHT,NO CONTROLS,UNKNOWN,NONE DETECTED,74E61F56-5B8C-467C-AECE-40F0F59EA1F1,PEDESTRIAN,Walking/Riding against Traffic,NO IMPROPER ACTIONS,IN BIKEWAY,No,SUSPECTED MINOR INJURY,NONE,39.27839,-77.21242667,"(39.27839, -77.21242667)"
MCP22700013,230018247,Montgomery County Police,Injury Crash,04/17/2023 09:00:00 AM,Maryland (State),WISCONSIN AVE,WILLARD AVE,,N/A,PEDESTRIAN,OTHER,CLEAR,DRY,DAYLIGHT,NO CONTROLS,NONE DETECTED,NONE DETECTED,09F6E76F-64DC-4F5B-A08C-EF53BA54AF47,PEDESTRIAN,Walking/Riding against Traffic,IN ROADWAY IMPROPERLY,ON ROADWAY NOT AT CROSSWALK,Yes,SUSPECTED MINOR INJURY,NONE,38.98991,-77.10287667,"(38.98991, -77.10287667)"
MCP291400DK,230020545,Montgomery County Police,Injury Crash,04/30/2023 11:46:00 PM,US (State),GEORGIA AVE,BLAIR RD,,N/A,BICYCLIST,OTHER,CLEAR,DRY,DARK LIGHTS ON,TRAFFIC SIGNAL,N/A,N/A,5342EDBA-2953-4663-B767-305C37DE2260,BICYCLIST,Cross/Enter at Intersection,NO IMPROPER ACTIONS,AT INTERSECTION MARKED CROSSWALK,No,SUSPECTED SERIOUS INJURY,MC/BIKE HELMET,38.98469765,-77.0264628,"(38.98469765, -77.0264628)"
DD5643000F,200009484,Rockville Police Departme,Injury Crash,02/26/2020 06:30:00 AM,Municipality,N STONESTREET AVE,WOODLAND RD,,ROCKVILLE,PEDESTRIAN,SAME DIRECTION LEFT TURN,RAINING,WET,DARK NO LIGHTS,NO CONTROLS,NONE DETECTED,NONE DETECTED,032525B6-3762-4EB7-BE44-CFE285EAFA24,PEDESTRIAN,Other,N/A,ON ROADWAY NOT AT CROSSWALK,No,POSSIBLE INJURY,NONE,39.08740547,-77.14781177,"(39.08740547, -77.14781177)"
MCP291400DY,230048159,Montgomery County Police,Injury Crash,08/07/2023 05:07:00 AM,County,FENTON ST,KING ST,,N/A,PEDESTRIAN,OTHER,CLEAR,WET,DARK LIGHTS ON,NO CONTROLS,N/A,ILLEGAL DRUG CONTRIBUTED,7B32573B-F9C9-40B5-8BD4-581DBD5F9FDF,PEDESTRIAN,Unknown,UNKNOWN,UNKNOWN,Yes,SUSPECTED SERIOUS INJURY,NONE,38.98759297,-77.02346754,"(38.98759297, -77.02346754)"
MCP2635007P,220053567,Montgomery County Police,Property Damage Crash,12/04/2022 07:11:00 PM,Maryland (State),OLNEY LAYTONSVILLE RD,OLNEY POST OFFICE,,N/A,OTHER CONVEYANCE,OTHER,CLEAR,DRY,DARK LIGHTS ON,STOP SIGN,N/A,N/A,3503640F-956E-4361-AF65-C3F25935FC81,OTHER CONVEYANCE,Walking/Cycling on Sidewalk,NO IMPROPER ACTIONS,SIDEWALK,No,NO APPARENT INJURY,NONE,39.15531333,-77.07060833,"(39.15531333, -77.07060833)"
MCP28140040,230054784,Montgomery County Police,Injury Crash,09/14/2023 09:11:00 AM,County,TUPELO DR,SHADY GROVE RD,,N/A,BICYCLIST,OTHER,N/A,DRY,DAYLIGHT,TRAFFIC SIGNAL,NONE DETECTED,NONE DETECTED,A4E76F88-7616-402A-ABF4-825DD21419F0,BICYCLIST,Cross/Enter at Intersection,UNKNOWN,ON ROADWAY AT CROSSWALK,No,SUSPECTED MINOR INJURY,MC/BIKE HELMET,39.13807017,-77.15316867,"(39.13807017, -77.15316867)"
MCP3019004M,220013413,Montgomery County Police,Injury Crash,03/29/2022 04:00:00 PM,County,GARFIELD ST,MCKINLEY ST,,N/A,PEDESTRIAN,OTHER,CLEAR,DRY,DAYLIGHT,NO CONTROLS,N/A,N/A,C84B277E-4569-4C6E-A576-57A568CD2611,PEDESTRIAN,Standing,NO IMPROPER ACTIONS,SIDEWALK,No,SUSPECTED MINOR INJURY,NONE,38.99629833,-77.11574,"(38.99629833, -77.11574)"
MCP2863001C,16057560,Montgomery County Police,Injury Crash,11/08/2016 08:23:00 AM,,,,"PARKING LOT OF 20300 PLEASANT RIDGE DR ,MCG (NORTHGATE CHURCH)",,PEDESTRIAN,SINGLE VEHICLE,CLEAR,,DAYLIGHT,NO CONTROLS,NONE DETECTED,NONE DETECTED,55E233D9-9E9E-452D-9418-05A4919132F8,PEDESTRIAN,Walking to/from school,NO IMPROPER ACTIONS,OTHER,No,POSSIBLE INJURY,N/A,39.19190167,-77.19156333,"(39.19190167, -77.19156333)"
MCP14750015,170517250,Montgomery County Police,Injury Crash,07/04/2017 12:12:00 PM,County,LOST KNIFE RD,CONTOUR RD,,N/A,BICYCLIST,OTHER,CLEAR,DRY,DAYLIGHT,STOP SIGN,NONE DETECTED,NONE DETECTED,FF64A3F5-CB6A-4362-AAE4-D894AE003BDD,BICYCLIST,Walking/Riding against Traffic,WRONG WAY RIDING OR WALKING,ON ROADWAY NOT AT CROSSWALK,Yes,SUSPECTED MINOR INJURY,NONE,39.15500675,-77.20109403,"(39.15500675, -77.20109403)"
MCP11480031,190037434,Montgomery County Police,Injury Crash,08/06/2019 08:51:00 AM,County,COMMERCE LA,WISCONSIN AVE,,N/A,PEDESTRIAN,SINGLE VEHICLE,CLEAR,DRY,DAYLIGHT,NO CONTROLS,NONE DETECTED,NONE DETECTED,353BA08B-4A14-4EF0-BD1B-ABCD976F0D0D,PEDESTRIAN,Cross/Enter at Intersection,NO IMPROPER ACTIONS,ON ROADWAY AT CROSSWALK,No,SUSPECTED MINOR INJURY,NONE,38.985995,-77.094765,"(38.985995, -77.094765)"
MCP29730060,220035517,Montgomery County Police,Property Damage Crash,08/17/2022 04:00:00 PM,County,WELLER RD,GEORGIA AVE,,N/A,BICYCLIST,OTHER,CLEAR,DRY,DAYLIGHT,NO CONTROLS,N/A,N/A,EDF2FAF1-0DA9-469F-B7B5-92D75ADA78E8,BICYCLIST,Cross/Enter at Intersection,NO IMPROPER ACTIONS,ON ROADWAY AT CROSSWALK,No,NO APPARENT INJURY,N/A,39.066515,-77.059687,"(39.066515, -77.059687)"
MCP2889001N,16046757,Montgomery County Police,Injury Crash,09/12/2016 03:40:00 PM,Maryland (State),GEORGIA AVE,UNIVERSITY BLVD W,,N/A,PEDESTRIAN,SINGLE VEHICLE,N/A,N/A,DAYLIGHT,N/A,NONE DETECTED,NONE DETECTED,B4B73ECE-AFEF-42BE-AC68-970D5ADC3F09,PEDESTRIAN,Cross/Enter not at Intersection,FAILURE TO YIELD RIGHT OF WAY,ON ROADWAY NOT AT CROSSWALK,Yes,POSSIBLE INJURY,NONE,39.04182333,-77.05241167,"(39.04182333, -77.05241167)"
MCP3198002T,210013549,Montgomery County Police,Injury Crash,04/11/2021 08:05:00 PM,Maryland (State),GEORGIA AVE,JONES LA,,N/A,PEDESTRIAN,OTHER,CLEAR,DRY,DARK LIGHTS ON,N/A,NONE DETECTED,ALCOHOL PRESENT,0DA3D146-A511-4D14-BFD5-172A52CA3214,PEDESTRIAN,Cross/Enter not at Intersection,DART DASH,ON ROADWAY NOT AT CROSSWALK,Yes,SUSPECTED MINOR INJURY,N/A,39.05393575,-77.05056254,"(39.05393575, -77.05056254)"
EJ7851007Z,220030691,Gaithersburg Police Depar,Injury Crash,07/17/2022 02:15:00 PM,Municipality,GIRARD ST,E DIAMOND AVE,,GAITHERSBURG,PEDESTRIAN,OTHER,CLEAR,DRY,DAYLIGHT,TRAFFIC SIGNAL,UNKNOWN,NONE DETECTED,36DE34F1-8A18-4378-A7FC-530770DBD4D1,PEDESTRIAN,Cross/Enter at Intersection,NO IMPROPER ACTIONS,ON ROADWAY AT CROSSWALK,No,SUSPECTED MINOR INJURY,NONE,39.15382756,-77.20230706,"(39.15382756, -77.20230706)"
MCP2761001N,17015808,Montgomery County Police,Property Damage Crash,03/28/2017 03:36:00 PM,County,LIBERTY MILL RD,CLOPPER RD,,N/A,PEDESTRIAN,OTHER,CLEAR,DRY,DAYLIGHT,NO CONTROLS,NONE DETECTED,NONE DETECTED,6E139837-1842-456C-9781-A8E8FF0FE2A5,PEDESTRIAN,Standing,NO IMPROPER ACTIONS,OTHER,No,NO APPARENT INJURY,NONE,39.16219969,-77.28107482,"(39.16219969, -77.28107482)"
MCP3130002F,200017902,Montgomery County Police,Injury Crash,05/02/2020 09:00:00 AM,,,,"GIANT FOOD PARKING LOT 13781 CONNECTICUT AVE.
SILVER SPRING MD 20906",,OTHER,SINGLE VEHICLE,CLEAR,,DAYLIGHT,NO CONTROLS,NONE DETECTED,NONE DETECTED,5E4820A0-5DA2-4939-BFF9-40AFB1202A8F,OTHER,Other Working,IMPROPER PASSING,OTHER,No,POSSIBLE INJURY,N/A,39.07968167,-77.079065,"(39.07968167, -77.079065)"
MCP3218003V,230012144,Montgomery County Police,Injury Crash,03/12/2023 08:00:00 PM,Maryland (State),VEIRS MILL RD,UNIVERSITY BLVD W,,N/A,PEDESTRIAN,OTHER,RAINING,WET,DARK LIGHTS ON,NO CONTROLS,NONE DETECTED,NONE DETECTED,0A1F157C-00B4-4E03-B052-400ACE642BAB,PEDESTRIAN,Cross/Enter not at Intersection,IN ROADWAY IMPROPERLY,ON ROADWAY NOT AT CROSSWALK,Yes,SUSPECTED MINOR INJURY,NONE,39.03957783,-77.05484,"(39.03957783, -77.05484)"
DM8465001F,190052769,Takoma Park Police Depart,Injury Crash,11/02/2019 09:45:00 AM,Maryland (State),ETHAN ALLEN AVE,JACKSON AVE,,TAKOMA PARK,PEDESTRIAN,OTHER,CLEAR,DRY,DAYLIGHT,STOP SIGN,UNKNOWN,NONE DETECTED,7024367A-426C-4217-99FD-B73B4A7B83F7,PEDESTRIAN,Cross/Enter at Intersection,NO IMPROPER ACTIONS,ON ROADWAY AT CROSSWALK,No,SUSPECTED MINOR INJURY,REFLECTIVE CLOTHING,38.97803183,-77.00134217,"(38.97803183, -77.00134217)"
EJ7871000M,180057539,Gaithersburg Police Depar,Injury Crash,11/16/2018 04:44:00 PM,Municipality,MAIN ST,MARKET ST E,,GAITHERSBURG,BICYCLIST,SINGLE VEHICLE,CLEAR,DRY,DAYLIGHT,STOP SIGN,NONE DETECTED,NONE DETECTED,62A9631E-50B4-440A-A585-A948F33C4872,BICYCLIST,Cross/Enter at Intersection,N/A,SIDEWALK,No,POSSIBLE INJURY,NONE,39.12098333,-77.23647167,"(39.12098333, -77.23647167)"
MCP2964001B,16010290,Montgomery County Police,Injury Crash,03/01/2016 04:47:00 PM,,,,PARKING LOT AT 19515 FREDERICK RD 20876,,BICYCLIST,STRAIGHT MOVEMENT ANGLE,CLEAR,,DAYLIGHT,STOP SIGN,NONE DETECTED,NONE DETECTED,E1BD3013-7228-42E9-A571-C0022985672B,BICYCLIST,Other,FAILURE TO OBEY TRAFFIC SIGNS SIGNALS OR OFFICER,OUTSIDE RIGHT OF WAY,Yes,POSSIBLE INJURY,NONE,39.17857631,-77.23516345,"(39.17857631, -77.23516345)"