Report Number,Local Case Number,Agency Name,ACRS Report Type,Crash Date/Time,Route Type,Road Name,Cross-Street Name,Off-Road Description,Municipality,Related Non-Motorist,Collision Type,Weather,Surface Condition,Light,Traffic Control,Driver Substance Abuse,Non-Motorist Substance Abuse,Person ID,Pedestrian Type,Pedestrian Movement,Pedestrian Actions,Pedestrian Location,At Fault,Injury Severity,Safety Equipment,Latitude,Longitude,Location
MCP2832003G,170544784,Montgomery County Police,Injury Crash,11/25/2017 09:09:00 AM,Maryland (State),WISCONSIN AVE,ELM ST,,N/A,PEDESTRIAN,OTHER,CLEAR,DRY,DAYLIGHT,TRAFFIC SIGNAL,NONE DETECTED,NONE DETECTED,7FFA95D5-FB7F-4543-8369-1361B9C68D17,PEDESTRIAN,Cross/Enter at Intersection,DART DASH,AT INTERSECTION MARKED CROSSWALK,Yes,SUSPECTED MINOR INJURY,NONE,38.98257167,-77.09351833,"(38.98257167, -77.09351833)"
MCP29050062,230061217,Montgomery County Police,Injury Crash,10/18/2023 10:31:00 AM,County,MACARTHUR BLVD,WALHONDING RD,,N/A,BICYCLIST,SAME DIRECTION SIDESWIPE,CLEAR,DRY,DAYLIGHT,NO CONTROLS,N/A,N/A,487695FD-C37E-4E9E-B644-21A49482E3ED,BICYCLIST,Walking/Riding w/Traffic,N/A,ON ROADWAY NOT AT CROSSWALK,Unknown,SUSPECTED MINOR INJURY,MC/BIKE HELMET,38.95374833,-77.12781667,"(38.95374833, -77.12781667)"
MCP2298004G,15008014,Montgomery County Police,Injury Crash,02/18/2015 02:10:00 PM,,,,PARKING LOT OF 20600 SENECA MEADOWS PKW,,PEDESTRIAN,OTHER,N/A,,DAYLIGHT,N/A,N/A,NONE DETECTED,961767C6-9543-41F1-B146-1EE2AF459BA0,PEDESTRIAN,Other,NO IMPROPER ACTIONS,OTHER,,SUSPECTED MINOR INJURY,N/A,39.19981002,-77.25581646,"(39.19981002, -77.25581646)"
MCP2584000C,15014875,Montgomery County Police,Injury Crash,03/31/2015 08:00:00 AM,County,MIDDLEBROOK RD,CROSSRIDGE DR,,N/A,PEDESTRIAN,OTHER,N/A,N/A,DAYLIGHT,STOP SIGN,UNKNOWN,NONE DETECTED,A38B0CF0-C705-4849-B7F1-870FF6613746,PEDESTRIAN,Cross/Enter at Intersection,NOT VISIBLE,ON ROADWAY AT CROSSWALK,,POSSIBLE INJURY,NONE,39.17508833,-77.25742,"(39.17508833, -77.25742)"
MCP2625001B,220010801,Montgomery County Police,Injury Crash,03/13/2022 08:40:00 AM,County,WILLARD AVE,FRIENDSHIP BLVD,,N/A,PEDESTRIAN,N/A,CLEAR,DRY,DAYLIGHT,TRAFFIC SIGNAL,NONE DETECTED,NONE DETECTED,FA3CC034-D4C8-41D8-AC87-5005372C2403,PEDESTRIAN,Walking/Riding w/Traffic,NO IMPROPER ACTIONS,AT INTERSECTION MARKED CROSSWALK,No,SUSPECTED MINOR INJURY,N/A,38.96318833,-77.09128667,"(38.96318833, -77.09128667)"
MCP24640024,210016654,Montgomery County Police,Injury Crash,05/04/2021 05:26:00 AM,Maryland (State),NEW HAMPSHIRE AVE,OAKVIEW DR,,N/A,PEDESTRIAN,OTHER,N/A,N/A,DARK LIGHTS ON,TRAFFIC SIGNAL,UNKNOWN,N/A,4C93923C-7419-4F22-A22D-B031025DF672,PEDESTRIAN,Cross/Enter at Intersection,NO IMPROPER ACTIONS,ON ROADWAY AT CROSSWALK,No,SUSPECTED MINOR INJURY,N/A,39.01543877,-76.97780511,"(39.01543877, -76.97780511)"
MCP1417006T,17011079,Montgomery County Police,Injury Crash,03/02/2017 12:18:00 PM,County,LOST KNIFE RD,ODENDHAL AVE,,N/A,PEDESTRIAN,STRAIGHT MOVEMENT ANGLE,N/A,DRY,DAYLIGHT,N/A,NONE DETECTED,NONE DETECTED,E28BDDB1-8A5E-4935-B13E-3E2ABB9366AB,PEDESTRIAN,Cross/Enter at Intersection,NO IMPROPER ACTIONS,ON ROADWAY AT CROSSWALK,No,SUSPECTED MINOR INJURY,N/A,39.15303706,-77.19908103,"(39.15303706, -77.19908103)"
MCP30310010,170517158,Montgomery County Police,Injury Crash,07/03/2017 06:24:00 PM,Maryland (State),NEW HAMPSHIRE AVE,MIDLAND RD,,N/A,PEDESTRIAN,SINGLE VEHICLE,CLEAR,DRY,DAYLIGHT,TRAFFIC SIGNAL,NONE DETECTED,NONE DETECTED,7D961E90-B12C-49F5-A422-A5DE2272E3B9,PEDESTRIAN,Cross/Enter at Intersection,NO IMPROPER ACTIONS,ON ROADWAY AT CROSSWALK,No,SUSPECTED MINOR INJURY,NONE,39.077535,-77.00173333,"(39.077535, -77.00173333)"
MCP3125000W,180047087,Montgomery County Police,Injury Crash,09/20/2018 06:30:00 PM,County,GLEN RD,TRAVILAH RD,,N/A,PEDESTRIAN,SINGLE VEHICLE,N/A,DRY,DARK NO LIGHTS,NO CONTROLS,N/A,N/A,BDB4D437-222E-4A4D-B143-31AD3D09868A,PEDESTRIAN,Walking/Riding against Traffic,NO IMPROPER ACTIONS,ON ROADWAY NOT AT CROSSWALK,No,SUSPECTED SERIOUS INJURY,REFLECTIVE CLOTHING,39.07000667,-77.26550833,"(39.07000667, -77.26550833)"
MCP2683000T,15011609,Montgomery County Police,Injury Crash,03/13/2015 01:22:00 PM,County,OAKMONT AVE,STRUC #15152,,N/A,PEDESTRIAN,SINGLE VEHICLE,CLEAR,DRY,DAYLIGHT,NO CONTROLS,NONE DETECTED,NONE DETECTED,EC3DA0DA-9702-4307-86C1-EBCAAE1A9CF5,PEDESTRIAN,Cross/Enter not at Intersection,IN ROADWAY IMPROPERLY,ON ROADWAY NOT AT CROSSWALK,,POSSIBLE INJURY,NONE,39.13029333,-77.18919667,"(39.13029333, -77.18919667)"
MCP3294000C,210035384,Montgomery County Police,Injury Crash,09/09/2021 01:30:00 AM,County,NICHOLSON LA,ROCKVILLE PIKE,,N/A,PEDESTRIAN,SINGLE VEHICLE,RAINING,WET,DARK -- UNKNOWN LIGHTING,UNKNOWN,UNKNOWN,NONE DETECTED,CDDDD537-18D5-4DCF-A8B9-0B3E196433C7,PEDESTRIAN,Standing,UNKNOWN,ON ROADWAY NOT AT CROSSWALK,Unknown,SUSPECTED MINOR INJURY,UNKNOWN,39.15402667,-77.14169833,"(39.15402667, -77.14169833)"
MCP13230016,200041691,Montgomery County Police,Injury Crash,10/22/2020 12:58:00 PM,County,BONIFANT ST,GEORGIA AVE,,N/A,PEDESTRIAN,OTHER,CLEAR,DRY,DAYLIGHT,NO CONTROLS,NONE DETECTED,NONE DETECTED,4995E12F-3DC8-43B6-96A5-3D70214949DA,PEDESTRIAN,Cross/Enter not at Intersection,IN ROADWAY IMPROPERLY,ON ROADWAY NOT AT CROSSWALK,No,POSSIBLE INJURY,N/A,38.99343833,-77.02615167,"(38.99343833, -77.02615167)"
MCP1334007D,190003328,Montgomery County Police,Injury Crash,01/22/2019 08:50:00 AM,County,CONTOUR RD,HORIZON RUN RD,,N/A,PEDESTRIAN,SINGLE VEHICLE,CLEAR,DRY,DAYLIGHT,NO CONTROLS,NONE DETECTED,NONE DETECTED,A65C97FD-C685-46BE-9350-2E50CFBB59A8,PEDESTRIAN,Cross/Enter not at Intersection,DART DASH,ON ROADWAY NOT AT CROSSWALK,Yes,SUSPECTED MINOR INJURY,NONE,39.155385,-77.19765667,"(39.155385, -77.19765667)"
MCP29290034,180041210,Montgomery County Police,Injury Crash,08/19/2018 05:46:00 AM,Maryland (State),OLNEY SANDY SPRING RD,SPARTAN RD,,N/A,PEDESTRIAN,OTHER,N/A,DRY,DAWN,TRAFFIC SIGNAL,NONE DETECTED,NONE DETECTED,06D6A75B-FE09-499A-9CEE-4B20B96C439A,PEDESTRIAN,Walking/Riding w/Traffic,NO IMPROPER ACTIONS,ON ROADWAY AT CROSSWALK,No,SUSPECTED MINOR INJURY,NONE,39.15072667,-77.06254667,"(39.15072667, -77.06254667)"
DD55830016,16006686,Rockville Police Departme,Injury Crash,02/09/2016 09:15:00 AM,Municipality,N HORNERS LA,MCARTHUR DR,,ROCKVILLE,PEDESTRIAN,SINGLE VEHICLE,SNOW,WET,DAYLIGHT,NO CONTROLS,NONE DETECTED,NONE DETECTED,2451851D-0104-4F60-A485-794454595657,PEDESTRIAN,Approach/Leaving Schoolbus,NO IMPROPER ACTIONS,AT INTERSECTION MARKED CROSSWALK,No,SUSPECTED MINOR INJURY,N/A,39.08751827,-77.14330584,"(39.08751827, -77.14330584)"
MCP9301004Q,230055876,Montgomery County Police,Injury Crash,09/20/2023 09:15:00 AM,County,FIELDS RD,OMEGA DR (BACK),,N/A,OTHER,OTHER,N/A,DRY,DAYLIGHT,STOP SIGN,N/A,N/A,E0E21256-EAD5-4B3F-8B36-996C8ACB76EA,OTHER,Cross/Enter at Intersection,WRONG WAY RIDING OR WALKING,ON ROADWAY AT CROSSWALK,Yes,POSSIBLE INJURY,NONE,39.11237387,-77.18843302,"(39.11237387, -77.18843302)"
MCP1205001J,15056511,MONTGOMERY,Injury Crash,11/06/2015 08:58:00 AM,Maryland (State),CONNECTICUT AVE,CHEVY CHASE LAKE DR,,N/A,BICYCLIST,STRAIGHT MOVEMENT ANGLE,CLOUDY,WET,DAYLIGHT,TRAFFIC SIGNAL,NONE DETECTED,NONE DETECTED,2EBCE682-6916-4AC1-88D2-F16BD42BCF18,BICYCLIST,Cross/Enter at Intersection,N/A,AT INTERSECTION MARKED CROSSWALK,No,POSSIBLE INJURY,MC/BIKE HELMET,38.99387225,-77.07717061,"(38.99387225, -77.07717061)"
MCP2864002V,170532677,Montgomery County Police,Injury Crash,09/23/2017 03:13:00 PM,Maryland (State),ROCKVILLE PIKE,HUBBARD DR,,N/A,BICYCLIST,STRAIGHT MOVEMENT ANGLE,CLEAR,DRY,DAYLIGHT,NO CONTROLS,NONE DETECTED,NONE DETECTED,342AD119-F56A-4FDD-810F-D7C2A68C2323,BICYCLIST,Cross/Enter at Intersection,N/A,ON ROADWAY AT CROSSWALK,No,POSSIBLE INJURY,MC/BIKE HELMET,39.054415,-77.118385,"(39.054415, -77.118385)"
MCP24250064,16001880,Montgomery County Police,Injury Crash,01/11/2016 09:15:00 AM,County,CHERRY HILL RD,CALVERTON BLVD,,N/A,PEDESTRIAN,OTHER,CLEAR,DRY,DAYLIGHT,TRAFFIC SIGNAL,NONE DETECTED,NONE DETECTED,5962B4CF-6E5E-4B01-82CD-678AB3297C8B,PEDESTRIAN,Cross/Enter at Intersection,DART DASH,AT INTERSECTION MARKED CROSSWALK,Unknown,SUSPECTED MINOR INJURY,NONE,39.05605333,-76.95397167,"(39.05605333, -76.95397167)"
DD5540001Y,220031120,Rockville Police Departme,Injury Crash,07/19/2022 06:13:00 PM,Municipality,FALLSGROVE DR,ENT TO APARTMENTS,,N/A,PEDESTRIAN,SINGLE VEHICLE,CLEAR,DRY,DAYLIGHT,N/A,NONE DETECTED,NONE DETECTED,464C88EA-3110-4436-A1BF-F25EBB35A842,PEDESTRIAN,Cross/Enter at Intersection,NO IMPROPER ACTIONS,AT INTERSECTION MARKED CROSSWALK,No,SUSPECTED MINOR INJURY,NONE,39.07429441,-77.13723376,"(39.07429441, -77.13723376)"
MCP2785002W,170521593,Montgomery County Police,Injury Crash,07/27/2017 10:37:00 AM,Other Public Roadway,CALVERTON BLVD,CHERRY HILL RD,,N/A,BICYCLIST,OTHER,CLEAR,DRY,DARK LIGHTS ON,NO CONTROLS,N/A,N/A,C8CC9813-42D2-4B33-9B4F-7A6892E71F94,BICYCLIST,Walking/Cycling on Sidewalk,FAILURE TO YIELD RIGHT OF WAY,SIDEWALK,Yes,SUSPECTED MINOR INJURY,NONE,39.05627,-76.95309833,"(39.05627, -76.95309833)"
MCP285900D2,230018683,Montgomery County Police,Injury Crash,04/19/2023 12:20:00 PM,County,LONGDRAFT RD,GREAT SENECA HWY,,N/A,BICYCLIST,STRAIGHT MOVEMENT ANGLE,CLEAR,DRY,DAYLIGHT,TRAFFIC SIGNAL,NONE DETECTED,NONE DETECTED,1ED11F34-B71E-40E1-8328-B347CFD04660,BICYCLIST,Cross/Enter at Intersection,NO IMPROPER ACTIONS,ON ROADWAY AT CROSSWALK,No,SUSPECTED MINOR INJURY,NONE,39.13353467,-77.244827,"(39.13353467, -77.244827)"
MCP26830053,210000271,Montgomery County Police,Injury Crash,01/03/2021 03:08:00 PM,County,ODENDHAL AVE,LOST KNIFE RD,,N/A,PEDESTRIAN,OTHER,RAINING,WET,DAYLIGHT,TRAFFIC SIGNAL,NONE DETECTED,NONE DETECTED,53B8B3A0-6BF9-4E86-BD75-EBFB60BC0207,PEDESTRIAN,Cross/Enter at Intersection,NO IMPROPER ACTIONS,AT INTERSECTION MARKED CROSSWALK,No,POSSIBLE INJURY,NONE,39.15242833,-77.19883,"(39.15242833, -77.19883)"
MCP2565003N,16065503,Montgomery County Police,Property Damage Crash,12/21/2016 05:27:00 PM,Maryland (State),ROCKVILLE PIKE,MARINELLI RD,,N/A,PEDESTRIAN,SINGLE VEHICLE,N/A,DRY,DARK LIGHTS ON,TRAFFIC SIGNAL,UNKNOWN,NONE DETECTED,7F640698-8750-4A51-8A69-26A4EC493995,PEDESTRIAN,Cross/Enter at Intersection,NO IMPROPER ACTIONS,ON ROADWAY AT CROSSWALK,No,NO APPARENT INJURY,REFLECTIVE CLOTHING,39.0470806,-77.11269915,"(39.0470806, -77.11269915)"
MCP137800Z6,210045261,Montgomery County Police,Injury Crash,11/08/2021 05:55:00 PM,County,HEWITT AVE,GEORGIA AVE,,N/A,PEDESTRIAN,SINGLE VEHICLE,CLEAR,DRY,DARK LIGHTS ON,TRAFFIC SIGNAL,NONE DETECTED,NONE DETECTED,222AFC0D-3DC6-4465-8C71-3D5556EF22F5,PEDESTRIAN,Cross/Enter at Intersection,UNKNOWN,ON ROADWAY AT CROSSWALK,No,POSSIBLE INJURY,NONE,39.0775901,-77.07068374,"(39.0775901, -77.07068374)"
MCP2861001K,15063868,MONTGOMERY,Injury Crash,12/14/2015 03:30:00 PM,County,BULLS RUN PKWY,ADELAIDE DR,,N/A,"BICYCLIST, OTHER",STRAIGHT MOVEMENT ANGLE,CLEAR,DRY,DAYLIGHT,NO CONTROLS,NONE DETECTED,NONE DETECTED,2B50DEDF-457C-42C8-9A0D-779334516E20,BICYCLIST,Cross/Enter at Intersection,DART DASH,AT INTERSECTION BUT NO CROSSWALK,Yes,POSSIBLE INJURY,MC/BIKE HELMET,39.00966378,-77.12620139,"(39.00966378, -77.12620139)"
MCP3029003J,210038114,Montgomery County Police,Injury Crash,09/26/2021 05:10:00 PM,County,BRIGGS CHANEY RD,NEES LA,,N/A,BICYCLIST,SINGLE VEHICLE,CLEAR,DRY,DAYLIGHT,STOP SIGN,NONE DETECTED,NONE DETECTED,8463C453-1C86-4B63-92B4-E0036B2F59D8,BICYCLIST,Cross/Enter at Intersection,NO IMPROPER ACTIONS,SHOULDER,No,SUSPECTED MINOR INJURY,UNKNOWN,39.087185,-76.96059167,"(39.087185, -76.96059167)"
MCP32440021,220029316,Montgomery County Police,Injury Crash,07/08/2022 07:00:00 AM,County,BONIFANT ST,GEORGIA AVE,,N/A,PEDESTRIAN,SINGLE VEHICLE,CLEAR,DRY,DAYLIGHT,NO CONTROLS,UNKNOWN,NONE DETECTED,1C405AF2-B12D-404E-8015-56A461344CDC,PEDESTRIAN,Walking/Riding w/Traffic,INATTENTIVE,ON ROADWAY NOT AT CROSSWALK,Yes,SUSPECTED MINOR INJURY,NONE,38.9910875,-77.02782433,"(38.9910875, -77.02782433)"
MCP3377000R,230064246,Montgomery County Police,Injury Crash,11/03/2023 05:15:00 PM,Maryland (State),WISCONSIN AVE,BRADLEY LA,,N/A,PEDESTRIAN,OPPOSITE DIRECTION SIDESWIPE,CLEAR,DRY,DAYLIGHT,TRAFFIC SIGNAL,N/A,N/A,642A987E-5EE2-49C0-BCC0-F9EFDC5EBC9C,PEDESTRIAN,Standing,NO IMPROPER ACTIONS,SIDEWALK,No,SUSPECTED MINOR INJURY,N/A,38.976962,-77.09091333,"(38.976962, -77.09091333)"
MCP2881001D,16016087,Montgomery County Police,Injury Crash,04/02/2016 12:53:00 PM,County,CRYSTAL ROCK DR,GERMANTOWN RD,,N/A,PEDESTRIAN,OTHER,CLEAR,N/A,DAYLIGHT,TRAFFIC SIGNAL,N/A,N/A,9D260BB3-19D3-4DC4-B54C-A73097E68DC2,PEDESTRIAN,Cross/Enter at Intersection,NO IMPROPER ACTIONS,AT INTERSECTION MARKED CROSSWALK,No,POSSIBLE INJURY,NONE,39.17998167,-77.26487667,"(39.17998167, -77.26487667)"
MCP2717004R,16005393,Montgomery County Police,Injury Crash,02/02/2016 08:10:00 AM,County,MACARTHUR BLVD,SANGAMORE RD,,N/A,BICYCLIST,HEAD ON LEFT TURN,CLEAR,ICE,DAYLIGHT,TRAFFIC SIGNAL,NONE DETECTED,NONE DETECTED,11359E5A-E70B-405C-BD3D-0BA7A7F87F16,BICYCLIST,Cross/Enter at Intersection,NO IMPROPER ACTIONS,ON ROADWAY AT CROSSWALK,No,SUSPECTED MINOR INJURY,MC/BIKE HELMET,38.94427833,-77.11713,"(38.94427833, -77.11713)"
MCP209400F9,190036249,Montgomery County Police,Injury Crash,07/30/2019 08:23:00 AM,Maryland (State),WISCONSIN AVE,DORSET AVE,,SOMERSET,BICYCLIST,OTHER,CLEAR,DRY,DAYLIGHT,TRAFFIC SIGNAL,NONE DETECTED,NONE DETECTED,EB1170C8-9C19-4367-8DF3-557755906399,BICYCLIST,Cross/Enter at Intersection,NO IMPROPER ACTIONS,ON ROADWAY AT CROSSWALK,No,POSSIBLE INJURY,MC/BIKE HELMET,38.96730333,-77.08861833,"(38.96730333, -77.08861833)"
MCP26710023,190045440,Montgomery County Police,Property Damage Crash,09/22/2019 03:20:00 PM,County,DEXTER AVE,GEORGIA AVE,,N/A,BICYCLIST,SINGLE VEHICLE,CLEAR,DRY,DAYLIGHT,STOP SIGN,NONE DETECTED,NONE DETECTED,C881FC78-E916-4F09-9245-9D55A61F7EEC,BICYCLIST,Cross/Enter at Intersection,NO IMPROPER ACTIONS,AT INTERSECTION BUT NO CROSSWALK,No,NO APPARENT INJURY,NONE,39.02221348,-77.04513091,"(39.02221348, -77.04513091)"
MCP2931002Z,180057149,Montgomery County Police,Injury Crash,11/14/2018 03:49:00 PM,Maryland (State),ROCKVILLE PIKE,ENT TO TOWNE PLAZA,,N/A,PEDESTRIAN,N/A,CLEAR,DRY,DAYLIGHT,TRAFFIC SIGNAL,UNKNOWN,N/A,505F4779-54F8-4D38-89D4-B18631185AD2,PEDESTRIAN,Cross/Enter at Intersection,NO IMPROPER ACTIONS,AT INTERSECTION MARKED CROSSWALK,No,SUSPECTED MINOR INJURY,N/A,39.05614739,-77.11919663,"(39.05614739, -77.11919663)"
DM8463000L,180009268,Takoma Park Police Depart,Injury Crash,02/22/2018 03:18:00 PM,,,,"PARKING LOT OF 6300 NEW HAMPSHIRE AVE, TAKOMA PARK, MD 20912",,PEDESTRIAN,SINGLE VEHICLE,RAINING,,DAYLIGHT,N/A,UNKNOWN,N/A,63F0D7A9-9EEC-47FC-B271-8A8ADD51072B,PEDESTRIAN,Standing,OTHER,OTHER,No,SUSPECTED SERIOUS INJURY,N/A,38.96627446,-77.00259447,"(38.96627446, -77.00259447)"
MCP32790020,230010608,Montgomery County Police,Injury Crash,03/03/2023 06:26:00 PM,County,LIVINGSTON ST,RANDOLPH RD,,N/A,PEDESTRIAN,SINGLE VEHICLE,RAINING,WET,DARK LIGHTS ON,TRAFFIC SIGNAL,N/A,N/A,1BD5E0DB-38D6-444E-87B3-275B3979B3BE,PEDESTRIAN,Cross/Enter at Intersection,NO IMPROPER ACTIONS,AT INTERSECTION MARKED CROSSWALK,No,SUSPECTED MINOR INJURY,NONE,39.05828415,-77.05535679,"(39.05828415, -77.05535679)"
MCP291400D4,220055602,Montgomery County Police,Injury Crash,12/15/2022 09:30:00 PM,US (State),COLESVILLE RD,FENTON ST,,N/A,PEDESTRIAN,OTHER,RAINING,WET,DARK LIGHTS ON,TRAFFIC SIGNAL,N/A,N/A,9F3F18FB-2AC5-40B5-B823-B0892E141FE5,PEDESTRIAN,Cross/Enter at Intersection,N/A,ON ROADWAY AT CROSSWALK,No,POSSIBLE INJURY,NONE,38.99772469,-77.02717788,"(38.99772469, -77.02717788)"
DD56640014,230065407,Rockville Police Departme,Injury Crash,11/09/2023 03:46:00 PM,Municipality,CHAPMAN AVE,TWINBROOK PKWY,,ROCKVILLE,PEDESTRIAN,OTHER,CLOUDY,DRY,DAYLIGHT,TRAFFIC SIGNAL,NONE DETECTED,NONE DETECTED,C19B837C-981C-4D84-9A36-DF89F0270431,PEDESTRIAN,Cross/Enter at Intersection,NO IMPROPER ACTIONS,ON ROADWAY AT CROSSWALK,No,SUSPECTED MINOR INJURY,N/A,39.05874396,-77.11882028,"(39.05874396, -77.11882028)"
MCP2411001G,170542300,Montgomery County Police,Injury Crash,11/11/2017 09:06:00 PM,,,,ON SIDEWALK OFF OF RANDOLPH ROAD INTO THE PRIVATE ENTRANCE TO RANDOLPH SQUARE APARTMENTS,,BICYCLIST,OTHER,CLEAR,,DARK NO LIGHTS,NO CONTROLS,N/A,NONE DETECTED,231F8423-F129-42CD-BF21-2859BA903A69,BICYCLIST,Walking/Cycling on Sidewalk,NOT VISIBLE,SIDEWALK,No,POSSIBLE INJURY,NONE,39.05364095,-77.10482687,"(39.05364095, -77.10482687)"
MCP24720018,15024793,Montgomery County Police,Injury Crash,05/23/2015 10:19:00 AM,County,TUCKERMAN LA,WESTLAKE DR,,N/A,BICYCLIST,SAME DIRECTION SIDESWIPE,CLEAR,DRY,DAYLIGHT,NO CONTROLS,NONE DETECTED,NONE DETECTED,45ABC87E-9297-424E-9C86-D5FE96DFB245,BICYCLIST,Walking/Riding w/Traffic,NO IMPROPER ACTIONS,ON ROADWAY NOT AT CROSSWALK,,SUSPECTED MINOR INJURY,MC/BIKE HELMET,39.03669667,-77.152205,"(39.03669667, -77.152205)"
MCP1305004B,200027821,Montgomery County Police,Injury Crash,07/17/2020 06:01:00 PM,Maryland (State),WOODFIELD RD,ENT TO SHOPPING CENTER,,N/A,BICYCLIST,STRAIGHT MOVEMENT ANGLE,CLEAR,DRY,DAYLIGHT,STOP SIGN,NONE DETECTED,NONE DETECTED,A2462571-FF8A-480D-AE5D-C2606F67205D,BICYCLIST,Walking/Cycling on Sidewalk,FAILURE TO YIELD RIGHT OF WAY,AT INTERSECTION MARKED CROSSWALK,Yes,SUSPECTED MINOR INJURY,NONE,39.15736573,-77.16321573,"(39.15736573, -77.16321573)"
MCP3197001K,200035078,Montgomery County Police,Injury Crash,09/07/2020 07:19:00 PM,,,,3592 GLENEAGLES DRIVE,,BICYCLIST,SAME DIRECTION SIDESWIPE,CLEAR,,DUSK,NO CONTROLS,NONE DETECTED,NONE DETECTED,64E79372-7BCC-4713-842A-6BE532CFB01C,BICYCLIST,Walking/Riding w/Traffic,NO IMPROPER ACTIONS,ON ROADWAY NOT AT CROSSWALK,No,SUSPECTED MINOR INJURY,MC/BIKE HELMET,39.10025817,-77.0722135,"(39.10025817, -77.0722135)"
DD56350029,190062964,Rockville Police Departme,Injury Crash,12/31/2019 06:07:00 PM,Maryland (State),ROCKVILLE PIKE,MONROE PL,,ROCKVILLE,PEDESTRIAN,OTHER,CLEAR,DRY,DARK LIGHTS ON,TRAFFIC SIGNAL,NONE DETECTED,NONE DETECTED,EAC98A4D-7BBA-4D43-8122-75F259055974,PEDESTRIAN,Cross/Enter at Intersection,UNKNOWN,AT INTERSECTION MARKED CROSSWALK,No,POSSIBLE INJURY,NONE,39.08339233,-77.14691433,"(39.08339233, -77.14691433)"
MCP2931004J,200035664,Montgomery County Police,Injury Crash,09/11/2020 04:07:00 PM,County,RANDOLPH RD,PARKLAWN DR,,N/A,BICYCLIST,OTHER,CLEAR,DRY,DAYLIGHT,OTHER,NONE DETECTED,NONE DETECTED,31716A19-5843-44C7-8107-4029696CDFD7,BICYCLIST,Cross/Enter at Intersection,N/A,ON ROADWAY AT CROSSWALK,No,SUSPECTED MINOR INJURY,NONE,39.05386333,-77.10594167,"(39.05386333, -77.10594167)"
MCP3199003F,210048294,Montgomery County Police,Property Damage Crash,11/28/2021 12:42:00 PM,Maryland (State),GEORGIA AVE,JONES LA,,N/A,PEDESTRIAN,OTHER,CLEAR,DRY,DAYLIGHT,N/A,NONE DETECTED,NONE DETECTED,12BE61DB-2460-4E6B-8C96-75A63E85CD83,PEDESTRIAN,Cross/Enter at Intersection,UNKNOWN,AT INTERSECTION BUT NO CROSSWALK,No,NO APPARENT INJURY,NONE,39.05342,-77.05069167,"(39.05342, -77.05069167)"
MCP2046009H,190004682,Montgomery County Police,Injury Crash,01/30/2019 06:44:00 AM,US (State),COLUMBIA PIKE,STEWART LA,,N/A,PEDESTRIAN,STRAIGHT MOVEMENT ANGLE,CLEAR,N/A,DARK LIGHTS ON,TRAFFIC SIGNAL,NONE DETECTED,NONE DETECTED,E0354840-7F4F-4FE8-84D4-9615BD7DE4FD,PEDESTRIAN,Cross/Enter at Intersection,NO IMPROPER ACTIONS,AT INTERSECTION BUT NO CROSSWALK,No,POSSIBLE INJURY,N/A,39.04634667,-76.98751833,"(39.04634667, -76.98751833)"
MCP11210044,180029562,Montgomery County Police,Injury Crash,06/15/2018 12:44:00 PM,Maryland (State),FREDERICK RD,TRAVIS AVE,,GAITHERSBURG,PEDESTRIAN,SINGLE VEHICLE,CLEAR,DRY,DAYLIGHT,TRAFFIC SIGNAL,NONE DETECTED,NONE DETECTED,A8C07775-0AF1-41FE-AE81-8666FACE4699,PEDESTRIAN,Cross/Enter at Intersection,NO IMPROPER ACTIONS,ON ROADWAY AT CROSSWALK,No,POSSIBLE INJURY,NONE,39.16151667,-77.22267667,"(39.16151667, -77.22267667)"
MCP3162000S,180048526,Montgomery County Police,Injury Crash,09/28/2018 04:15:00 PM,County,SOUTHWOOD AVE,COLESVILLE RD,,N/A,PEDESTRIAN,OTHER,CLEAR,DRY,DAYLIGHT,TRAFFIC SIGNAL,N/A,N/A,D5A861DF-072F-4E0D-B61B-609F14A9A610,PEDESTRIAN,Cross/Enter not at Intersection,UNKNOWN,ON ROADWAY NOT AT CROSSWALK,Yes,POSSIBLE INJURY,NONE,39.02616833,-77.010995,"(39.02616833, -77.010995)"
MCP30030047,190047192,Montgomery County Police,Injury Crash,10/02/2019 08:26:00 AM,Maryland (State),WISCONSIN AVE,BRADLEY LA,,N/A,BICYCLIST,OTHER,CLEAR,DRY,DAYLIGHT,TRAFFIC SIGNAL,NONE DETECTED,NONE DETECTED,0F8B5B6F-D2BE-4011-9FFF-F41CDF7C99D2,BICYCLIST,Cross/Enter at Intersection,UNKNOWN,ON ROADWAY AT CROSSWALK,Unknown,SUSPECTED MINOR INJURY,MC/BIKE HELMET,38.97714917,-77.0908033,"(38.97714917, -77.0908033)"
EJ785600BB,220028616,Gaithersburg Police Depar,Injury Crash,07/03/2022 09:44:00 PM,Maryland (State),FREDERICK RD,ODENDHAL AVE,,GAITHERSBURG,PEDESTRIAN,OTHER,CLEAR,DRY,DARK LIGHTS ON,N/A,N/A,N/A,8A898BCC-5918-49F3-B6DE-B4AE066014C8,PEDESTRIAN,Standing,DISABLED VEHICLE RELATED,OTHER,Yes,SUSPECTED SERIOUS INJURY,N/A,39.14758608,-77.20593278,"(39.14758608, -77.20593278)"
MCP0942002P,190056218,Montgomery County Police,Injury Crash,11/21/2019 10:11:00 AM,,,,"PARKING LOT-7400 ARLINGTON RD
BETHESDA LIBRARY",,PEDESTRIAN,SINGLE VEHICLE,CLEAR,,DAYLIGHT,NO CONTROLS,NONE DETECTED,NONE DETECTED,FDC19774-407F-4EAB-8B26-6005E0C707EF,PEDESTRIAN,Other,NO IMPROPER ACTIONS,OTHER,No,SUSPECTED MINOR INJURY,NONE,38.98435298,-77.09900493,"(38.98435298, -77.09900493)"