Report Number,Local Case Number,Agency Name,ACRS Report Type,Crash Date/Time,Route Type,Road Name,Cross-Street Name,Off-Road Description,Municipality,Related Non-Motorist,Collision Type,Weather,Surface Condition,Light,Traffic Control,Driver Substance Abuse,Non-Motorist Substance Abuse,Person ID,Pedestrian Type,Pedestrian Movement,Pedestrian Actions,Pedestrian Location,At Fault,Injury Severity,Safety Equipment,Latitude,Longitude,Location
MCP28300019,15006537,Montgomery County Police,Injury Crash,02/09/2015 11:19:00 AM,County,GLENALLAN AVE,RANDOLPH RD,,N/A,PEDESTRIAN,OTHER,CLOUDY,DRY,OTHER,TRAFFIC SIGNAL,NONE DETECTED,NONE DETECTED,3BAFF79E-39D1-41F0-8642-AA55404320E8,PEDESTRIAN,Cross/Enter at Intersection,NO IMPROPER ACTIONS,ON ROADWAY AT CROSSWALK,,POSSIBLE INJURY,NONE,39.06076833,-77.04522833,"(39.06076833, -77.04522833)"
MCP25860065,230016511,Montgomery County Police,Injury Crash,04/06/2023 07:00:00 PM,County,HOPKINS RD,FATHER HURLEY BLVD,,N/A,BICYCLIST,OTHER,CLOUDY,WET,DAYLIGHT,TRAFFIC SIGNAL,NONE DETECTED,NONE DETECTED,09B06CDA-E4E1-45F6-950A-5100E6FDB0D9,BICYCLIST,Cross/Enter at Intersection,FAILURE TO YIELD RIGHT OF WAY,AT INTERSECTION MARKED CROSSWALK,Yes,POSSIBLE INJURY,NONE,39.16925087,-77.28294365,"(39.16925087, -77.28294365)"
MCP2973001C,16017657,Montgomery County Police,Injury Crash,04/11/2016 10:41:00 AM,Maryland (State),VEIRS MILL RD,GRIDLEY RD,,N/A,PEDESTRIAN,SAME DIR REND RIGHT TURN,CLOUDY,DRY,DAYLIGHT,PERSON,NONE DETECTED,NONE DETECTED,1CFE73BD-E13E-45CF-9590-9EA9E9AAD0FC,PEDESTRIAN,Cross/Enter at Intersection,NO IMPROPER ACTIONS,ON ROADWAY AT CROSSWALK,No,POSSIBLE INJURY,NONE,39.05712241,-77.08442867,"(39.05712241, -77.08442867)"
MCP136600BK,210048792,Montgomery County Police,Injury Crash,12/01/2021 05:02:00 PM,County,CONNECTICUT AVE,GEORGIA AVE,,N/A,PEDESTRIAN,STRAIGHT MOVEMENT ANGLE,CLOUDY,DRY,DARK LIGHTS ON,TRAFFIC SIGNAL,NONE DETECTED,UNKNOWN,EFFADDDD-0696-41B0-A6F4-B2CF1B68488E,PEDESTRIAN,Cross/Enter at Intersection,UNKNOWN,ON ROADWAY AT CROSSWALK,Unknown,SUSPECTED SERIOUS INJURY,NONE,39.08410333,-77.07764833,"(39.08410333, -77.07764833)"
MCP3093000S,180039443,Montgomery County Police,Injury Crash,08/08/2018 09:15:00 PM,,,,PARKING LOT IN FRONT OF 10911 BREWER HOUSE RD,,PEDESTRIAN,N/A,N/A,,DARK LIGHTS ON,NO CONTROLS,N/A,N/A,C82748B4-44EA-499A-B04F-B56CF0CF2E16,PEDESTRIAN,Cross/Enter not at Intersection,NOT VISIBLE,ON ROADWAY NOT AT CROSSWALK,Yes,POSSIBLE INJURY,N/A,39.03500833,-77.11345167,"(39.03500833, -77.11345167)"
MCP31990017,200000847,Montgomery County Police,Injury Crash,01/06/2020 09:18:00 AM,County,STONINGTON PL,LOVEJOY ST,,N/A,PEDESTRIAN,OTHER,CLEAR,DRY,DAYLIGHT,NO CONTROLS,NONE DETECTED,NONE DETECTED,678704E5-CE4C-4175-B18E-D3629978F1B8,PEDESTRIAN,Other Working,N/A,ON ROADWAY NOT AT CROSSWALK,No,SUSPECTED MINOR INJURY,REFLECTIVE CLOTHING,39.04800833,-77.01899,"(39.04800833, -77.01899)"
MCP271700BX,170505676,Montgomery County Police,Injury Crash,05/03/2017 01:20:00 PM,County,ELM ST,WISCONSIN AVE,,N/A,PEDESTRIAN,OTHER,CLEAR,DRY,DAYLIGHT,TRAFFIC SIGNAL,NONE DETECTED,NONE DETECTED,1AB604B0-C6AB-4BCE-9C7B-2BE431077056,PEDESTRIAN,Cross/Enter at Intersection,FAILURE TO YIELD RIGHT OF WAY,ON ROADWAY AT CROSSWALK,Yes,SUSPECTED MINOR INJURY,NONE,38.98229883,-77.09302983,"(38.98229883, -77.09302983)"
MCP27260045,190049980,Montgomery County Police,Injury Crash,10/18/2019 12:05:00 PM,,,,PARKING LOT OF 12030 CHASE CROSSING CIRCLE,,PEDESTRIAN,OTHER,N/A,,DAYLIGHT,NO CONTROLS,N/A,N/A,3324E0CF-C8ED-4F4C-BDB9-520143099A6D,PEDESTRIAN,Other,INATTENTIVE,OTHER,Unknown,SUSPECTED MINOR INJURY,NONE,39.05404121,-77.12227364,"(39.05404121, -77.12227364)"
MCP3230004C,230027000,Montgomery County Police,Injury Crash,06/05/2023 03:30:00 PM,County,RANDOLPH RD,BLUHILL RD,,N/A,PEDESTRIAN,SINGLE VEHICLE,CLEAR,DRY,DAYLIGHT,OTHER,NONE DETECTED,NONE DETECTED,8F74F4FE-2413-4AE5-AA96-9B24C131F002,PEDESTRIAN,Cross/Enter at Intersection,NO IMPROPER ACTIONS,AT INTERSECTION MARKED CROSSWALK,No,SUSPECTED MINOR INJURY,N/A,39.05888235,-77.06506375,"(39.05888235, -77.06506375)"
MCP2348004S,190007483,Montgomery County Police,Injury Crash,02/15/2019 08:28:00 PM,County,CONNECTICUT AVE SERVICE RD,CONNECTICUT AVE,,N/A,PEDESTRIAN,SINGLE VEHICLE,CLEAR,DRY,DARK LIGHTS ON,TRAFFIC SIGNAL,NONE DETECTED,NONE DETECTED,3065003D-57AB-47E8-82F0-17C8AC2850CD,PEDESTRIAN,Cross/Enter at Intersection,NO IMPROPER ACTIONS,ON ROADWAY AT CROSSWALK,No,SUSPECTED SERIOUS INJURY,N/A,39.05168167,-77.07465333,"(39.05168167, -77.07465333)"
MCP3077001C,190046017,Montgomery County Police,Injury Crash,09/25/2019 04:36:00 PM,Maryland (State),GREAT SENECA HWY,MATENY RD,,N/A,BICYCLIST,OTHER,CLEAR,DRY,DAYLIGHT,NO CONTROLS,N/A,N/A,2463397E-4B02-4D31-8863-951E5486BB04,BICYCLIST,Cross/Enter at Intersection,OTHER,ON ROADWAY AT CROSSWALK,Yes,POSSIBLE INJURY,NONE,39.16442333,-77.27305167,"(39.16442333, -77.27305167)"
MCP2740003L,170526849,Montgomery County Police,Property Damage Crash,08/25/2017 05:20:00 PM,,,,PARKING LOT OF 10753 COLUMBIA PIKE,,BICYCLIST,STRAIGHT MOVEMENT ANGLE,CLEAR,,DAYLIGHT,NO CONTROLS,NONE DETECTED,NONE DETECTED,1575BA22-9088-4CD7-A12B-0F344659BD12,BICYCLIST,Other,NO IMPROPER ACTIONS,SIDEWALK,No,NO APPARENT INJURY,MC/BIKE HELMET,39.03207667,-77.00383333,"(39.03207667, -77.00383333)"
MCP3291000P,210025190,Montgomery County Police,Injury Crash,09/09/2021 03:04:00 AM,County,WAYNE AVE,SPUR FR GEORGIA AVE,,N/A,PEDESTRIAN,SINGLE VEHICLE,CLEAR,DRY,DARK LIGHTS ON,TRAFFIC SIGNAL,UNKNOWN,NONE DETECTED,4CE82A59-ED74-43E1-AF02-E91E3E8B1FB2,PEDESTRIAN,Cross/Enter at Intersection,UNKNOWN,ON ROADWAY AT CROSSWALK,Unknown,SUSPECTED MINOR INJURY,NONE,38.9945782,-77.0269542,"(38.9945782, -77.0269542)"
MCP2239001N,200030242,Montgomery County Police,Injury Crash,08/04/2020 01:24:00 PM,County,SEVEN LOCKS RD,CODDLE HARBOR LA,,N/A,BICYCLIST,OTHER,CLEAR,DRY,DAYLIGHT,STOP SIGN,NONE DETECTED,N/A,6A572A27-F83F-42F8-AD27-D88CC94E14F2,BICYCLIST,Cross/Enter at Intersection,NO IMPROPER ACTIONS,ON ROADWAY NOT AT CROSSWALK,No,NO APPARENT INJURY,MC/BIKE HELMET,39.04253167,-77.15936333,"(39.04253167, -77.15936333)"
MCP3182000S,190054614,Montgomery County Police,Injury Crash,11/12/2019 10:13:00 PM,County,THAYER AVE,GEORGIA AVE,,N/A,PEDESTRIAN,HEAD ON LEFT TURN,CLEAR,DRY,DARK LIGHTS ON,TRAFFIC SIGNAL,NONE DETECTED,NONE DETECTED,ECBF0CB5-CD55-4B39-9188-244755A89A70,PEDESTRIAN,Cross/Enter at Intersection,UNKNOWN,AT INTERSECTION MARKED CROSSWALK,Unknown,POSSIBLE INJURY,NONE,38.99296797,-77.02653037,"(38.99296797, -77.02653037)"
MCP2354000W,17005688,Montgomery County Police,Injury Crash,02/01/2017 11:17:00 AM,Maryland (State),ROCKVILLE PIKE,OLD GEORGETOWN RD,,N/A,PEDESTRIAN,OTHER,CLEAR,DRY,DARK LIGHTS ON,YIELD SIGN,NONE DETECTED,NONE DETECTED,4127F919-ECA3-4AD3-B407-19C55FF0233A,PEDESTRIAN,Cross/Enter at Intersection,NO IMPROPER ACTIONS,ON ROADWAY AT CROSSWALK,No,SUSPECTED MINOR INJURY,NONE,39.04970167,-77.11462,"(39.04970167, -77.11462)"
MCP2503000D,15011964,Montgomery County Police,Injury Crash,03/15/2015 06:21:00 PM,County,REGENCY DR,GEORGETOWNE DR,,N/A,PEDESTRIAN,SINGLE VEHICLE,CLEAR,DRY,DAYLIGHT,N/A,N/A,N/A,DAA5639F-73B3-4F98-82A1-98E02E65D2A7,PEDESTRIAN,Cross/Enter not at Intersection,DART DASH,ON ROADWAY NOT AT CROSSWALK,,SUSPECTED MINOR INJURY,N/A,39.043943,-77.170336,"(39.043943, -77.170336)"
MCP3190000K,190019001,Montgomery County Police,Injury Crash,04/23/2019 01:30:00 PM,County,EDNOR RD,TWIN RIDGE CT,,N/A,PEDESTRIAN,SINGLE VEHICLE,N/A,DRY,DAYLIGHT,OTHER,N/A,N/A,494823E1-2A20-4CF2-8BD8-03018BAD3547,PEDESTRIAN,Getting off/on Vehicle,NO IMPROPER ACTIONS,ON ROADWAY NOT AT CROSSWALK,No,SUSPECTED MINOR INJURY,N/A,39.1405835,-76.97369,"(39.1405835, -76.97369)"
DM8480000N,210035247,Takoma Park Police Depart,Injury Crash,09/08/2021 10:17:00 AM,Maryland (State),PHILADELPHIA AVE,PINEY BRANCH RD,,N/A,PEDESTRIAN,OTHER,CLEAR,DRY,DAYLIGHT,TRAFFIC SIGNAL,NONE DETECTED,NONE DETECTED,DCECDAE1-8206-4FDF-8F2E-16D600A5577A,PEDESTRIAN,Cross/Enter at Intersection,NO IMPROPER ACTIONS,ON ROADWAY AT CROSSWALK,No,SUSPECTED MINOR INJURY,NONE,38.9876556,-77.0229949,"(38.9876556, -77.0229949)"
MCP3284000K,210013156,Montgomery County Police,Injury Crash,04/08/2021 04:50:00 PM,County,E RANDOLPH RD,LAURIE DR,,N/A,PEDESTRIAN,OTHER,CLEAR,DRY,DAYLIGHT,N/A,NONE DETECTED,NONE DETECTED,AC293A73-7BFF-4BB8-A003-24CBACFBD768,PEDESTRIAN,Cross/Enter not at Intersection,INATTENTIVE,ON ROADWAY NOT AT CROSSWALK,Yes,SUSPECTED MINOR INJURY,NONE,39.066107,-76.980964,"(39.066107, -76.980964)"
MCP9386001V,15007255,Montgomery County Police,Injury Crash,02/13/2015 08:52:00 AM,County,WESTPATH WAY,SANGAMORE RD,,N/A,PEDESTRIAN,OTHER,CLEAR,DRY,DAYLIGHT,NO CONTROLS,NONE DETECTED,NONE DETECTED,E157C002-7598-4FEA-BB79-2FB54F2B2362,PEDESTRIAN,Cross/Enter not at Intersection,DART DASH,ON ROADWAY NOT AT CROSSWALK,,POSSIBLE INJURY,N/A,38.95641667,-77.12204833,"(38.95641667, -77.12204833)"
MCP2395000Z,180027653,Montgomery County Police,Property Damage Crash,06/05/2018 12:00:00 AM,,,,"UNKNOWN LOCATION, POSSIBLY IN PARKING LOT OF REFERENCED ADDRESS",,OTHER,UNKNOWN,N/A,,UNKNOWN,N/A,,N/A,DC6E55CB-3863-42B9-8E4F-FCCF88AE40A9,OTHER,N/A,N/A,N/A,No,NO APPARENT INJURY,N/A,39.18042,-77.41190667,"(39.18042, -77.41190667)"
MCP31840033,230030165,Montgomery County Police,Injury Crash,06/24/2023 12:03:00 AM,County,LOCKWOOD DR,OAK LEAF DR,,N/A,PEDESTRIAN,OTHER,CLOUDY,WET,DARK LIGHTS ON,N/A,NONE DETECTED,NONE DETECTED,23669820-64A4-4D3E-90BF-767850F10E13,PEDESTRIAN,Cross/Enter at Intersection,NO IMPROPER ACTIONS,ON ROADWAY AT CROSSWALK,No,POSSIBLE INJURY,NONE,39.03805167,-76.99459333,"(39.03805167, -76.99459333)"
EJ7871000L,180053899,Gaithersburg Police Depar,Injury Crash,10/27/2018 10:44:00 PM,Municipality,GIRARD ST,N SUMMIT AVE,,N/A,PEDESTRIAN,SINGLE VEHICLE,CLEAR,DRY,DARK LIGHTS ON,TRAFFIC SIGNAL,NONE DETECTED,ALCOHOL PRESENT,234FFC37-6F5D-405F-A349-452F93C6098D,PEDESTRIAN,Cross/Enter at Intersection,FAILURE TO YIELD RIGHT OF WAY,ON ROADWAY NOT AT CROSSWALK,Yes,SUSPECTED SERIOUS INJURY,N/A,39.15085632,-77.19262703,"(39.15085632, -77.19262703)"
MCP2674002D,210028102,Montgomery County Police,Injury Crash,07/20/2021 07:42:00 PM,Maryland (State),FREDERICK RD,MIDDLEBROOK RD,,N/A,PEDESTRIAN,OTHER,CLEAR,DRY,DAYLIGHT,TRAFFIC SIGNAL,UNKNOWN,NONE DETECTED,4516ED23-032A-4C30-833E-8F7142E70FE0,PEDESTRIAN,Cross/Enter at Intersection,DART DASH,ON ROADWAY AT CROSSWALK,Yes,POSSIBLE INJURY,NONE,39.1810953,-77.23829303,"(39.1810953, -77.23829303)"
MCP158000BV,190037842,Montgomery County Police,Injury Crash,08/08/2019 02:14:00 PM,,,,"PARKING LOT AREA OF 19110 MONTGOMERY VILLAGE AVE.  (BEHIND CVS STORE)   MOTGOMERY VILLAGE, MD 20886",,PEDESTRIAN,OTHER,CLEAR,,DAYLIGHT,N/A,NONE DETECTED,NONE DETECTED,EF3903AC-B579-42A9-937A-6C2128FDED45,PEDESTRIAN,Other,OTHER,OTHER,No,SUSPECTED MINOR INJURY,N/A,39.17058,-77.205095,"(39.17058, -77.205095)"
MCP2291002J,180007091,Montgomery County Police,Injury Crash,02/10/2018 07:01:00 PM,,,,PARKING LOT OF 8504 16TH STREET,,PEDESTRIAN,SINGLE VEHICLE,RAINING,,DARK NO LIGHTS,NO CONTROLS,NONE DETECTED,NONE DETECTED,D4A7F2F4-DB9C-4745-BAFD-E36E113CBAD9,PEDESTRIAN,Other,NO IMPROPER ACTIONS,OTHER,No,SUSPECTED MINOR INJURY,NONE,38.99324,-77.07702,"(38.99324, -77.07702)"
MCP0899001Z,17013122,Montgomery County Police,Injury Crash,03/13/2017 03:22:00 PM,County,ARLINGTON RD,EDGEMOOR LA,,N/A,PEDESTRIAN,OTHER,CLOUDY,DRY,DAYLIGHT,TRAFFIC SIGNAL,NONE DETECTED,NONE DETECTED,4C29D291-89FE-4F89-A368-67E99690C806,PEDESTRIAN,Cross/Enter at Intersection,NO IMPROPER ACTIONS,AT INTERSECTION MARKED CROSSWALK,No,SUSPECTED SERIOUS INJURY,NONE,38.9846992,-77.09866047,"(38.9846992, -77.09866047)"
MCP2818003G,180008483,Montgomery County Police,Injury Crash,02/18/2018 11:03:00 AM,Maryland (State),GEORGIA AVE,FENWICK LA,,N/A,PEDESTRIAN,OTHER,CLEAR,WET,DAYLIGHT,N/A,NONE DETECTED,NONE DETECTED,203F7458-08C9-4988-BF6C-0D88CB22C7E5,PEDESTRIAN,Cross/Enter at Intersection,NO IMPROPER ACTIONS,ON ROADWAY AT CROSSWALK,No,POSSIBLE INJURY,N/A,38.99825821,-77.03059673,"(38.99825821, -77.03059673)"
EJ7876004W,220036918,Gaithersburg Police Depar,Injury Crash,08/27/2022 03:30:00 PM,Municipality,BUREAU DR,CROSSOVER,,N/A,OTHER PEDALCYCLIST,OTHER,CLEAR,DRY,DAYLIGHT,STOP SIGN,NONE DETECTED,NONE DETECTED,B9C6594B-71AD-4CC5-905B-0A95F7367D1D,OTHER PEDALCYCLIST,Cross/Enter at Intersection,NO IMPROPER ACTIONS,ON ROADWAY AT CROSSWALK,No,SUSPECTED MINOR INJURY,MC/BIKE HELMET,39.14314953,-77.21732241,"(39.14314953, -77.21732241)"
MCP23570035,180024363,Montgomery County Police,Injury Crash,05/18/2018 07:41:00 AM,,,,8357 COLESVILLE ROAD,,PEDESTRIAN,UNKNOWN,RAINING,,DAYLIGHT,N/A,NONE DETECTED,NONE DETECTED,50142628-08BE-4F73-A7CE-533654775806,PEDESTRIAN,Standing,OTHER,OTHER,Yes,POSSIBLE INJURY,N/A,38.99398,-77.03235167,"(38.99398, -77.03235167)"
MCP94320029,190024379,Montgomery County Police,Injury Crash,05/22/2019 06:35:00 PM,Maryland (State),GREAT SENECA HWY,MATENY RD,,N/A,BICYCLIST,ANGLE MEETS RIGHT TURN,CLEAR,DRY,DAYLIGHT,TRAFFIC SIGNAL,NONE DETECTED,NONE DETECTED,F76AF288-930B-4E78-A447-62C853BA8E47,BICYCLIST,Cross/Enter at Intersection,NO IMPROPER ACTIONS,SIDEWALK,No,POSSIBLE INJURY,MC/BIKE HELMET,39.14621167,-77.274265,"(39.14621167, -77.274265)"
MCP09420022,190014362,Montgomery County Police,Injury Crash,03/27/2019 03:30:00 PM,Maryland (State),WISCONSIN AVE,BRADLEY LA,,N/A,PEDESTRIAN,OTHER,CLEAR,DRY,DAYLIGHT,TRAFFIC SIGNAL,UNKNOWN,UNKNOWN,DA5A7AF9-2E8D-433D-A14D-A26916085B40,PEDESTRIAN,Cross/Enter at Intersection,NO IMPROPER ACTIONS,ON ROADWAY AT CROSSWALK,No,SUSPECTED SERIOUS INJURY,NONE,38.97714563,-77.09067901,"(38.97714563, -77.09067901)"
DD5612000H,170500025,Rockville Police Departme,Injury Crash,04/02/2017 11:15:00 AM,,,,PARKING LOT OF LIFETIME FITNESS CLUB,,PEDESTRIAN,SINGLE VEHICLE,CLEAR,,DAYLIGHT,NO CONTROLS,UNKNOWN,NONE DETECTED,9978EC53-857F-4AF1-AB59-371715075E36,PEDESTRIAN,Standing,NO IMPROPER ACTIONS,OTHER,No,SUSPECTED MINOR INJURY,NONE,39.06422747,-77.1587795,"(39.06422747, -77.1587795)"
MCP14330058,230048991,Montgomery County Police,Injury Crash,08/11/2023 07:20:00 PM,County,BOU AVE,CHAPMAN AVE,,N/A,OTHER CONVEYANCE,OTHER,CLEAR,DRY,DAYLIGHT,STOP SIGN,NONE DETECTED,NONE DETECTED,AC70CD0C-0697-47B0-BAD3-68FB87BC35F9,OTHER CONVEYANCE,Cross/Enter at Intersection,NO IMPROPER ACTIONS,AT INTERSECTION MARKED CROSSWALK,No,SUSPECTED MINOR INJURY,NONE,39.0574964,-77.11648071,"(39.0574964, -77.11648071)"
MCP23480066,220010562,Montgomery County Police,Injury Crash,03/11/2022 04:25:00 PM,Maryland (State),FREDERICK RD,STRINGTOWN RD,,N/A,BICYCLIST,SAME DIRECTION SIDESWIPE,CLEAR,DRY,DAYLIGHT,TRAFFIC SIGNAL,NONE DETECTED,NONE DETECTED,2A4142D2-82FB-4BBD-8565-0A8CDBD628A7,BICYCLIST,Walking/Riding w/Traffic,NO IMPROPER ACTIONS,OTHER,No,SUSPECTED SERIOUS INJURY,MC/BIKE HELMET,39.23779733,-77.27817375,"(39.23779733, -77.27817375)"
MCP2933000S,15062717,MONTGOMERY,Injury Crash,12/08/2015 03:00:00 PM,County,WHITTIER BLVD,LANDON LA,,N/A,PEDESTRIAN,OTHER,CLEAR,DRY,DAYLIGHT,STOP SIGN,N/A,NONE DETECTED,E5D1741E-AB16-4726-983F-0AFBFE3C118A,PEDESTRIAN,Cross/Enter at Intersection,NO IMPROPER ACTIONS,AT INTERSECTION MARKED CROSSWALK,No,SUSPECTED MINOR INJURY,N/A,38.98529965,-77.12677002,"(38.98529965, -77.12677002)"
DD5653000Y,220005236,Rockville Police Departme,Injury Crash,02/07/2022 08:36:00 AM,Municipality,TAFT ST,E GUDE DR,,ROCKVILLE,PEDESTRIAN,SINGLE VEHICLE,CLOUDY,DRY,DAYLIGHT,TRAFFIC SIGNAL,NONE DETECTED,NONE DETECTED,AF9E9766-6903-42C0-953E-9CECC88965B7,PEDESTRIAN,Cross/Enter at Intersection,NO IMPROPER ACTIONS,AT INTERSECTION MARKED CROSSWALK,No,SUSPECTED SERIOUS INJURY,N/A,39.094198,-77.132573,"(39.094198, -77.132573)"
MCP31910015,190042816,Montgomery County Police,Injury Crash,09/06/2019 09:00:00 PM,,,,16041 FREDERICK RD PRIVATE DRIVEWAY/SIDEWALK,,BICYCLIST,SINGLE VEHICLE,CLEAR,,DARK LIGHTS ON,NO CONTROLS,NONE DETECTED,NONE DETECTED,C040F5E4-C1A9-45A2-86D2-6FAA6830CCDC,BICYCLIST,Cross/Enter not at Intersection,NO IMPROPER ACTIONS,SIDEWALK,No,POSSIBLE INJURY,NONE,39.11830333,-77.17052667,"(39.11830333, -77.17052667)"
MCP1433000Z,170501466,Montgomery County Police,Injury Crash,04/10/2017 03:15:00 PM,Municipality,RIO BLVD,FIELDS RD,,N/A,PEDESTRIAN,OTHER,CLEAR,DRY,DAYLIGHT,NO CONTROLS,UNKNOWN,NONE DETECTED,9CCA831D-1C3A-4A13-BDEA-22027F6F1CD4,PEDESTRIAN,Standing,OTHER,OTHER,Yes,POSSIBLE INJURY,N/A,39.115397,-77.204342,"(39.115397, -77.204342)"
MCP30050037,170539649,Montgomery County Police,Injury Crash,10/29/2017 01:40:00 PM,,,,PARKING LOT OF 12389 GEORGIA AVE,,PEDESTRIAN,ANGLE MEETS LEFT TURN,CLOUDY,,DAYLIGHT,NO CONTROLS,NONE DETECTED,NONE DETECTED,82216360-A25A-4921-BDC9-AAA883D759DC,PEDESTRIAN,Other,NO IMPROPER ACTIONS,OTHER,No,POSSIBLE INJURY,NONE,39.06081197,-77.04990059,"(39.06081197, -77.04990059)"
MCP31630042,220000205,Montgomery County Police,Property Damage Crash,01/02/2022 06:24:00 PM,,,,PARKING LOT OF 11845 OLD GEORGETOWN RD (HARRIS TEETER),,OTHER,OTHER,CLEAR,,DUSK,N/A,,N/A,AB4C0BCC-8342-4A67-84CB-E20C15EE060D,OTHER,Other,INATTENTIVE,OTHER,Yes,NO APPARENT INJURY,N/A,39.04946202,-77.10907586,"(39.04946202, -77.10907586)"
MCP30100090,230067365,Montgomery County Police,Injury Crash,11/20/2023 09:50:00 AM,County,WOODGLEN DR,NICHOLSON LA,,N/A,MACHINE OPERATOR/RIDER,STRAIGHT MOVEMENT ANGLE,CLOUDY,DRY,DAYLIGHT,NO CONTROLS,N/A,N/A,E8D3EF99-D18D-4F49-AF92-101B2017F1FA,MACHINE OPERATOR/RIDER,Cross/Enter at Intersection,NO IMPROPER ACTIONS,ON ROADWAY AT CROSSWALK,No,SUSPECTED MINOR INJURY,MC/BIKE HELMET,39.045225,-77.11219333,"(39.045225, -77.11219333)"
MCP3008000F,16014307,MONTGOMERY,Injury Crash,03/23/2016 05:13:00 PM,US (State),GEORGIA AVE,BLAIR RD,,N/A,BICYCLIST,SAME DIR REAR END,CLEAR,DRY,DAYLIGHT,NO CONTROLS,NONE DETECTED,NONE DETECTED,07980B56-FC4B-4E52-89CE-D0E291747461,BICYCLIST,Walking/Riding w/Traffic,NO IMPROPER ACTIONS,SHOULDER,No,SUSPECTED MINOR INJURY,MC/BIKE HELMET,38.98898833,-77.02691667,"(38.98898833, -77.02691667)"
MCP3075001Y,180064588,Montgomery County Police,Injury Crash,12/26/2018 04:31:00 PM,,,,11606 MIDDLEBROOK RD (SUNOCO PARKING LOT),,OTHER,OTHER,CLEAR,,DAYLIGHT,N/A,NONE DETECTED,NONE DETECTED,F6A3B5C7-0083-45E3-A158-2C5A94A9B05C,OTHER,Other,NO IMPROPER ACTIONS,OTHER,No,POSSIBLE INJURY,N/A,39.17893833,-77.23947167,"(39.17893833, -77.23947167)"
MCP1573000Z,16054603,Montgomery County Police,Injury Crash,10/23/2016 06:39:00 PM,County,CONNECTICUT AVE,GEORGIA AVE,,N/A,BICYCLIST,SINGLE VEHICLE,CLEAR,DRY,DUSK,PERSON,NONE DETECTED,NONE DETECTED,57CDE8DC-2768-41BA-B8B7-5D276D5F52BE,BICYCLIST,Cross/Enter at Intersection,NO IMPROPER ACTIONS,ON ROADWAY AT CROSSWALK,No,POSSIBLE INJURY,NONE,39.083855,-77.07752667,"(39.083855, -77.07752667)"
MCP2932000Y,16040458,Montgomery County Police,Injury Crash,08/10/2016 12:08:00 AM,County,WAYNE AVE,GEORGIA AVE,,N/A,PEDESTRIAN,OTHER,CLEAR,N/A,DARK LIGHTS ON,TRAFFIC SIGNAL,NONE DETECTED,UNKNOWN,D1FCCBF7-4C80-4A4B-9FA3-F0BC77E59055,PEDESTRIAN,Cross/Enter at Intersection,FAILURE TO OBEY TRAFFIC SIGNS SIGNALS OR OFFICER,AT INTERSECTION MARKED CROSSWALK,Yes,POSSIBLE INJURY,NONE,38.99447262,-77.02666461,"(38.99447262, -77.02666461)"
MCP2639001R,17003191,Montgomery County Police,Injury Crash,01/18/2017 10:06:00 PM,Maryland (State),GEORGIA AVE,PRICE AVE,,N/A,PEDESTRIAN,STRAIGHT MOVEMENT ANGLE,CLOUDY,DRY,DARK LIGHTS ON,OTHER,NONE DETECTED,ALCOHOL CONTRIBUTED,44664C05-1C5F-4610-860C-E4EFAFF9259E,PEDESTRIAN,Cross/Enter at Intersection,NOT VISIBLE,ON ROADWAY AT CROSSWALK,No,POSSIBLE INJURY,NONE,39.03984167,-77.05149333,"(39.03984167, -77.05149333)"
MCP2881001G,16034746,Montgomery County Police,Injury Crash,07/09/2016 07:39:00 AM,County,FATHER HURLEY BLVD,WYNNFIELD DR,,N/A,PEDESTRIAN,OTHER,N/A,N/A,DAYLIGHT,TRAFFIC SIGNAL,NONE DETECTED,NONE DETECTED,454D8605-BCE1-4C74-81E7-BCC0DA875C93,PEDESTRIAN,Cross/Enter at Intersection,NO IMPROPER ACTIONS,AT INTERSECTION MARKED CROSSWALK,No,POSSIBLE INJURY,NONE,39.18527,-77.24493667,"(39.18527, -77.24493667)"
MCP2254001W,180039943,Montgomery County Police,Property Damage Crash,08/11/2018 02:30:00 AM,Maryland (State),RIDGE RD,KEMPTOWN RD,,N/A,OTHER,SINGLE VEHICLE,N/A,DRY,N/A,NO CONTROLS,NONE DETECTED,N/A,4DFE3B14-494D-44AB-9E0A-750C49343FF7,OTHER,N/A,N/A,OTHER,No,NO APPARENT INJURY,N/A,39.31343333,-77.19807333,"(39.31343333, -77.19807333)"
MCP32000015,190061927,Montgomery County Police,Injury Crash,12/24/2019 12:13:00 PM,Maryland (State),METROPOLITAN AVE,ST PAUL ST,,KENSINGTON,PEDESTRIAN,OTHER,CLEAR,DRY,DAYLIGHT,STOP SIGN,NONE DETECTED,NONE DETECTED,A9ACE87A-D9CC-4560-8828-D0E759FCFB17,PEDESTRIAN,Cross/Enter at Intersection,NO IMPROPER ACTIONS,ON ROADWAY AT CROSSWALK,No,POSSIBLE INJURY,N/A,39.02754783,-77.07218683,"(39.02754783, -77.07218683)"
MCP9113000W,15045980,MONTGOMERY,Injury Crash,09/11/2015 03:58:00 PM,County,MORNINGWOOD DR,GEORGIA AVE,,N/A,PEDESTRIAN,OTHER,CLEAR,DRY,DAYLIGHT,NO CONTROLS,NONE DETECTED,N/A,D8D6801D-5D14-4F00-8AED-C7682CAD11C6,PEDESTRIAN,Cross/Enter not at Intersection,DART DASH,ON ROADWAY NOT AT CROSSWALK,Yes,SUSPECTED MINOR INJURY,N/A,39.15043833,-77.06744833,"(39.15043833, -77.06744833)"