Report Number,Local Case Number,Agency Name,ACRS Report Type,Crash Date/Time,Route Type,Road Name,Cross-Street Name,Off-Road Description,Municipality,Related Non-Motorist,Collision Type,Weather,Surface Condition,Light,Traffic Control,Driver Substance Abuse,Non-Motorist Substance Abuse,Person ID,Pedestrian Type,Pedestrian Movement,Pedestrian Actions,Pedestrian Location,At Fault,Injury Severity,Safety Equipment,Latitude,Longitude,Location
MCP3126000P,180029099,Montgomery County Police,Injury Crash,06/12/2018 09:23:00 PM,Maryland (State),FREDERICK RD,SCENERY DR,,N/A,PEDESTRIAN,SINGLE VEHICLE,CLEAR,DRY,DARK LIGHTS ON,NO CONTROLS,UNKNOWN,ILLEGAL DRUG PRESENT,84D0B6BF-39C3-40E5-A3AB-2C5B64FD76C6,PEDESTRIAN,Cross/Enter at Intersection,UNKNOWN,ON ROADWAY NOT AT CROSSWALK,Yes,SUSPECTED SERIOUS INJURY,NONE,39.17554062,-77.23800927,"(39.17554062, -77.23800927)"
MCP289200BL,210045907,Montgomery County Police,Injury Crash,11/12/2021 03:18:00 PM,,,,"PARKING LOT LOCATED AT 9400 GEORGIA AVENUE SILVER SPRING, MD",,PEDESTRIAN,OTHER,CLEAR,,DAYLIGHT,NO CONTROLS,NONE DETECTED,NONE DETECTED,CE2BFB27-2E23-4EE1-B8F8-AAE6F1BF2F4D,PEDESTRIAN,Standing,OTHER,OTHER,Unknown,POSSIBLE INJURY,NONE,39.00864833,-77.04077167,"(39.00864833, -77.04077167)"
DD56050026,16009465,Rockville Police Departme,Injury Crash,02/25/2016 06:26:00 PM,Maryland (State),HUNGERFORD DR,N WASHINGTON ST,,ROCKVILLE,PEDESTRIAN,OTHER,CLEAR,DRY,DARK LIGHTS ON,NO CONTROLS,NONE DETECTED,NONE DETECTED,D734021A-D952-46C1-9756-00335B9B2515,PEDESTRIAN,Cross/Enter at Intersection,NO IMPROPER ACTIONS,SIDEWALK,No,SUSPECTED MINOR INJURY,NONE,39.08986,-77.15252333,"(39.08986, -77.15252333)"
MCP27770058,190026711,Montgomery County Police,Injury Crash,06/04/2019 05:30:00 PM,County,HAMPDEN LA,ARLINGTON RD,,N/A,PEDESTRIAN,OTHER,N/A,DRY,DAYLIGHT,STOP SIGN,NONE DETECTED,NONE DETECTED,B3AF41AE-A4B2-4FD3-B575-2833686A1322,PEDESTRIAN,Cross/Enter at Intersection,NO IMPROPER ACTIONS,AT INTERSECTION MARKED CROSSWALK,No,POSSIBLE INJURY,NONE,38.98268667,-77.098305,"(38.98268667, -77.098305)"
MCP30760021,190008899,Montgomery County Police,Injury Crash,02/25/2019 06:35:00 AM,Maryland (State),EAST WEST HWY,COLESVILLE RD,,N/A,PEDESTRIAN,STRAIGHT MOVEMENT ANGLE,CLEAR,DRY,DAWN,TRAFFIC SIGNAL,NONE DETECTED,NONE DETECTED,5ECDC9B8-9280-4C34-A384-16932EB9266E,PEDESTRIAN,Cross/Enter at Intersection,NO IMPROPER ACTIONS,ON ROADWAY AT CROSSWALK,No,POSSIBLE INJURY,NONE,38.99202883,-77.0304305,"(38.99202883, -77.0304305)"
MCP2829001J,15040654,MONTGOMERY,Injury Crash,08/14/2015 09:48:00 PM,County,LOCKWOOD DR,ENT TO SHOPPING CENTER,,N/A,PEDESTRIAN,OTHER,CLEAR,DRY,DARK LIGHTS ON,TRAFFIC SIGNAL,NONE DETECTED,NONE DETECTED,C5F04910-63BB-4DE1-89FB-761674623A04,PEDESTRIAN,Cross/Enter at Intersection,IN ROADWAY IMPROPERLY,UNKNOWN,Yes,SUSPECTED MINOR INJURY,NONE,39.004363,-76.996607,"(39.004363, -76.996607)"
MCP913000BD,200049594,Montgomery County Police,Injury Crash,12/17/2020 06:15:00 AM,Maryland (State),UNIVERSITY BLVD E,PINEY BRANCH RD,,N/A,PEDESTRIAN,SINGLE VEHICLE,CLEAR,ICE,DARK LIGHTS ON,TRAFFIC SIGNAL,UNKNOWN,NONE DETECTED,8F2891B5-09DB-45D6-B952-23542391FE75,PEDESTRIAN,Cross/Enter at Intersection,NO IMPROPER ACTIONS,MIDBLOCK MARKED CROSSWALK,No,POSSIBLE INJURY,NONE,38.99972721,-76.99528514,"(38.99972721, -76.99528514)"
MCP20460072,170515096,Montgomery County Police,Injury Crash,06/22/2017 06:06:00 AM,US (State),COLESVILLE RD,CROSSOVER,,N/A,PEDESTRIAN,STRAIGHT MOVEMENT ANGLE,CLEAR,DRY,DAYLIGHT,NO CONTROLS,NONE DETECTED,NONE DETECTED,4E050450-B70B-4F8B-8B9E-84693B7D1970,PEDESTRIAN,Unknown,DART DASH,UNKNOWN,Unknown,SUSPECTED SERIOUS INJURY,N/A,39.02155333,-77.012305,"(39.02155333, -77.012305)"
MCP2923000X,15041154,MONTGOMERY,Injury Crash,08/17/2015 05:22:00 PM,Municipality,CHRISTOPHER AVE,FREDERICK RD,,N/A,BICYCLIST,OTHER,CLEAR,DRY,DAYLIGHT,YIELD SIGN,NONE DETECTED,NONE DETECTED,D4939AA3-5B0C-4DD2-95FD-9A54F7080ACD,BICYCLIST,Cross/Enter at Intersection,UNKNOWN,AT INTERSECTION MARKED CROSSWALK,Yes,POSSIBLE INJURY,NONE,39.15638667,-77.216545,"(39.15638667, -77.216545)"
MCP3058000W,170536683,Montgomery County Police,Injury Crash,10/15/2017 07:24:00 PM,,,,"OCCURRED ON DRIVEWAY OF 8405 BUCKHANNON DRIVE, POTOMAC MARYLAND",,PEDESTRIAN,OTHER,CLEAR,,DARK -- UNKNOWN LIGHTING,NO CONTROLS,,N/A,6395C7CA-F0A2-4F66-918E-C220ED824DAF,PEDESTRIAN,Other,OTHER,OTHER,Yes,SUSPECTED SERIOUS INJURY,NONE,39.04527767,-77.17388034,"(39.04527767, -77.17388034)"
DD56100032,170522986,Rockville Police Departme,Injury Crash,08/04/2017 03:39:00 PM,Municipality,WATKINS POND BLVD,FREDERICK RD,,N/A,BICYCLIST,OTHER,CLEAR,DRY,DAYLIGHT,TRAFFIC SIGNAL,N/A,N/A,A5E40AB6-98D1-4600-8763-4AD354E2AF79,BICYCLIST,Cross/Enter at Intersection,UNKNOWN,ON ROADWAY AT CROSSWALK,Unknown,POSSIBLE INJURY,NONE,39.11211,-77.161845,"(39.11211, -77.161845)"
MCP28810015,15030553,Montgomery County Police,Injury Crash,06/23/2015 07:36:00 AM,County,CENTURY BLVD,MIDDLEBROOK RD,,N/A,BICYCLIST,OTHER,CLEAR,DRY,DAYLIGHT,TRAFFIC SIGNAL,NONE DETECTED,UNKNOWN,355F55E4-91C8-4A6C-B602-C8A9B25C3BAB,BICYCLIST,Cross/Enter at Intersection,IN ROADWAY IMPROPERLY,ON ROADWAY AT CROSSWALK,,POSSIBLE INJURY,NONE,39.18019391,-77.26860523,"(39.18019391, -77.26860523)"
MCP1564001S,16066488,Montgomery County Police,Injury Crash,12/20/2016 08:23:00 AM,Maryland (State),NORBECK RD,WHITEHAVEN RD,,N/A,PEDESTRIAN,SINGLE VEHICLE,CLEAR,DRY,DAYLIGHT,OTHER,NONE DETECTED,NONE DETECTED,C47364FF-0ACB-4AD6-BEAC-866AF2EB0B78,PEDESTRIAN,Walking/Riding w/Traffic,UNKNOWN,ON ROADWAY NOT AT CROSSWALK,Unknown,SUSPECTED MINOR INJURY,NONE,39.12094667,-77.03903667,"(39.12094667, -77.03903667)"
MCP31130029,200004260,Montgomery County Police,Injury Crash,01/26/2020 06:50:00 AM,,,,"PARKING LOT OF 11812 NEW HAMPSHIRE AVE, OUR LADY OF VIETNAM CHURCH",,PEDESTRIAN,OTHER,N/A,,DAWN,N/A,N/A,N/A,F95F3372-352F-4C05-8579-0A01B70B61F3,PEDESTRIAN,Cross/Enter not at Intersection,NO IMPROPER ACTIONS,ON ROADWAY NOT AT CROSSWALK,No,SUSPECTED MINOR INJURY,NONE,39.05465031,-76.99516725,"(39.05465031, -76.99516725)"
MCP2848005V,170549876,Montgomery County Police,Injury Crash,12/21/2017 09:52:00 AM,Maryland (State),EAST WEST HWY,SUNDALE DR,,N/A,PEDESTRIAN,OTHER,N/A,DRY,DAYLIGHT,NO CONTROLS,UNKNOWN,NONE DETECTED,0F4151EB-E9CA-47FD-826B-BBFF8179E67C,PEDESTRIAN,Cross/Enter at Intersection,NO IMPROPER ACTIONS,ON ROADWAY AT CROSSWALK,No,SUSPECTED SERIOUS INJURY,NONE,38.99553995,-77.04221606,"(38.99553995, -77.04221606)"
MCP3162000R,180047793,Montgomery County Police,Injury Crash,09/24/2018 09:50:00 PM,Maryland (State),PINEY BRANCH RD,ENT TO APTS,,N/A,PEDESTRIAN,OTHER,RAINING,WET,DARK LIGHTS ON,NO CONTROLS,NONE DETECTED,ALCOHOL PRESENT,4A32D52B-48C3-4E88-A26B-3DDE517ED6FE,PEDESTRIAN,Other,NOT VISIBLE,ON ROADWAY NOT AT CROSSWALK,Yes,SUSPECTED MINOR INJURY,NONE,38.999685,-76.99319333,"(38.999685, -76.99319333)"
MCP2348005W,200034859,Montgomery County Police,Fatal Crash,09/05/2020 10:37:00 PM,Maryland (State),UNIVERSITY BLVD E,LANGLEY DR,,N/A,PEDESTRIAN,SINGLE VEHICLE,CLEAR,DRY,DARK LIGHTS ON,NO CONTROLS,NONE DETECTED,ALCOHOL PRESENT,1BD42259-0FCC-4BD4-9443-17400A675E51,PEDESTRIAN,Cross/Enter not at Intersection,DART DASH,ON ROADWAY NOT AT CROSSWALK,Yes,FATAL INJURY,N/A,39.00158406,-76.99549353,"(39.00158406, -76.99549353)"
MCP20080017,15050637,MONTGOMERY,Injury Crash,10/06/2015 03:04:00 PM,,,,Parking lot of 12310 Academy Way,,PEDESTRIAN,OTHER,CLEAR,,DAYLIGHT,N/A,NONE DETECTED,NONE DETECTED,DD958D9F-8868-44C7-AADA-99F78AAD07D9,PEDESTRIAN,Other,DART DASH,OTHER,Yes,POSSIBLE INJURY,N/A,39.05797167,-77.107875,"(39.05797167, -77.107875)"
DD56200006,16058258,Rockville Police Departme,Injury Crash,11/11/2016 07:52:00 PM,Maryland (State),E JEFFERSON ST,MONROE ST,,ROCKVILLE,PEDESTRIAN,OTHER,CLEAR,DRY,DARK LIGHTS ON,TRAFFIC SIGNAL,NONE DETECTED,NONE DETECTED,FB9464D0-DDA4-4E56-8A4B-A49E60D700C3,PEDESTRIAN,Cross/Enter at Intersection,NO IMPROPER ACTIONS,AT INTERSECTION MARKED CROSSWALK,No,SUSPECTED MINOR INJURY,NONE,39.08189382,-77.14920402,"(39.08189382, -77.14920402)"
MCP28180020,16032995,Montgomery County Police,Injury Crash,06/29/2016 08:46:00 PM,US (State),COLESVILLE RD,FENTON ST,,N/A,PEDESTRIAN,OTHER,CLEAR,DRY,DARK NO LIGHTS,TRAFFIC SIGNAL,NONE DETECTED,NONE DETECTED,2196A792-F43D-4210-97E2-46AFE870D4A1,PEDESTRIAN,Cross/Enter at Intersection,NO IMPROPER ACTIONS,AT INTERSECTION MARKED CROSSWALK,No,POSSIBLE INJURY,N/A,38.997555,-77.02683333,"(38.997555, -77.02683333)"
MCP2351004L,220029712,Montgomery County Police,Injury Crash,07/11/2022 06:42:00 AM,County,CHAPMAN AVE,BOU AVE,,N/A,OTHER,OTHER,CLEAR,DRY,DAYLIGHT,TRAFFIC SIGNAL,UNKNOWN,NONE DETECTED,1298E7AA-B6B2-416A-B451-7583CC8AEBBC,OTHER,Cross/Enter at Intersection,UNKNOWN,AT INTERSECTION MARKED CROSSWALK,Unknown,SUSPECTED MINOR INJURY,MC/BIKE HELMET,39.0599561,-77.1200266,"(39.0599561, -77.1200266)"
MCP2966005P,210017319,Montgomery County Police,Injury Crash,05/05/2021 05:30:00 PM,County,BRANDERMILL DR,BRUNDIDGE TERR,,N/A,BICYCLIST,OTHER,N/A,N/A,DAYLIGHT,N/A,N/A,N/A,3CEE8725-86C8-4EC4-9CC5-83F27F166F3A,BICYCLIST,Cross/Enter at Intersection,NO IMPROPER ACTIONS,AT INTERSECTION BUT NO CROSSWALK,No,POSSIBLE INJURY,N/A,39.18772331,-77.23850772,"(39.18772331, -77.23850772)"
MCP1148002W,190016242,Montgomery County Police,Injury Crash,04/08/2019 07:23:00 AM,County,BETHESDA AVE,WISCONSIN AVE,,N/A,PEDESTRIAN,SINGLE VEHICLE,CLEAR,WET,DAYLIGHT,TRAFFIC SIGNAL,NONE DETECTED,NONE DETECTED,7B4E485A-B4EC-4699-AAE4-7808CF43DD43,PEDESTRIAN,Cross/Enter at Intersection,NO IMPROPER ACTIONS,ON ROADWAY AT CROSSWALK,No,POSSIBLE INJURY,NONE,38.98089667,-77.09268667,"(38.98089667, -77.09268667)"
MCP2969002D,16047820,Montgomery County Police,Injury Crash,09/17/2016 05:46:00 PM,Maryland (State),NEW HAMPSHIRE AVE,SPENCERVILLE RD,,N/A,BICYCLIST,SAME DIRECTION SIDESWIPE,CLEAR,DRY,DAYLIGHT,N/A,NONE DETECTED,NONE DETECTED,E32E3B27-5B66-4B26-8A28-BD61FCEDE4F2,BICYCLIST,Walking/Riding w/Traffic,DISABLED VEHICLE RELATED,SHOULDER,Yes,POSSIBLE INJURY,NONE,39.11799571,-76.98962733,"(39.11799571, -76.98962733)"
DD56480023,230029386,Rockville Police Departme,Property Damage Crash,06/19/2023 10:00:00 AM,,,,PARKING LOT OF 1488 ROCKVILLE PIKE,,BICYCLIST,OTHER,CLEAR,,DAYLIGHT,NO CONTROLS,NONE DETECTED,NONE DETECTED,3E3A6E4E-05AA-4359-81BB-73C7C56ECBA6,BICYCLIST,Walking/Cycling on Sidewalk,NO IMPROPER ACTIONS,SIDEWALK,No,NO APPARENT INJURY,NONE,39.06584092,-77.12715937,"(39.06584092, -77.12715937)"
MCP2981003T,210028122,Montgomery County Police,Property Damage Crash,07/20/2021 09:36:00 PM,County,ARCOLA AVE,HOYT ST,,N/A,BICYCLIST,STRAIGHT MOVEMENT ANGLE,CLEAR,DRY,DARK LIGHTS ON,OTHER,NONE DETECTED,NONE DETECTED,B9C7ED43-DE0A-4996-87C6-AB75C555B533,BICYCLIST,Cross/Enter not at Intersection,NO IMPROPER ACTIONS,ON ROADWAY AT CROSSWALK,No,NO APPARENT INJURY,MC/BIKE HELMET,39.03658667,-77.02696333,"(39.03658667, -77.02696333)"
MCP3290002L,230059290,Montgomery County Police,Property Damage Crash,10/08/2023 01:17:00 PM,County,DALE DR,COLESVILLE RD,,N/A,BICYCLIST,OTHER,CLEAR,DRY,DAYLIGHT,TRAFFIC SIGNAL,NONE DETECTED,NONE DETECTED,70343764-E80E-4F73-AFA5-707295697164,BICYCLIST,Cross/Enter at Intersection,NO IMPROPER ACTIONS,ON ROADWAY AT CROSSWALK,No,NO APPARENT INJURY,MC/BIKE HELMET,39.00527984,-77.02282108,"(39.00527984, -77.02282108)"
MCP2785001C,16018657,Montgomery County Police,Injury Crash,04/16/2016 12:18:00 PM,,,,"PARKING LOT OF MCDONALD'S LOCATED AT 13800 OUTLET DR, SILVER SPRING MD 20904",,PEDESTRIAN,OTHER,CLEAR,,DAYLIGHT,N/A,N/A,N/A,4C672B2E-8711-4A9B-A93D-36889B6DB91D,PEDESTRIAN,Other,INATTENTIVE,OTHER,Unknown,POSSIBLE INJURY,NONE,39.045425,-76.99073667,"(39.045425, -76.99073667)"
MCP2565001S,15033708,MONTGOMERY,Injury Crash,07/09/2015 09:56:00 PM,,,,"In Parking lot of 11710 Hunters Lane, Rockville, MD",,PEDESTRIAN,OTHER,CLEAR,,DARK LIGHTS ON,NO CONTROLS,NONE DETECTED,NONE DETECTED,65088DFD-432E-434F-B8F9-C9BB6F246C21,PEDESTRIAN,Other,NO IMPROPER ACTIONS,N/A,No,SUSPECTED MINOR INJURY,NONE,39.04886473,-77.09873557,"(39.04886473, -77.09873557)"
MCP2564000D,15028672,Montgomery County Police,Property Damage Crash,06/12/2015 06:19:00 PM,County,MONTGOMERY VILLAGE AVE,CLUB HOUSE RD,,N/A,BICYCLIST,STRAIGHT MOVEMENT ANGLE,CLOUDY,DRY,DAYLIGHT,TRAFFIC SIGNAL,NONE DETECTED,UNKNOWN,3E57E7F7-43F6-4A85-ADA9-E413319AC081,BICYCLIST,Cross/Enter at Intersection,DART DASH,AT INTERSECTION MARKED CROSSWALK,,NO APPARENT INJURY,UNKNOWN,39.17453008,-77.2037065,"(39.17453008, -77.2037065)"
MCP2498000P,16022376,Montgomery County Police,Injury Crash,05/06/2016 05:15:00 AM,Maryland (State),GERMANTOWN RD,RAMP 6 FR MD 118 EB TO IS 270 SB,,N/A,BICYCLIST,OTHER,RAINING,WET,DARK LIGHTS ON,NO CONTROLS,UNKNOWN,NONE DETECTED,B3C5F9E9-880C-4A45-8C12-21B0E39388B0,BICYCLIST,Walking/Riding w/Traffic,NO IMPROPER ACTIONS,AT INTERSECTION BUT NO CROSSWALK,No,SUSPECTED MINOR INJURY,MC/BIKE HELMET,39.18266182,-77.25869447,"(39.18266182, -77.25869447)"
MCP2077000W,15050562,MONTGOMERY,Injury Crash,10/06/2015 08:34:00 AM,Maryland (State),OLNEY LAYTONSVILLE RD,QUEEN ELIZABETH DR,,N/A,BICYCLIST,HEAD ON LEFT TURN,CLEAR,DRY,DAYLIGHT,TRAFFIC SIGNAL,NONE DETECTED,NONE DETECTED,8E135C01-2B83-461D-9D93-16C2D42BF3D0,BICYCLIST,Walking/Riding w/Traffic,NO IMPROPER ACTIONS,SHOULDER,No,POSSIBLE INJURY,MC/BIKE HELMET,39.15974167,-77.07721167,"(39.15974167, -77.07721167)"
MCP14650050,200005554,Montgomery County Police,Injury Crash,02/03/2020 08:49:00 AM,Maryland (State),RIVER RD,SPRINGRIDGE RD,,N/A,PEDESTRIAN,SAME DIR REAR END,CLEAR,DRY,DAYLIGHT,NO CONTROLS,NONE DETECTED,NONE DETECTED,E70CC12A-C171-4A71-993E-BA7A9ED5E5A7,PEDESTRIAN,Push/Work on Vehicle,DISABLED VEHICLE RELATED,SHOULDER,No,SUSPECTED MINOR INJURY,N/A,39.04788667,-77.26563667,"(39.04788667, -77.26563667)"
MCP3143002V,210024917,Montgomery County Police,Injury Crash,06/29/2021 12:00:00 PM,Maryland (State),ROCKVILLE PIKE,NICHOLSON LA,,N/A,BICYCLIST,SAME DIRECTION SIDESWIPE,CLEAR,DRY,DAYLIGHT,TRAFFIC SIGNAL,NONE DETECTED,NONE DETECTED,43F9B8EB-5982-4E3E-948C-2091D6042200,BICYCLIST,Walking/Riding w/Traffic,NO IMPROPER ACTIONS,ON ROADWAY NOT AT CROSSWALK,No,SUSPECTED MINOR INJURY,MC/BIKE HELMET,39.04466833,-77.11246333,"(39.04466833, -77.11246333)"
MCP9321001J,170522720,Montgomery County Police,Injury Crash,08/03/2017 11:09:00 AM,County,RANDOLPH RD,GLENMONT CIR #1,,N/A,PEDESTRIAN,SINGLE VEHICLE,CLEAR,DRY,DAYLIGHT,TRAFFIC SIGNAL,NONE DETECTED,NONE DETECTED,74A8726B-ABD9-4831-8419-6C363D99780F,PEDESTRIAN,Cross/Enter at Intersection,NO IMPROPER ACTIONS,ON ROADWAY AT CROSSWALK,No,SUSPECTED SERIOUS INJURY,N/A,39.05913833,-77.047445,"(39.05913833, -77.047445)"
MCP2291006B,220043725,Montgomery County Police,Injury Crash,10/06/2022 06:51:00 PM,County,MACARTHUR BLVD,CONNECTOR RD,,N/A,BICYCLIST,OTHER,CLEAR,DRY,DARK LIGHTS ON,TRAFFIC SIGNAL,NONE DETECTED,NONE DETECTED,FD5F74D7-AC27-4596-BE1F-A38C961794C7,BICYCLIST,Cross/Enter at Intersection,NO IMPROPER ACTIONS,IN BIKEWAY,No,SUSPECTED MINOR INJURY,MC/BIKE HELMET,38.97531,-77.16186,"(38.97531, -77.16186)"
MCP30380058,210036272,Montgomery County Police,Injury Crash,09/15/2021 07:35:00 PM,US (State),GEORGIA AVE,RIPLEY ST,,N/A,BICYCLIST,OTHER,CLEAR,DRY,DARK LIGHTS ON,STOP SIGN,NONE DETECTED,NONE DETECTED,CC4DE924-B94B-4C62-A424-A328FBA5A556,BICYCLIST,Walking/Riding against Traffic,WRONG WAY RIDING OR WALKING,CURB,Yes,SUSPECTED MINOR INJURY,NONE,38.99245835,-77.02672977,"(38.99245835, -77.02672977)"
MCP28120032,180008824,Montgomery County Police,Injury Crash,02/20/2018 03:30:00 PM,,,,GARAGE OF 1200 EAST WEST HWY,,PEDESTRIAN,OTHER,CLEAR,,DAYLIGHT,NO CONTROLS,N/A,N/A,625518B4-396E-4D33-BEDA-30FDE0F5E34A,PEDESTRIAN,Standing,NO IMPROPER ACTIONS,OTHER,No,POSSIBLE INJURY,NONE,38.99043833,-77.02949,"(38.99043833, -77.02949)"
MCP24370030,180059552,Montgomery County Police,Injury Crash,11/28/2018 06:08:00 PM,County,CONNECTICUT AVE,GRAND PRE RD,,N/A,PEDESTRIAN,SINGLE VEHICLE,CLEAR,DRY,DARK LIGHTS ON,NO CONTROLS,NONE DETECTED,NONE DETECTED,4592C5C6-2E33-411C-A41A-F93FB41C8E5A,PEDESTRIAN,Cross/Enter at Intersection,NO IMPROPER ACTIONS,AT INTERSECTION BUT NO CROSSWALK,No,POSSIBLE INJURY,NONE,39.08919762,-77.07198089,"(39.08919762, -77.07198089)"
MCP3093003M,220006051,Montgomery County Police,Injury Crash,02/11/2022 04:05:00 PM,Government,BEACH DR,CONNECTICUT AVE,,N/A,BICYCLIST,OTHER,N/A,DRY,DAYLIGHT,TRAFFIC SIGNAL,N/A,N/A,36EE9DCC-2A7D-45A3-8E21-74E1198E52B8,BICYCLIST,Walking/Riding w/Traffic,NO IMPROPER ACTIONS,ON ROADWAY NOT AT CROSSWALK,No,SUSPECTED MINOR INJURY,N/A,39.00798023,-77.0803757,"(39.00798023, -77.0803757)"
DD56030040,170514300,Rockville Police Departme,Injury Crash,06/17/2017 05:15:00 PM,,,,"PARKING LOT OF 1471 ROCKVILLE PIKE, ROCKVILLE, MD",,PEDESTRIAN,OTHER,CLEAR,,DAYLIGHT,STOP SIGN,UNKNOWN,NONE DETECTED,9D5EA762-73C3-4B7A-9621-A0107377AAF6,PEDESTRIAN,Other,OTHER,OTHER,No,SUSPECTED MINOR INJURY,N/A,39.06536,-77.12735167,"(39.06536, -77.12735167)"
MCP2607004V,190060982,Montgomery County Police,Injury Crash,12/18/2019 03:40:00 PM,County,S WESTLAND DR,FREDERICK RD,,N/A,PEDESTRIAN,OTHER,CLEAR,DRY,DAYLIGHT,TRAFFIC SIGNAL,NONE DETECTED,NONE DETECTED,EE07B257-C6C5-4DBE-B370-6BB460DB86F7,PEDESTRIAN,Cross/Enter at Intersection,NO IMPROPER ACTIONS,AT INTERSECTION MARKED CROSSWALK,No,POSSIBLE INJURY,N/A,39.12595648,-77.18291136,"(39.12595648, -77.18291136)"
HA23050008,19002576,Maryland-National Capital,Property Damage Crash,09/23/2019 03:00:00 PM,,,,18228 MUNCASTER ROAD,,OTHER,SINGLE VEHICLE,CLOUDY,,DAYLIGHT,NO CONTROLS,,NONE DETECTED,CE1DD708-83F1-4FBF-90BC-5FFBB0E57ADE,OTHER,Other,OTHER,OTHER,Yes,NO APPARENT INJURY,NONE,39.15427045,-77.13279312,"(39.15427045, -77.13279312)"
MCP1227000G,16000724,Montgomery County Police,Fatal Crash,01/05/2016 07:50:00 AM,County,BATTERY LA,OLD GEORGETOWN RD,,N/A,PEDESTRIAN,SINGLE VEHICLE,CLEAR,DRY,DAYLIGHT,TRAFFIC SIGNAL,NONE DETECTED,NONE DETECTED,FA235AD8-F380-4E87-AF17-B77FFDE54251,PEDESTRIAN,Cross/Enter at Intersection,UNKNOWN,ON ROADWAY AT CROSSWALK,Unknown,FATAL INJURY,N/A,38.99033138,-77.10351527,"(38.99033138, -77.10351527)"
MCP32450045,230005127,Montgomery County Police,Injury Crash,01/31/2023 05:35:00 PM,County,OMEGA DR,RESEARCH BLVD,,N/A,PEDESTRIAN,N/A,RAINING,WET,DARK LIGHTS ON,NO CONTROLS,NONE DETECTED,NONE DETECTED,C7BCC13C-EADB-419E-9CC4-F1C49796119D,PEDESTRIAN,Cross/Enter not at Intersection,DART DASH,ON ROADWAY NOT AT CROSSWALK,Yes,POSSIBLE INJURY,NONE,39.10871833,-77.19306417,"(39.10871833, -77.19306417)"
MCP2717001X,15036606,MONTGOMERY,Injury Crash,07/24/2015 06:28:00 PM,,,,Rear Parking Lot of 8600 16th Street (Suburban Towers apartment building),,BICYCLIST,OTHER,CLEAR,,DAYLIGHT,NO CONTROLS,NONE DETECTED,NONE DETECTED,11C5BF32-AFE4-4C8C-9D43-054E3B69AEE7,BICYCLIST,Playing,INATTENTIVE,OTHER,Yes,SUSPECTED MINOR INJURY,MC/BIKE HELMET,39.04637,-77.112665,"(39.04637, -77.112665)"
DD5575001W,200041478,Rockville Police Departme,Injury Crash,10/20/2020 11:23:00 PM,Municipality,VEIRS MILL SERV RD,CLAGETT DR,,ROCKVILLE,OTHER,OTHER,CLEAR,DRY,DARK LIGHTS ON,NO CONTROLS,UNKNOWN,NONE DETECTED,79666A22-F054-40A5-99F2-07027AA79483,OTHER,Walking/Riding w/Traffic,IN ROADWAY IMPROPERLY,ON ROADWAY NOT AT CROSSWALK,Yes,SUSPECTED MINOR INJURY,NONE,39.08361,-77.15354167,"(39.08361, -77.15354167)"
MCP2752002H,180033568,Montgomery County Police,Injury Crash,07/07/2018 03:39:00 PM,County,BROOKSIDE DR,LAWN WAY,,N/A,BICYCLIST,ANGLE MEETS LEFT HEAD ON,CLEAR,DRY,DAYLIGHT,NO CONTROLS,N/A,N/A,5E1AA23F-F850-4BED-B2FB-4162EB0BE5EF,BICYCLIST,Cross/Enter at Intersection,FAILURE TO OBEY TRAFFIC SIGNS SIGNALS OR OFFICER,OTHER,Yes,SUSPECTED MINOR INJURY,MC/BIKE HELMET,38.967515,-77.10454,"(38.967515, -77.10454)"
MCP3291001K,230031634,Montgomery County Police,Injury Crash,07/03/2023 12:00:00 AM,,,,IN ALLEY WAY BETWEEN MAYOR LANE AND FENTON STREET,,PEDESTRIAN,SINGLE VEHICLE,CLEAR,,DARK LIGHTS ON,NO CONTROLS,UNKNOWN,ALCOHOL PRESENT,47D6573B-4580-41B8-B9A3-FEC55DDDDDB3,PEDESTRIAN,Walking/Riding w/Traffic,UNKNOWN,OTHER,Yes,POSSIBLE INJURY,N/A,38.99169667,-77.02491833,"(38.99169667, -77.02491833)"
MCP3010005Z,210028018,Montgomery County Police,Property Damage Crash,07/20/2021 09:50:00 AM,Maryland (State),ROCKVILLE PIKE,ENT TO BUSINESS,,N/A,BICYCLIST,ANGLE MEETS RIGHT TURN,CLEAR,DRY,DAYLIGHT,NO CONTROLS,N/A,N/A,95C7374B-6149-404F-AD1E-317C6447F884,BICYCLIST,Walking/Cycling on Sidewalk,NO IMPROPER ACTIONS,SIDEWALK,No,NO APPARENT INJURY,NONE,39.046575,-77.112755,"(39.046575, -77.112755)"
MCP3069002G,200041896,Montgomery County Police,Injury Crash,10/23/2020 06:55:00 PM,Maryland (State),ROCKVILLE PIKE,STRATHMORE AVE,,N/A,PEDESTRIAN,SINGLE VEHICLE,CLEAR,DRY,DARK LIGHTS ON,TRAFFIC SIGNAL,NONE DETECTED,NONE DETECTED,F153E36A-D4D4-4FF9-BEF5-1AD30F3B0E7E,PEDESTRIAN,Cross/Enter at Intersection,NOT VISIBLE,ON ROADWAY AT CROSSWALK,No,POSSIBLE INJURY,NONE,39.03483232,-77.10674684,"(39.03483232, -77.10674684)"
MCP1378007R,15048667,MONTGOMERY,Property Damage Crash,09/25/2015 03:10:00 PM,County,CHEYENNE RD,APACHE LA,,N/A,BICYCLIST,SINGLE VEHICLE,CLOUDY,DRY,DAYLIGHT,NO CONTROLS,NONE DETECTED,NONE DETECTED,3EB9D7BE-3842-4B65-AA36-6F9FE6C84F56,BICYCLIST,Walking/Riding w/Traffic,OTHER,ON ROADWAY NOT AT CROSSWALK,Yes,NO APPARENT INJURY,NONE,39.12601167,-77.24892667,"(39.12601167, -77.24892667)"