Report Number,Local Case Number,Agency Name,ACRS Report Type,Crash Date/Time,Route Type,Road Name,Cross-Street Name,Off-Road Description,Municipality,Related Non-Motorist,Collision Type,Weather,Surface Condition,Light,Traffic Control,Driver Substance Abuse,Non-Motorist Substance Abuse,Person ID,Pedestrian Type,Pedestrian Movement,Pedestrian Actions,Pedestrian Location,At Fault,Injury Severity,Safety Equipment,Latitude,Longitude,Location
DM84030007,190025113,Takoma Park Police Depart,Injury Crash,05/26/2019 09:18:00 PM,Maryland (State),PINEY BRANCH RD,PHILADELPHIA AVE,,N/A,BICYCLIST,HEAD ON LEFT TURN,CLEAR,DRY,DARK LIGHTS ON,TRAFFIC SIGNAL,NONE DETECTED,NONE DETECTED,293E1E7E-1B4E-4CD7-B0BB-DA86F434A55A,BICYCLIST,Walking/Riding w/Traffic,NOT VISIBLE,AT INTERSECTION BUT NO CROSSWALK,No,SUSPECTED SERIOUS INJURY,MC/BIKE HELMET,38.9832622,-77.015505,"(38.9832622, -77.015505)"
MCP2894002Y,16049129,Montgomery County Police,Injury Crash,09/24/2016 09:00:00 AM,County,MACARTHUR BLVD,SANGAMORE RD,,N/A,BICYCLIST,STRAIGHT MOVEMENT ANGLE,CLEAR,DRY,DAYLIGHT,TRAFFIC SIGNAL,NONE DETECTED,NONE DETECTED,28D2BFD8-E938-4009-B516-8B9967DC0E25,BICYCLIST,Cross/Enter at Intersection,NO IMPROPER ACTIONS,AT INTERSECTION MARKED CROSSWALK,No,SUSPECTED SERIOUS INJURY,MC/BIKE HELMET,38.944455,-77.11707667,"(38.944455, -77.11707667)"
MCP28940016,15047513,MONTGOMERY,Injury Crash,09/19/2015 09:46:00 AM,County,EXECUTIVE BLVD,WOODGLEN DR,,N/A,PEDESTRIAN,OTHER,CLEAR,DRY,DAYLIGHT,STOP SIGN,NONE DETECTED,NONE DETECTED,424CDFFC-C0EE-46CE-ABF3-178E22B58A82,PEDESTRIAN,Cross/Enter at Intersection,NO IMPROPER ACTIONS,ON ROADWAY AT CROSSWALK,No,POSSIBLE INJURY,N/A,39.0433195,-77.11347163,"(39.0433195, -77.11347163)"
MCP2613000F,15030869,Montgomery County Police,Injury Crash,06/24/2015 07:27:00 PM,,,,"On the sidewalk located at 411 N. Frederick Ave, Gaithersburg Maryland",,PEDESTRIAN,OTHER,CLEAR,,DAYLIGHT,NO CONTROLS,NONE DETECTED,UNKNOWN,8794AFC7-60B0-4FE4-9A1C-B4E9BEA43B06,PEDESTRIAN,Walking/Cycling on Sidewalk,NO IMPROPER ACTIONS,SIDEWALK,,SUSPECTED MINOR INJURY,NONE,39.146765,-77.20504833,"(39.146765, -77.20504833)"
MCP29360009,15024180,Montgomery County Police,Injury Crash,05/20/2015 11:21:00 AM,,,,"Parking Lot of Bobby's Burger Palace (7101 Democracy Blvd. Bethesda, MD 20817)",,PEDESTRIAN,STRAIGHT MOVEMENT ANGLE,CLEAR,,DAYLIGHT,STOP SIGN,NONE DETECTED,NONE DETECTED,3E8A896C-341E-4BCF-9668-438C785C846D,PEDESTRIAN,Cross/Enter at Intersection,NO IMPROPER ACTIONS,ON ROADWAY AT CROSSWALK,,SUSPECTED MINOR INJURY,N/A,39.02590833,-77.14587833,"(39.02590833, -77.14587833)"
DD5637001T,200036919,Rockville Police Departme,Injury Crash,09/20/2020 06:10:00 PM,Municipality,REDLAND BLVD,THOMPSON DAIRY WAY,,ROCKVILLE,OTHER,OTHER,CLEAR,DRY,DAYLIGHT,TRAFFIC SIGNAL,,NONE DETECTED,793705A1-ABC4-4E23-8564-D7ACC3E3A122,OTHER,Cross/Enter at Intersection,UNKNOWN,ON ROADWAY AT CROSSWALK,Yes,SUSPECTED MINOR INJURY,MC/BIKE HELMET,39.1129475,-77.17159717,"(39.1129475, -77.17159717)"
MCP3053001X,180020607,Montgomery County Police,Injury Crash,04/27/2018 12:44:00 PM,County,INDEPENDENCE ST,PARKLAND DR,,N/A,PEDESTRIAN,OTHER,CLOUDY,DRY,DAYLIGHT,NO CONTROLS,N/A,N/A,0BD058F5-F8CE-486C-A3D3-2CB77BA0DDAE,PEDESTRIAN,Walking/Riding against Traffic,DART DASH,ON ROADWAY NOT AT CROSSWALK,Yes,POSSIBLE INJURY,N/A,39.07285333,-77.08617667,"(39.07285333, -77.08617667)"
MCP1148001K,17004291,Montgomery County Police,Injury Crash,01/25/2017 09:10:00 AM,Maryland (State),MASSACHUSETTS AVE,JAMESTOWN RD,,N/A,PEDESTRIAN,SINGLE VEHICLE,CLEAR,DRY,DAYLIGHT,STOP SIGN,NONE DETECTED,NONE DETECTED,D09B76CF-03B0-4086-8CF0-1BB68496C75F,PEDESTRIAN,Cross/Enter at Intersection,NO IMPROPER ACTIONS,ON ROADWAY AT CROSSWALK,No,SUSPECTED MINOR INJURY,NONE,38.95164167,-77.10223667,"(38.95164167, -77.10223667)"
EJ7836000M,170510539,Gaithersburg Police Depar,Injury Crash,05/29/2017 04:40:00 PM,,,,PARKING LOT IN FRONT OF 394 N SUMMIT AVENUE,,PEDESTRIAN,SINGLE VEHICLE,CLEAR,,DAYLIGHT,NO CONTROLS,N/A,N/A,DF54EEB3-ACEE-4FF0-A5CF-F7BC270065A5,PEDESTRIAN,Playing,DART DASH,N/A,Yes,SUSPECTED MINOR INJURY,N/A,39.09755833,-77.206595,"(39.09755833, -77.206595)"
MCP27890030,16062658,Montgomery County Police,Property Damage Crash,12/06/2016 05:50:00 PM,US (State),GEORGIA AVE,BONIFANT ST,,N/A,BICYCLIST,OTHER,RAINING,WET,DARK LIGHTS ON,TRAFFIC SIGNAL,N/A,N/A,F7466F51-A52B-42AB-93B7-F6F35814A1B9,BICYCLIST,Cross/Enter at Intersection,NO IMPROPER ACTIONS,AT INTERSECTION MARKED CROSSWALK,No,NO APPARENT INJURY,NONE,38.990735,-77.02665,"(38.990735, -77.02665)"
MCP3350000M,230028012,Montgomery County Police,Injury Crash,06/11/2023 12:18:00 AM,County,CORDELL AVE,NORFOLK AVE,,N/A,PEDESTRIAN,OTHER,CLEAR,DRY,DARK LIGHTS ON,NO CONTROLS,ALCOHOL CONTRIBUTED,NONE DETECTED,4C592FDF-5328-4532-8091-0455766CA1C7,PEDESTRIAN,Other Working,NO IMPROPER ACTIONS,ON ROADWAY NOT AT CROSSWALK,No,POSSIBLE INJURY,N/A,38.98879688,-77.09877361,"(38.98879688, -77.09877361)"
MCP2683003Y,190040170,Montgomery County Police,Injury Crash,08/22/2019 01:00:00 PM,County,GOSHEN RD,SEVERN RD,,N/A,OTHER,OTHER,CLEAR,DRY,DAYLIGHT,PERSON,UNKNOWN,NONE DETECTED,FAF84F3B-61D2-4FC9-ACE7-3AE15F74A2B8,OTHER,Other,NO IMPROPER ACTIONS,ON ROADWAY NOT AT CROSSWALK,No,SUSPECTED MINOR INJURY,REFLECTIVE CLOTHING,39.16224747,-77.19190177,"(39.16224747, -77.19190177)"
MCP3129004L,220028006,Montgomery County Police,Property Damage Crash,06/30/2022 06:12:00 PM,,,,PARKING LOT OF 623 BRANDON GREEN DR,,OTHER,SINGLE VEHICLE,CLEAR,,DAYLIGHT,N/A,NONE DETECTED,N/A,EEA4E39C-50E4-4B16-A862-3CF892C1C48F,OTHER,Other,N/A,OTHER,No,NO APPARENT INJURY,N/A,39.14592833,-77.06694667,"(39.14592833, -77.06694667)"
MCP13780109,220003460,Montgomery County Police,Injury Crash,01/26/2022 02:15:00 PM,County,RIDGEFIELD RD,WESTBARD AVE,,N/A,PEDESTRIAN,SINGLE VEHICLE,CLEAR,DRY,DAYLIGHT,TRAFFIC SIGNAL,NONE DETECTED,NONE DETECTED,D0BA5079-017B-4BBA-97A5-7D3D09C648F2,PEDESTRIAN,Cross/Enter at Intersection,NO IMPROPER ACTIONS,ON ROADWAY AT CROSSWALK,No,POSSIBLE INJURY,NONE,38.96586344,-77.10730828,"(38.96586344, -77.10730828)"
MCP2928001Q,170505971,Montgomery County Police,Injury Crash,05/04/2017 10:07:00 PM,US (State),GEORGIA AVE,BLAIR RD,,N/A,PEDESTRIAN,SINGLE VEHICLE,RAINING,WET,DARK LIGHTS ON,NO CONTROLS,NONE DETECTED,ALCOHOL CONTRIBUTED,0939C8A3-8FA4-4108-9340-A243C6401B53,PEDESTRIAN,Cross/Enter not at Intersection,IN ROADWAY IMPROPERLY,OTHER,Yes,SUSPECTED MINOR INJURY,NONE,38.98448341,-77.0261094,"(38.98448341, -77.0261094)"
MCP2940000F,16012303,MONTGOMERY,Injury Crash,03/12/2016 01:13:00 PM,Maryland (State),OLD GEORGETOWN RD,TUCKERMAN LA,,N/A,PEDESTRIAN,SAME DIR REAR END,CLEAR,DRY,DAYLIGHT,TRAFFIC SIGNAL,NONE DETECTED,NONE DETECTED,E87FC4DC-2AF6-4FA8-9316-1444ACC6B107,PEDESTRIAN,Cross/Enter at Intersection,NO IMPROPER ACTIONS,ON ROADWAY AT CROSSWALK,No,POSSIBLE INJURY,NONE,39.03463935,-77.12504804,"(39.03463935, -77.12504804)"
MCP2927000J,15043582,MONTGOMERY,Injury Crash,08/30/2015 01:04:00 PM,Maryland (State),GEORGIA AVE,COLESVILLE RD,,N/A,PEDESTRIAN,SINGLE VEHICLE,CLOUDY,DRY,DAYLIGHT,TRAFFIC SIGNAL,NONE DETECTED,NONE DETECTED,6912BB1E-4DC7-4756-8C29-23C0F9B78633,PEDESTRIAN,Cross/Enter at Intersection,NO IMPROPER ACTIONS,AT INTERSECTION MARKED CROSSWALK,No,SUSPECTED MINOR INJURY,NONE,38.995755,-77.027755,"(38.995755, -77.027755)"
DM85220013,230057932,Takoma Park Police Depart,Injury Crash,10/01/2023 08:30:00 PM,Maryland (State),UNIVERSITY BLVD E,MERRIMAC DR,,TAKOMA PARK,PEDESTRIAN,OTHER,CLEAR,DRY,DARK LIGHTS ON,NO CONTROLS,NONE DETECTED,UNKNOWN,88E2EACA-B240-42E4-B145-436EA1531F98,PEDESTRIAN,Cross/Enter not at Intersection,IMPROPER PASSING,ON ROADWAY NOT AT CROSSWALK,Yes,POSSIBLE INJURY,NONE,38.99263303,-76.99154564,"(38.99263303, -76.99154564)"
MCP12130019,16002825,Montgomery County Police,Injury Crash,01/15/2016 03:15:00 PM,County,RANDOLPH RD,HEURICH RD,,N/A,PEDESTRIAN,STRAIGHT MOVEMENT ANGLE,CLEAR,DRY,DAYLIGHT,NO CONTROLS,UNKNOWN,NONE DETECTED,6D0FB5A6-09E6-4A13-9187-001F2770AEAB,PEDESTRIAN,Cross/Enter at Intersection,NO IMPROPER ACTIONS,ON ROADWAY AT CROSSWALK,No,SUSPECTED MINOR INJURY,NONE,39.062695,-77.04191833,"(39.062695, -77.04191833)"
MCP2866006J,200035248,Montgomery County Police,Injury Crash,09/08/2020 06:40:00 PM,Maryland (State),WISCONSIN AVE,W VIRGINIA AVE,,N/A,BICYCLIST,SINGLE VEHICLE,CLEAR,DRY,DAYLIGHT,NO CONTROLS,NONE DETECTED,NONE DETECTED,92365F76-B19B-4602-9618-89439AF9D871,BICYCLIST,Walking/Cycling on Sidewalk,WRONG WAY RIDING OR WALKING,SIDEWALK,Yes,SUSPECTED MINOR INJURY,UNKNOWN,38.99043315,-77.09525553,"(38.99043315, -77.09525553)"
MCP3198001H,200006211,Montgomery County Police,Injury Crash,02/06/2020 06:10:00 PM,County,LUND CT,LUND PL,,N/A,PEDESTRIAN,OTHER,RAINING,WET,DARK NO LIGHTS,N/A,NONE DETECTED,NONE DETECTED,BEDA0A2D-E11C-455D-9198-7759324F052D,PEDESTRIAN,Cross/Enter at Intersection,NO IMPROPER ACTIONS,ON ROADWAY AT CROSSWALK,No,SUSPECTED MINOR INJURY,NONE,39.04133866,-77.07194293,"(39.04133866, -77.07194293)"
MCP11480020,170542238,Montgomery County Police,Injury Crash,11/10/2017 02:35:00 PM,County,CHELTON RD,SLEAFORD RD,,N/A,PEDESTRIAN,SINGLE VEHICLE,CLEAR,N/A,DAYLIGHT,NO CONTROLS,UNKNOWN,N/A,F6F0B54B-672F-4872-8D02-A711694E69C7,PEDESTRIAN,Cross/Enter at Intersection,NO IMPROPER ACTIONS,ON ROADWAY AT CROSSWALK,No,POSSIBLE INJURY,NONE,38.99019333,-77.102535,"(38.99019333, -77.102535)"
MCP3042001Z,180042346,Montgomery County Police,Injury Crash,08/25/2018 10:30:00 AM,Maryland (State),GEORGIA AVE,VEIRS MILL RD,,N/A,PEDESTRIAN,SINGLE VEHICLE,CLOUDY,DRY,DAYLIGHT,NO CONTROLS,NONE DETECTED,NONE DETECTED,D23EB759-6AD6-4165-8CC9-8F46C470B055,PEDESTRIAN,Cross/Enter at Intersection,NO IMPROPER ACTIONS,ON ROADWAY NOT AT CROSSWALK,Unknown,SUSPECTED MINOR INJURY,NONE,39.03540246,-77.04973724,"(39.03540246, -77.04973724)"
MCP2635007J,220041497,Montgomery County Police,Injury Crash,09/23/2022 02:47:00 PM,County,WOODWELL RD,WOODWELL TERR,,N/A,PEDESTRIAN,OTHER,CLEAR,DRY,DAYLIGHT,STOP SIGN,N/A,N/A,9B06BD18-155A-42F8-9290-004F4235E293,PEDESTRIAN,Other Working,NO IMPROPER ACTIONS,ON ROADWAY NOT AT CROSSWALK,No,POSSIBLE INJURY,REFLECTIVE CLOTHING,39.08707833,-77.03712667,"(39.08707833, -77.03712667)"
MCP32330044,230022865,Montgomery County Police,Injury Crash,05/12/2023 06:13:00 PM,County,FLOWER AVE,PINEY BRANCH RD,,N/A,PEDESTRIAN,SINGLE VEHICLE,CLEAR,DRY,DAYLIGHT,N/A,UNKNOWN,NONE DETECTED,2384C41E-1643-4BE3-93C6-F063CBB2DED8,PEDESTRIAN,Cross/Enter at Intersection,NO IMPROPER ACTIONS,ON ROADWAY AT CROSSWALK,No,POSSIBLE INJURY,NONE,39.027421,-77.00449083,"(39.027421, -77.00449083)"
MCP22780016,16010630,MONTGOMERY,Injury Crash,03/03/2016 05:00:00 AM,County,CALVERTON BLVD,GALWAY DR,,N/A,PEDESTRIAN,OTHER,N/A,DRY,DUSK,TRAFFIC SIGNAL,UNKNOWN,NONE DETECTED,E0FA2CE4-A975-412B-8765-63DF2B274676,PEDESTRIAN,Walking/Riding w/Traffic,NO IMPROPER ACTIONS,SHOULDER,No,SUSPECTED MINOR INJURY,N/A,39.05621431,-76.94444284,"(39.05621431, -76.94444284)"
MCP20080044,170523208,Montgomery County Police,Injury Crash,08/05/2017 04:34:00 PM,,,,"PARKING LOT OF 
6301 RIVER RD",,PEDESTRIAN,OTHER,CLEAR,,DAYLIGHT,N/A,NONE DETECTED,NONE DETECTED,05C90650-22C7-4CD3-934F-0D92F354CB0D,PEDESTRIAN,Other,NO IMPROPER ACTIONS,OTHER,No,SUSPECTED SERIOUS INJURY,N/A,38.97602667,-77.12599833,"(38.97602667, -77.12599833)"
EJ78790028,220030495,Gaithersburg Police Depar,Injury Crash,07/15/2022 09:20:00 PM,Municipality,E DIAMOND AVE,PARK AVE,,GAITHERSBURG,PEDESTRIAN,SINGLE VEHICLE,CLEAR,DRY,DARK LIGHTS ON,NO CONTROLS,NONE DETECTED,UNKNOWN,BF9E980C-2AEF-4ABA-8E87-DB7DE0633917,PEDESTRIAN,Cross/Enter not at Intersection,IN ROADWAY IMPROPERLY,ON ROADWAY NOT AT CROSSWALK,Yes,SUSPECTED SERIOUS INJURY,NONE,39.13991223,-77.19555445,"(39.13991223, -77.19555445)"
MCP3243000C,200032846,Montgomery County Police,Injury Crash,08/22/2020 05:17:00 PM,County,ROCKLEDGE DR,ROCK SPRING DR,,N/A,BICYCLIST,STRAIGHT MOVEMENT ANGLE,CLEAR,DRY,DAYLIGHT,TRAFFIC SIGNAL,NONE DETECTED,NONE DETECTED,53442B68-0BC2-45DB-BC92-1230D88DEB02,BICYCLIST,Cross/Enter at Intersection,FAILURE TO OBEY TRAFFIC SIGNS SIGNALS OR OFFICER,ON ROADWAY AT CROSSWALK,Yes,SUSPECTED MINOR INJURY,NONE,39.02691291,-77.13229168,"(39.02691291, -77.13229168)"
MCP2962003R,190014377,Montgomery County Police,Injury Crash,03/28/2019 02:47:00 PM,,,,19000 BLK CENTURY BLVD,,PEDESTRIAN,OTHER,CLEAR,,DAYLIGHT,STOP SIGN,UNKNOWN,NONE DETECTED,55A56D03-9AA3-4267-8EF9-EAF216C2F9EF,PEDESTRIAN,Cross/Enter at Intersection,NO IMPROPER ACTIONS,AT INTERSECTION MARKED CROSSWALK,No,SUSPECTED MINOR INJURY,N/A,39.18277554,-77.26083248,"(39.18277554, -77.26083248)"
MCP3161001G,190037723,Montgomery County Police,Injury Crash,08/07/2019 09:00:00 PM,Maryland (State),ROCKVILLE PIKE,JONES BRIDGE RD,,N/A,PEDESTRIAN,OTHER,CLEAR,DRY,DARK LIGHTS ON,TRAFFIC SIGNAL,NONE DETECTED,NONE DETECTED,35F18426-41CE-4E50-9BFC-8661C46DE248,PEDESTRIAN,Cross/Enter at Intersection,UNKNOWN,ON ROADWAY AT CROSSWALK,No,SUSPECTED MINOR INJURY,NONE,38.99685167,-77.09608167,"(38.99685167, -77.09608167)"
MCP28050044,210013780,Montgomery County Police,Injury Crash,04/13/2021 12:15:00 PM,,,,"PL OF 18816 WALKERS CHOICE RD, MONTGOMERY VILLAGE, MD 20886",,PEDESTRIAN,SINGLE VEHICLE,CLOUDY,,DAYLIGHT,NO CONTROLS,NONE DETECTED,NONE DETECTED,4AC974E0-58A7-4E55-B410-1A0ED2A59FD9,PEDESTRIAN,Standing,OTHER,OTHER,Yes,SUSPECTED MINOR INJURY,N/A,39.16459195,-77.20568755,"(39.16459195, -77.20568755)"
MCP2889001X,16060101,Montgomery County Police,Injury Crash,11/22/2016 04:00:00 PM,Maryland (State),VEIRS MILL RD,UNIVERSITY BLVD W,,N/A,PEDESTRIAN,OTHER,CLEAR,DRY,DAYLIGHT,NO CONTROLS,NONE DETECTED,N/A,318BAE19-7318-490D-A4C3-077F553D51F1,PEDESTRIAN,Cross/Enter not at Intersection,IN ROADWAY IMPROPERLY,ON ROADWAY NOT AT CROSSWALK,Yes,POSSIBLE INJURY,NONE,39.039435,-77.05494333,"(39.039435, -77.05494333)"
MCP2059004J,170545341,Montgomery County Police,Injury Crash,11/28/2017 11:44:00 AM,Maryland (State),WISCONSIN AVE,EAST WEST HWY (W/B COUPLET),,N/A,PEDESTRIAN,STRAIGHT MOVEMENT ANGLE,CLEAR,DRY,DAYLIGHT,TRAFFIC SIGNAL,NONE DETECTED,NONE DETECTED,1746507A-7EF9-443E-9A2D-96A2C34B4E10,PEDESTRIAN,Cross/Enter at Intersection,NO IMPROPER ACTIONS,ON ROADWAY AT CROSSWALK,No,POSSIBLE INJURY,N/A,38.98479928,-77.09416509,"(38.98479928, -77.09416509)"
MCP2820002C,16040495,Montgomery County Police,Injury Crash,08/10/2016 08:54:00 AM,Maryland (State),GEORGIA AVE,ASPEN HILL RD,,N/A,BICYCLIST,STRAIGHT MOVEMENT ANGLE,CLEAR,N/A,DAYLIGHT,NO CONTROLS,UNKNOWN,NONE DETECTED,90485684-4F65-44C9-9AF3-A1F1E080ABCE,BICYCLIST,Walking/Riding w/Traffic,NO IMPROPER ACTIONS,ON ROADWAY NOT AT CROSSWALK,No,POSSIBLE INJURY,MC/BIKE HELMET,39.07884147,-77.07236409,"(39.07884147, -77.07236409)"
MCP2736002L,15029151,Montgomery County Police,Injury Crash,06/15/2015 03:37:00 PM,Government,BEACH DR,EAST WEST HWY,,N/A,BICYCLIST,STRAIGHT MOVEMENT ANGLE,CLEAR,DRY,DAYLIGHT,TRAFFIC SIGNAL,NONE DETECTED,NONE DETECTED,40DF1DFC-AAAC-4698-A97D-855ED06A5F8B,BICYCLIST,Walking/Riding w/Traffic,FAILURE TO OBEY TRAFFIC SIGNS SIGNALS OR OFFICER,ON ROADWAY NOT AT CROSSWALK,,SUSPECTED MINOR INJURY,MC/BIKE HELMET,38.99316167,-77.06352333,"(38.99316167, -77.06352333)"
MCP2378000K,15065374,MONTGOMERY,Injury Crash,12/21/2015 09:35:00 PM,,,,"PARKING LOT OF 11509 AMHERST AVENUE WHEATON, MD",,PEDESTRIAN,SINGLE VEHICLE,CLEAR,,DARK LIGHTS ON,N/A,NONE DETECTED,NONE DETECTED,3460A41A-23E5-41E3-9039-57A918DD1B97,PEDESTRIAN,Standing,UNKNOWN,OTHER,No,SUSPECTED MINOR INJURY,N/A,38.99006,-77.09686667,"(38.99006, -77.09686667)"
MCP2607005G,210027670,Montgomery County Police,Injury Crash,07/17/2021 07:43:00 PM,County,GOSHEN RD,GIRARD ST,,GAITHERSBURG,PEDESTRIAN,N/A,RAINING,WET,DARK LIGHTS ON,NO CONTROLS,ALCOHOL PRESENT,N/A,02CAA792-F875-4E85-9E88-ECF2CFAA8B00,PEDESTRIAN,Standing,NO IMPROPER ACTIONS,OTHER,No,SUSPECTED SERIOUS INJURY,N/A,39.15185056,-77.1924815,"(39.15185056, -77.1924815)"
MCP1151006M,170515105,Montgomery County Police,Injury Crash,06/22/2017 07:45:00 AM,Maryland (State),FREDERICK RD,ENT TO FOX CHAPEL CENTER,,N/A,PEDESTRIAN,OTHER,CLEAR,DRY,DAYLIGHT,TRAFFIC SIGNAL,NONE DETECTED,NONE DETECTED,E2142C6E-D41F-478D-9A66-8A6DFF28DCBC,PEDESTRIAN,Cross/Enter not at Intersection,IN ROADWAY IMPROPERLY,ON ROADWAY NOT AT CROSSWALK,Yes,SUSPECTED SERIOUS INJURY,N/A,39.17847703,-77.23839954,"(39.17847703, -77.23839954)"
MCP2659000W,15056739,MONTGOMERY,Injury Crash,11/07/2015 03:30:00 AM,County,GRANDVIEW AVE,REEDIE DR,,N/A,PEDESTRIAN,OTHER,CLEAR,DRY,DARK LIGHTS ON,NO CONTROLS,UNKNOWN,ALCOHOL PRESENT,79B7E095-6A46-4534-98B7-9F0EC2D97F44,PEDESTRIAN,Other,INATTENTIVE,ON ROADWAY NOT AT CROSSWALK,Yes,POSSIBLE INJURY,NONE,39.03918167,-77.05237833,"(39.03918167, -77.05237833)"
MCP24380018,170525756,Montgomery County Police,Injury Crash,08/19/2017 06:31:00 PM,County,CHERRY HILL RD,PLUM ORCHARD DR,,N/A,PEDESTRIAN,OTHER,CLEAR,DRY,DAYLIGHT,PERSON,N/A,N/A,B5CBECD2-640B-497F-ADE8-D00E04DBEB99,PEDESTRIAN,Cross/Enter at Intersection,NO IMPROPER ACTIONS,AT INTERSECTION MARKED CROSSWALK,No,POSSIBLE INJURY,NONE,39.05248833,-76.95322333,"(39.05248833, -76.95322333)"
MCP2765002J,16029071,Montgomery County Police,Injury Crash,06/09/2016 07:30:00 PM,Municipality,WATTS BRANCH PKWY,HURLEY AVE,,ROCKVILLE,BICYCLIST,OPPOSITE DIRECTION SIDESWIPE,CLEAR,DRY,DAYLIGHT,NO CONTROLS,NONE DETECTED,NONE DETECTED,CD9A1CDA-D731-4115-AF21-B304B3733F76,BICYCLIST,Walking/Riding against Traffic,DART DASH,ON ROADWAY NOT AT CROSSWALK,Yes,SUSPECTED MINOR INJURY,MC/BIKE HELMET,39.088305,-77.17797167,"(39.088305, -77.17797167)"
MCP30800030,210009350,Montgomery County Police,Injury Crash,03/12/2021 05:22:00 PM,Maryland (State),GREAT SENECA HWY,CLOPPERS MILL DR,,N/A,BICYCLIST,N/A,CLEAR,DRY,DAYLIGHT,TRAFFIC SIGNAL,NONE DETECTED,NONE DETECTED,837760C3-1FB2-4BDA-96E3-5842F5FD8385,BICYCLIST,Cross/Enter at Intersection,NO IMPROPER ACTIONS,ON ROADWAY AT CROSSWALK,No,SUSPECTED MINOR INJURY,MC/BIKE HELMET,39.1486525,-77.27636176,"(39.1486525, -77.27636176)"
MCP1301001P,210046973,Montgomery County Police,Fatal Crash,11/19/2021 08:22:00 AM,Maryland (State),GEORGIA AVE,MASON ST,,N/A,PEDESTRIAN,SINGLE VEHICLE,CLEAR,DRY,DAYLIGHT,NO CONTROLS,NONE DETECTED,UNKNOWN,6963838A-7455-428B-B350-E82F0AF470B7,PEDESTRIAN,Cross/Enter at Intersection,NO IMPROPER ACTIONS,ON ROADWAY AT CROSSWALK,No,FATAL INJURY,N/A,39.05534,-77.05017833,"(39.05534, -77.05017833)"
MCP13010012,190029999,Montgomery County Police,Injury Crash,06/23/2019 01:39:00 PM,Other Public Roadway,HIGGINS PL,FISHERS LA,,N/A,PEDESTRIAN,SINGLE VEHICLE,N/A,DRY,DAYLIGHT,N/A,NONE DETECTED,NONE DETECTED,B7084CFE-2840-4EDD-9C14-E974B8ABCEA7,PEDESTRIAN,Other,OTHER,INSIDE BUILDING,No,SUSPECTED SERIOUS INJURY,UNKNOWN,39.06273667,-77.11780833,"(39.06273667, -77.11780833)"
MCP271700GQ,180013953,Montgomery County Police,Injury Crash,03/20/2018 05:30:00 PM,,,,5144 NICHOLSON LANE (COMMERCIAL PARKING LOT),,PEDESTRIAN,OTHER,RAINING,,DAYLIGHT,NO CONTROLS,NONE DETECTED,NONE DETECTED,3C2A41BB-F4C8-47E0-B3D8-7191AC82B685,PEDESTRIAN,Other,NO IMPROPER ACTIONS,OTHER,No,SUSPECTED MINOR INJURY,NONE,39.04385167,-77.105115,"(39.04385167, -77.105115)"
MCP3188000F,190017640,Montgomery County Police,Injury Crash,04/15/2019 01:00:00 PM,County,PARKLAWN DR,RANDOLPH RD,,N/A,PEDESTRIAN,OTHER,CLEAR,DRY,DAYLIGHT,UNKNOWN,N/A,N/A,F7EFD876-DCF8-4CE1-A54D-D0F583367855,PEDESTRIAN,Walking/Riding against Traffic,N/A,UNKNOWN,Yes,POSSIBLE INJURY,N/A,39.0535441,-77.1068003,"(39.0535441, -77.1068003)"
MCP289100CQ,230061569,Montgomery County Police,Injury Crash,10/20/2023 08:50:00 AM,Government,SLIGO CREEK PKWY,COLESVILLE RD,,N/A,BICYCLIST,SAME DIR REAR END,CLEAR,DRY,DAYLIGHT,TRAFFIC SIGNAL,UNKNOWN,NONE DETECTED,34672C23-2EFE-4522-B46B-2E6E10882C02,BICYCLIST,Walking/Riding w/Traffic,NO IMPROPER ACTIONS,ON ROADWAY NOT AT CROSSWALK,No,SUSPECTED MINOR INJURY,NONE,39.0077673,-77.02027263,"(39.0077673, -77.02027263)"
MCP3253000T,210008110,Montgomery County Police,Injury Crash,03/03/2021 11:14:00 PM,County,SHADOW OAK DR,SHADOW OAK CT,,N/A,PEDESTRIAN,SINGLE VEHICLE,CLEAR,DRY,DARK LIGHTS ON,N/A,NONE DETECTED,NONE DETECTED,4AC174E1-2FA6-48A7-9350-93E0EDE1A303,PEDESTRIAN,Standing,IN ROADWAY IMPROPERLY,ON ROADWAY NOT AT CROSSWALK,No,POSSIBLE INJURY,NONE,39.1908499,-77.1992302,"(39.1908499, -77.1992302)"
MCP23580033,170502313,Montgomery County Police,Property Damage Crash,04/15/2017 12:03:00 PM,County,MACARTHUR BLVD,SEVEN LOCKS RD,,N/A,BICYCLIST,STRAIGHT MOVEMENT ANGLE,CLEAR,DRY,DAYLIGHT,STOP SIGN,NONE DETECTED,NONE DETECTED,9A003A84-A4AA-4974-BBF4-5C4FEE78AA79,BICYCLIST,Cross/Enter at Intersection,UNKNOWN,ON ROADWAY NOT AT CROSSWALK,Unknown,NO APPARENT INJURY,MC/BIKE HELMET,38.974444,-77.1611859,"(38.974444, -77.1611859)"
MCP2054000N,200001580,Montgomery County Police,Injury Crash,01/09/2020 10:00:00 PM,Maryland (State),COLESVILLE RD,COLESVILLE RD,,N/A,PEDESTRIAN,STRAIGHT MOVEMENT ANGLE,CLEAR,DRY,DARK LIGHTS ON,TRAFFIC SIGNAL,NONE DETECTED,NONE DETECTED,311DF0CD-EC65-4206-BDEB-91416908F871,PEDESTRIAN,Cross/Enter at Intersection,NO IMPROPER ACTIONS,ON ROADWAY AT CROSSWALK,No,SUSPECTED MINOR INJURY,NONE,38.99588296,-77.02821372,"(38.99588296, -77.02821372)"
MCP27190024,180001211,Montgomery County Police,Injury Crash,01/08/2018 11:00:00 PM,Maryland (State),VEIRS MILL RD,ENNALLS AVE,,N/A,PEDESTRIAN,OTHER,WINTRY MIX,ICE,DARK LIGHTS ON,NO CONTROLS,N/A,ALCOHOL PRESENT,0166E0A8-0C15-498D-A5D5-8842AECE151F,PEDESTRIAN,Cross/Enter not at Intersection,FAILURE TO YIELD RIGHT OF WAY,ON ROADWAY NOT AT CROSSWALK,Yes,SUSPECTED SERIOUS INJURY,NONE,39.03912167,-77.05435167,"(39.03912167, -77.05435167)"