Report Number,Local Case Number,Agency Name,ACRS Report Type,Crash Date/Time,Route Type,Road Name,Cross-Street Name,Off-Road Description,Municipality,Related Non-Motorist,Collision Type,Weather,Surface Condition,Light,Traffic Control,Driver Substance Abuse,Non-Motorist Substance Abuse,Person ID,Pedestrian Type,Pedestrian Movement,Pedestrian Actions,Pedestrian Location,At Fault,Injury Severity,Safety Equipment,Latitude,Longitude,Location
MCP28180022,16041124,Montgomery County Police,Injury Crash,08/13/2016 05:37:00 PM,County,FENTON ST,COLESVILLE RD,,N/A,PEDESTRIAN,OTHER,CLEAR,DRY,N/A,TRAFFIC SIGNAL,NONE DETECTED,NONE DETECTED,726029E9-22E4-401B-BF8F-47182A4389B4,PEDESTRIAN,Cross/Enter at Intersection,NO IMPROPER ACTIONS,AT INTERSECTION MARKED CROSSWALK,No,SUSPECTED MINOR INJURY,N/A,38.99752833,-77.02718167,"(38.99752833, -77.02718167)"
EJ78440014,220000415,Gaithersburg Police Depar,Injury Crash,01/04/2022 03:30:00 PM,,W WATKINS MILL RD,SB I-270 EXIT RAMP,,N/A,BICYCLIST,STRAIGHT MOVEMENT ANGLE,CLEAR,DRY,DAYLIGHT,TRAFFIC SIGNAL,NONE DETECTED,NONE DETECTED,387D2082-1F64-4AA6-8268-704CEFBA9137,BICYCLIST,Walking/Riding w/Traffic,NO IMPROPER ACTIONS,ON ROADWAY AT CROSSWALK,No,SUSPECTED MINOR INJURY,UNKNOWN,39.15660815,-77.22456573,"(39.15660815, -77.22456573)"
MCP2492000F,15055888,MONTGOMERY,Injury Crash,11/02/2015 10:20:00 PM,US (State),COLUMBIA PIKE,TECH RD,,N/A,PEDESTRIAN,OTHER,CLEAR,DRY,DARK LIGHTS ON,TRAFFIC SIGNAL,UNKNOWN,UNKNOWN,80EE11E2-E538-4372-B684-55358A9E733C,PEDESTRIAN,Cross/Enter at Intersection,UNKNOWN,ON ROADWAY AT CROSSWALK,Unknown,SUSPECTED SERIOUS INJURY,NONE,39.05782952,-76.96838826,"(39.05782952, -76.96838826)"
MCP20720074,230055914,Montgomery County Police,Injury Crash,09/20/2023 12:18:00 PM,,,,"19700 FREDERICK  ROAD GERMANTOWN 
(7-ELEVEN PARKING LOT)",,PEDESTRIAN,OTHER,CLEAR,,DAYLIGHT,NO CONTROLS,ALCOHOL PRESENT,N/A,0848ADA5-543F-49B2-8DC1-0F42B18E1DA0,PEDESTRIAN,Standing,NO IMPROPER ACTIONS,CURB,No,SUSPECTED SERIOUS INJURY,N/A,39.17879833,-77.23895667,"(39.17879833, -77.23895667)"
MCP3225001Y,210039507,Montgomery County Police,Injury Crash,10/04/2021 07:00:00 PM,,,,"PARKING LOT OF 11406 GEORGIA AVE, SILVER SPRING, MD 20902",,PEDESTRIAN,OTHER,RAINING,,DARK LIGHTS ON,NO CONTROLS,NONE DETECTED,NONE DETECTED,8EAB7DB1-9605-4F25-B758-DE7ED1FBAC46,PEDESTRIAN,Walking/Cycling on Sidewalk,NO IMPROPER ACTIONS,SIDEWALK,No,POSSIBLE INJURY,N/A,39.04179605,-77.05193546,"(39.04179605, -77.05193546)"
MCP241100BX,230051632,Montgomery County Police,Injury Crash,08/27/2023 12:05:00 PM,County,LAUDERDALE DR,RANDOLPH RD,,N/A,PEDESTRIAN,STRAIGHT MOVEMENT ANGLE,CLEAR,DRY,DAYLIGHT,TRAFFIC SIGNAL,NONE DETECTED,NONE DETECTED,E787D543-6F2B-4DCE-BE55-6E7A35533411,PEDESTRIAN,Cross/Enter at Intersection,NO IMPROPER ACTIONS,ON ROADWAY AT CROSSWALK,No,SUSPECTED MINOR INJURY,NONE,39.05369369,-77.10415416,"(39.05369369, -77.10415416)"
DD55950039,16064756,Rockville Police Departme,Injury Crash,12/17/2016 06:37:00 PM,Municipality,ELMCROFT BLVD,REDLAND BLVD,,ROCKVILLE,PEDESTRIAN,OTHER,CLEAR,WET,DARK LIGHTS ON,NO CONTROLS,NONE DETECTED,NONE DETECTED,C257DE12-4FE1-409F-91BC-584574B8CF76,PEDESTRIAN,Cross/Enter at Intersection,NO IMPROPER ACTIONS,ON ROADWAY AT CROSSWALK,No,SUSPECTED MINOR INJURY,N/A,39.11449667,-77.167116,"(39.11449667, -77.167116)"
MCP24920013,190014007,Montgomery County Police,Fatal Crash,03/26/2019 03:51:00 PM,,,,PARKING LOT OF 611 ROCKVILLE PIKE,,PEDESTRIAN,OTHER,CLEAR,,DAYLIGHT,N/A,NONE DETECTED,NONE DETECTED,2B144005-856D-4774-BC01-B48DAB8724C2,PEDESTRIAN,Unknown,UNKNOWN,OTHER,Yes,FATAL INJURY,N/A,39.08029482,-77.14506661,"(39.08029482, -77.14506661)"
MCP3200008G,230026910,Montgomery County Police,Property Damage Crash,06/05/2023 08:10:00 AM,County,WHITTIER BLVD,ORCHID DR,,N/A,BICYCLIST,OTHER,CLEAR,DRY,DAYLIGHT,NO CONTROLS,NONE DETECTED,NONE DETECTED,55C36E29-2F11-4244-BDC3-AA7A86FAEACD,BICYCLIST,Cross/Enter not at Intersection,IN ROADWAY IMPROPERLY,ON ROADWAY NOT AT CROSSWALK,Yes,NO APPARENT INJURY,NONE,38.98487683,-77.12656883,"(38.98487683, -77.12656883)"
MCP3244001P,220014019,Montgomery County Police,Injury Crash,04/02/2022 10:03:00 AM,County,WAYNE AVE,GEORGIA AVE,,N/A,OTHER,OTHER,CLEAR,DRY,DAYLIGHT,TRAFFIC SIGNAL,NONE DETECTED,ALCOHOL PRESENT,F2E49F52-6FFE-4BED-8ACC-7F60A103DE47,OTHER,Cross/Enter at Intersection,FAILURE TO YIELD RIGHT OF WAY,ON ROADWAY AT CROSSWALK,Yes,POSSIBLE INJURY,NONE,38.9944405,-77.02643267,"(38.9944405, -77.02643267)"
MCP1417003D,15029880,Montgomery County Police,Injury Crash,06/19/2015 07:37:00 AM,County,MIDCOUNTY HWY,ENT TO SHADY GROVE MIDDLE SCHOOL,,N/A,BICYCLIST,SAME DIRECTION RIGHT TURN,CLEAR,DRY,DAYLIGHT,NO CONTROLS,NONE DETECTED,NONE DETECTED,E8AA977B-AFBA-4021-BACF-F9A8A8939BE8,BICYCLIST,Walking/Riding w/Traffic,NO IMPROPER ACTIONS,IN BIKEWAY,,SUSPECTED MINOR INJURY,MC/BIKE HELMET,39.14394084,-77.16219664,"(39.14394084, -77.16219664)"
MCP3239002S,230012601,Montgomery County Police,Injury Crash,03/15/2023 12:10:00 PM,County,RANDOLPH RD,HAWKESBURY LA,,N/A,PEDESTRIAN,OTHER,CLEAR,DRY,DAYLIGHT,TRAFFIC SIGNAL,NONE DETECTED,NONE DETECTED,2FED1071-E9C4-41F6-A96B-560FEF289F0D,PEDESTRIAN,Cross/Enter not at Intersection,IN ROADWAY IMPROPERLY,ON ROADWAY NOT AT CROSSWALK,Yes,POSSIBLE INJURY,NONE,39.06667415,-77.01958235,"(39.06667415, -77.01958235)"
MCP27490019,16036191,Montgomery County Police,Injury Crash,07/17/2016 12:15:00 PM,,,,IFO 13428 NEW HAMPSHIRE AVE,,OTHER,SAME DIR REAR END,CLEAR,,DAYLIGHT,NO CONTROLS,NONE DETECTED,N/A,A71D1F0C-8CA1-40CB-9417-85D39D3E8799,OTHER,Other,NO IMPROPER ACTIONS,INSIDE BUILDING,No,POSSIBLE INJURY,N/A,39.111685,-76.99486167,"(39.111685, -76.99486167)"
MCP2904006Y,190025093,Montgomery County Police,Injury Crash,05/26/2019 06:00:00 PM,County,LANGLEY DR,LINTON ST,,N/A,BICYCLIST,STRAIGHT MOVEMENT ANGLE,CLEAR,DRY,DAYLIGHT,STOP SIGN,NONE DETECTED,NONE DETECTED,FFB094E9-6976-41AC-9C04-6841FD9E68BE,BICYCLIST,Cross/Enter at Intersection,FAILURE TO OBEY TRAFFIC SIGNS SIGNALS OR OFFICER,ON ROADWAY NOT AT CROSSWALK,Yes,POSSIBLE INJURY,NONE,39.00245833,-76.99094833,"(39.00245833, -76.99094833)"
MCP235300B4,220047332,Montgomery County Police,Property Damage Crash,10/28/2022 09:27:00 AM,County,WESTBARD AVE,RIDGEFIELD RD,,N/A,OTHER,SINGLE VEHICLE,CLOUDY,DRY,DAYLIGHT,PERSON,NONE DETECTED,NONE DETECTED,FC89666D-1293-42A0-9D36-600F9CCA6B9A,OTHER,Other,IN ROADWAY IMPROPERLY,OTHER,No,NO APPARENT INJURY,REFLECTIVE CLOTHING,38.96527383,-77.10763233,"(38.96527383, -77.10763233)"
DD5614000N,16024847,Rockville Police Departme,Injury Crash,05/19/2016 11:16:00 AM,Maryland (State),E JEFFERSON ST,MONROE ST,,ROCKVILLE,PEDESTRIAN,SAME DIRECTION SIDESWIPE,CLOUDY,DRY,DAYLIGHT,TRAFFIC SIGNAL,NONE DETECTED,NONE DETECTED,B2AEEA5B-821B-4F9A-B201-14433270D67F,PEDESTRIAN,Cross/Enter at Intersection,NO IMPROPER ACTIONS,AT INTERSECTION MARKED CROSSWALK,No,SUSPECTED MINOR INJURY,NONE,39.08122167,-77.14769,"(39.08122167, -77.14769)"
MCP29860030,190021210,Montgomery County Police,Injury Crash,05/05/2019 10:34:00 PM,US (State),COLESVILLE RD,UNIVERSITY BLVD E,,N/A,PEDESTRIAN,SINGLE VEHICLE,CLEAR,DRY,DARK LIGHTS ON,TRAFFIC SIGNAL,NONE DETECTED,NONE DETECTED,A8C85898-390F-435B-A15F-B8E9A6CF0995,PEDESTRIAN,Cross/Enter at Intersection,DART DASH,AT INTERSECTION MARKED CROSSWALK,Yes,SUSPECTED MINOR INJURY,N/A,39.020502,-77.01264583,"(39.020502, -77.01264583)"
MCP2937001J,15063824,Montgomery County Police,Injury Crash,12/14/2015 10:32:00 AM,County,BLACKBURN RD,CUL DE SAC,,N/A,PEDESTRIAN,SINGLE VEHICLE,N/A,DRY,DAYLIGHT,NO CONTROLS,NONE DETECTED,NONE DETECTED,18393E1A-62CC-40F3-A1C4-ADE27F337B22,PEDESTRIAN,Cross/Enter not at Intersection,FAILURE TO YIELD RIGHT OF WAY,ON ROADWAY NOT AT CROSSWALK,Yes,POSSIBLE INJURY,NONE,39.09888966,-76.92820072,"(39.09888966, -76.92820072)"
DD56370022,200046625,Rockville Police Departme,Injury Crash,11/25/2020 06:51:00 PM,,,,PARKING LOT OF 403 REDLAND BLVD,,PEDESTRIAN,SINGLE VEHICLE,CLEAR,,DARK LIGHTS ON,NO CONTROLS,NONE DETECTED,NONE DETECTED,4669AC2E-84A5-486B-8349-1B226A4B6018,PEDESTRIAN,Cross/Enter at Intersection,NO IMPROPER ACTIONS,AT INTERSECTION MARKED CROSSWALK,No,POSSIBLE INJURY,NONE,39.11285733,-77.17183467,"(39.11285733, -77.17183467)"
MCP9438000V,16005086,Montgomery County Police,Injury Crash,01/31/2016 01:30:00 PM,County,GUNNERS BRANCH RD,FREDERICK RD,,N/A,PEDESTRIAN,SINGLE VEHICLE,N/A,WET,DAYLIGHT,TRAFFIC SIGNAL,UNKNOWN,N/A,44A8F816-C4F5-4EB3-938D-5D565AB0545E,PEDESTRIAN,Cross/Enter at Intersection,NO IMPROPER ACTIONS,ON ROADWAY AT CROSSWALK,No,POSSIBLE INJURY,N/A,39.17862,-77.23955167,"(39.17862, -77.23955167)"
MCP2850000V,15038430,MONTGOMERY,Injury Crash,08/03/2015 11:24:00 AM,County,SCOTT DR,FINSBURY RD,,N/A,OTHER,OTHER,CLEAR,DRY,DAYLIGHT,NO CONTROLS,N/A,N/A,C30F8F47-885F-46A9-A73A-9FC5F0FFEAC6,OTHER,Standing,N/A,OTHER,No,SUSPECTED MINOR INJURY,REFLECTIVE CLOTHING,39.075425,-77.02203833,"(39.075425, -77.02203833)"
MCP2008002X,16058233,Montgomery County Police,Injury Crash,11/11/2016 05:46:00 PM,Maryland (State),WILSON LA,MOORLAND LA,,N/A,PEDESTRIAN,HEAD ON,CLEAR,DRY,DARK LIGHTS ON,NO CONTROLS,NONE DETECTED,NONE DETECTED,E298529C-E573-4BD3-B451-CF2C94E1F47E,PEDESTRIAN,Cross/Enter at Intersection,NO IMPROPER ACTIONS,ON ROADWAY AT CROSSWALK,No,SUSPECTED MINOR INJURY,NONE,38.9871,-77.10963167,"(38.9871, -77.10963167)"
MCP2899003G,200013272,Montgomery County Police,Fatal Crash,03/19/2020 12:26:00 PM,Maryland (State),NEW HAMPSHIRE AVE,MCCENEY AVE,,N/A,PEDESTRIAN,SINGLE VEHICLE,CLEAR,DRY,DAYLIGHT,NO CONTROLS,NONE DETECTED,UNKNOWN,93E83C00-B575-42DC-9960-B9324E5892C1,PEDESTRIAN,Walking/Cycling on Sidewalk,UNKNOWN,SIDEWALK,No,FATAL INJURY,N/A,39.0359935,-76.98895157,"(39.0359935, -76.98895157)"
MCP94420028,210044027,Montgomery County Police,Injury Crash,11/01/2021 07:00:00 AM,County,EAST VILLAGE AVE,WELBECK WAY,,N/A,PEDESTRIAN,OTHER,CLEAR,DRY,DAWN,OTHER,NONE DETECTED,NONE DETECTED,57724B36-D1DA-4B15-A15F-D4C2F70F5E10,PEDESTRIAN,Cross/Enter at Intersection,NO IMPROPER ACTIONS,ON ROADWAY AT CROSSWALK,No,SUSPECTED MINOR INJURY,N/A,39.18806833,-77.180635,"(39.18806833, -77.180635)"
DD5539000Z,15026681,Rockville Police Departme,Injury Crash,06/02/2015 05:35:00 PM,Maryland (State),ROCKVILLE PIKE,ENT TO CONGRESSIONAL PLAZA,,N/A,BICYCLIST,OTHER,CLOUDY,DRY,DAYLIGHT,STOP SIGN,NONE DETECTED,NONE DETECTED,9077868D-5211-4875-B3F6-2E8343F29508,BICYCLIST,Walking/Cycling on Sidewalk,NO IMPROPER ACTIONS,ON ROADWAY AT CROSSWALK,,SUSPECTED SERIOUS INJURY,NONE,39.06286546,-77.12513924,"(39.06286546, -77.12513924)"
MCP94300008,230014759,Montgomery County Police,Injury Crash,03/27/2023 11:40:00 AM,,,,ALLEYWAY BEHIND GEORGETOWN SQUARE,,PEDESTRIAN,SINGLE VEHICLE,CLOUDY,,DAYLIGHT,N/A,NONE DETECTED,NONE DETECTED,A41D9238-17D9-46C9-88ED-A13D24AA6802,PEDESTRIAN,Standing,NO IMPROPER ACTIONS,OTHER,No,SUSPECTED MINOR INJURY,NONE,39.02534749,-77.12782794,"(39.02534749, -77.12782794)"
MCP209400H3,210007963,Montgomery County Police,Injury Crash,03/03/2021 06:59:00 AM,County,MACARTHUR BLVD,CLARA BARTON PKWY,,N/A,BICYCLIST,OTHER,CLEAR,DRY,DAYLIGHT,NO CONTROLS,NONE DETECTED,NONE DETECTED,DFAA19E2-B9FC-4E77-AF11-DFE05C15F137,BICYCLIST,Walking/Riding w/Traffic,NO IMPROPER ACTIONS,ON ROADWAY NOT AT CROSSWALK,No,SUSPECTED SERIOUS INJURY,MC/BIKE HELMET,38.97863667,-77.20802833,"(38.97863667, -77.20802833)"
DM8479000J,200031997,Takoma Park Police Depart,Injury Crash,08/16/2020 06:01:00 PM,Maryland (State),NEW HAMPSHIRE AVE,UNIVERSITY BLVD,,N/A,PEDESTRIAN,OTHER,CLOUDY,DRY,DAYLIGHT,TRAFFIC SIGNAL,NONE DETECTED,NONE DETECTED,9740B3A7-4477-408D-A0BD-EAD0AB63330E,PEDESTRIAN,Cross/Enter at Intersection,NO IMPROPER ACTIONS,ON ROADWAY AT CROSSWALK,No,SUSPECTED MINOR INJURY,N/A,38.98794582,-76.98641554,"(38.98794582, -76.98641554)"
MCP3275000K,210016843,Montgomery County Police,Injury Crash,05/05/2021 12:14:00 PM,Maryland (State),GEORGIA AVE,COLESVILLE RD,,N/A,PEDESTRIAN,OTHER,OTHER,DRY,DAYLIGHT,TRAFFIC SIGNAL,NONE DETECTED,NONE DETECTED,05A4DE12-DF4D-483A-8354-3123DDE1FC4E,PEDESTRIAN,Cross/Enter at Intersection,UNKNOWN,ON ROADWAY AT CROSSWALK,Unknown,SUSPECTED SERIOUS INJURY,NONE,38.99559833,-77.02806,"(38.99559833, -77.02806)"
MCP2722002Y,180008000,Montgomery County Police,Injury Crash,02/15/2018 04:32:00 PM,,,,PARKING LOT OF 5566 NORBECK RD,,PEDESTRIAN,SINGLE VEHICLE,CLEAR,,DAYLIGHT,NO CONTROLS,N/A,N/A,3E5A492E-A47F-401F-BBEB-0FF852549FD3,PEDESTRIAN,Cross/Enter not at Intersection,NO IMPROPER ACTIONS,ON ROADWAY NOT AT CROSSWALK,No,SUSPECTED MINOR INJURY,NONE,39.095125,-77.11114167,"(39.095125, -77.11114167)"
MCP27840028,16004095,Montgomery County Police,Injury Crash,01/24/2016 06:34:00 PM,,REDSPIRE DRIVE,DEER HIGHLANDS WAY,,N/A,PEDESTRIAN,SINGLE VEHICLE,SNOW,N/A,DARK LIGHTS ON,NO CONTROLS,UNKNOWN,NONE DETECTED,6D109FD5-78B7-4AE7-B96F-A7C0CA728AFA,PEDESTRIAN,Standing,IN ROADWAY IMPROPERLY,ON ROADWAY NOT AT CROSSWALK,Yes,POSSIBLE INJURY,N/A,39.0039,-77.036485,"(39.0039, -77.036485)"
MCP2493000Q,15061008,MONTGOMERY,Injury Crash,11/29/2015 07:54:00 PM,Maryland (State),FREDERICK RD,MIDDLEBROOK RD,,N/A,PEDESTRIAN,OTHER,CLEAR,DRY,DARK NO LIGHTS,NO CONTROLS,NONE DETECTED,UNKNOWN,6A65C822-90FF-403A-8C3A-52BA7AECD544,PEDESTRIAN,Cross/Enter not at Intersection,IN ROADWAY IMPROPERLY,ON ROADWAY NOT AT CROSSWALK,Yes,SUSPECTED SERIOUS INJURY,N/A,39.178895,-77.23851,"(39.178895, -77.23851)"
MCP102200CD,190024672,Montgomery County Police,Injury Crash,05/24/2019 09:50:00 AM,,,,"SOUTH SIDE PARKING LOT AT GERMANTOWN ASSISTED LIVING  20990 FATHER HURLEY BLVD GERMANTOWN, MD 20874",,PEDESTRIAN,SINGLE VEHICLE,CLEAR,,DAYLIGHT,NO CONTROLS,NONE DETECTED,NONE DETECTED,1CBC5EDB-61D4-418B-BDFA-DF3F99579D2F,PEDESTRIAN,Other,NO IMPROPER ACTIONS,OTHER,No,SUSPECTED MINOR INJURY,N/A,39.190085,-77.27435667,"(39.190085, -77.27435667)"
MCP2695000T,16042284,Montgomery County Police,Injury Crash,08/20/2016 12:40:00 PM,Maryland (State),NEW HAMPSHIRE AVE,ADELPHI RD,,N/A,PEDESTRIAN,OTHER,CLEAR,DRY,DAYLIGHT,TRAFFIC SIGNAL,N/A,N/A,7060BB8F-8823-4688-90BA-F920971E4602,PEDESTRIAN,Cross/Enter at Intersection,NO IMPROPER ACTIONS,ON ROADWAY AT CROSSWALK,No,POSSIBLE INJURY,N/A,39.01136446,-76.97909832,"(39.01136446, -76.97909832)"
MCP24920014,190018949,Montgomery County Police,Injury Crash,04/23/2019 07:30:00 AM,Maryland (State),GREAT SENECA HWY,MIDDLEBROOK RD,,N/A,PEDESTRIAN,OTHER,CLEAR,DRY,DAYLIGHT,TRAFFIC SIGNAL,NONE DETECTED,NONE DETECTED,01BDAC8E-A031-4488-B756-C53AEE4A001F,PEDESTRIAN,Cross/Enter at Intersection,FAILURE TO OBEY TRAFFIC SIGNS SIGNALS OR OFFICER,ON ROADWAY AT CROSSWALK,Yes,POSSIBLE INJURY,NONE,39.17482667,-77.26058,"(39.17482667, -77.26058)"
DD561500D8,220047000,Rockville Police Departme,Property Damage Crash,10/26/2022 01:45:00 PM,,,,"PARKING LOT OF 155 ROLLINS AVE, ROCKVILLE, MARYLAND.",,OTHER,SINGLE VEHICLE,N/A,,DAYLIGHT,NO CONTROLS,NONE DETECTED,NONE DETECTED,7A7C7860-0E29-4EB4-B240-1EBABCD133DB,OTHER,Other,NO IMPROPER ACTIONS,OTHER,No,NO APPARENT INJURY,NONE,39.05878197,-77.124726,"(39.05878197, -77.124726)"
MCP3130001R,190039432,Montgomery County Police,Property Damage Crash,08/18/2019 12:00:00 PM,County,CONNECTICUT AVE,GRAND PRE RD,,N/A,BICYCLIST,STRAIGHT MOVEMENT ANGLE,CLEAR,DRY,DAYLIGHT,NO CONTROLS,NONE DETECTED,NONE DETECTED,C32A4CA5-DFC3-47DB-8D3A-4D7A18C37465,BICYCLIST,Walking/Riding w/Traffic,NO IMPROPER ACTIONS,OTHER,No,NO APPARENT INJURY,MC/BIKE HELMET,39.08485833,-77.07600833,"(39.08485833, -77.07600833)"
MCP3336000D,220052925,Montgomery County Police,Injury Crash,11/30/2022 05:50:00 PM,,,,HOLY CROSS HOSPITAL PARKING LOT,,PEDESTRIAN,OTHER,CLEAR,,DARK LIGHTS ON,OTHER,NONE DETECTED,NONE DETECTED,C8894659-EBF5-4F0F-B208-2EE6D6AAC7E7,PEDESTRIAN,Cross/Enter not at Intersection,NO IMPROPER ACTIONS,OTHER,No,SUSPECTED MINOR INJURY,N/A,39.015,-77.035,"(39.015, -77.035)"
MCP26570017,16053266,Montgomery County Police,Injury Crash,10/16/2016 11:00:00 PM,,,,PARKING LOT OF ENCLAVE APARTMENTS IN AREA BETWEEN 11235 OAK LEAF DRIVE/11200 LOCKWOOD DRIVE,,BICYCLIST,SAME DIR REND RIGHT TURN,CLEAR,,DARK NO LIGHTS,NO CONTROLS,ALCOHOL PRESENT,N/A,75846781-470B-4F8A-B93C-FF7051705958,BICYCLIST,Walking/Riding w/Traffic,NOT VISIBLE,OTHER,No,POSSIBLE INJURY,NONE,39.03919674,-76.9922626,"(39.03919674, -76.9922626)"
MCP20820017,180008905,Montgomery County Police,Injury Crash,02/20/2018 09:57:00 PM,Maryland (State),GEORGIA AVE,REEDIE DR,,N/A,PEDESTRIAN,SINGLE VEHICLE,CLEAR,DRY,DARK LIGHTS ON,TRAFFIC SIGNAL,NONE DETECTED,N/A,028A7CE9-04CF-41B2-942A-E5558377EE9F,PEDESTRIAN,Cross/Enter at Intersection,FAILURE TO OBEY TRAFFIC SIGNS SIGNALS OR OFFICER,ON ROADWAY AT CROSSWALK,Yes,POSSIBLE INJURY,N/A,39.039455,-77.05244167,"(39.039455, -77.05244167)"
MCP3119002K,200023226,Montgomery County Police,Injury Crash,06/13/2020 09:10:00 AM,County,RIDGELINE DR,CLUB HOUSE RD,,N/A,BICYCLIST,OTHER,CLEAR,DRY,DAYLIGHT,STOP SIGN,NONE DETECTED,NONE DETECTED,86E5B470-034B-4799-AB90-C46EFF8CB555,BICYCLIST,Cross/Enter at Intersection,NO IMPROPER ACTIONS,SIDEWALK,No,POSSIBLE INJURY,MC/BIKE HELMET,39.17459633,-77.20492883,"(39.17459633, -77.20492883)"
MCP27480016,190018590,Montgomery County Police,Injury Crash,04/20/2019 09:52:00 PM,Maryland (State),OLD GEORGETOWN RD,ROCKVILLE PIKE,,N/A,PEDESTRIAN,SINGLE VEHICLE,CLEAR,N/A,DARK LIGHTS ON,N/A,N/A,NONE DETECTED,1B3F0161-4558-4290-8F09-989002CACA9C,PEDESTRIAN,Cross/Enter not at Intersection,IN ROADWAY IMPROPERLY,ON ROADWAY NOT AT CROSSWALK,Yes,SUSPECTED SERIOUS INJURY,N/A,39.04508167,-77.1204155,"(39.04508167, -77.1204155)"
MCP1086000B,210042474,Montgomery County Police,Injury Crash,10/22/2021 07:30:00 AM,County,RICHTER FARM RD,MOLASSES RUN DR,,N/A,BICYCLIST,OTHER,N/A,DRY,DAYLIGHT,STOP SIGN,NONE DETECTED,N/A,CC1A6065-745D-4B78-8FA5-5AE9EBF1E02E,BICYCLIST,Walking/Cycling on Sidewalk,INATTENTIVE,SIDEWALK,Yes,SUSPECTED MINOR INJURY,NONE,39.15318326,-77.28550537,"(39.15318326, -77.28550537)"
MCP2656006W,230024263,Montgomery County Police,Injury Crash,05/20/2023 06:45:00 PM,Maryland (State),CLOPPER RD,VILLAGE FOUNTAIN DR,,N/A,PEDESTRIAN,OTHER,RAINING,WET,DAYLIGHT,TRAFFIC SIGNAL,N/A,N/A,269F5EAF-A293-4AE8-9A87-61D764B0AF67,PEDESTRIAN,Other,OTHER,AT INTERSECTION MARKED CROSSWALK,No,SUSPECTED SERIOUS INJURY,N/A,39.1603645,-77.27999867,"(39.1603645, -77.27999867)"
MCP3053006J,230028673,Montgomery County Police,Injury Crash,06/14/2023 07:25:00 PM,,,,11160 VEIRS MILL RD PARKING LOT OF LA FITNESS,,PEDESTRIAN,OTHER,N/A,,DAYLIGHT,NO CONTROLS,UNKNOWN,N/A,C5436586-26D4-4224-9F74-FEC7C44C3103,PEDESTRIAN,Standing,UNKNOWN,OTHER,No,POSSIBLE INJURY,N/A,39.03608129,-77.05070976,"(39.03608129, -77.05070976)"
EJ7895000D,220004216,Gaithersburg Police Depar,Injury Crash,01/31/2022 06:30:00 PM,Municipality,E DIAMOND AVE,E DIAMOND AVE,,GAITHERSBURG,BICYCLIST,STRAIGHT MOVEMENT ANGLE,CLEAR,DRY,DARK LIGHTS ON,NO CONTROLS,N/A,N/A,CB7634EF-A687-414B-A19F-E0905765D671,BICYCLIST,Cross/Enter not at Intersection,IMPROPER TURN MERGE,ON ROADWAY NOT AT CROSSWALK,Yes,POSSIBLE INJURY,NONE,39.14201479,-77.1888905,"(39.14201479, -77.1888905)"
MCP2783004L,220046704,Montgomery County Police,Property Damage Crash,12/13/2022 06:58:00 PM,County,MARIGOLD LA,CAMELLIA DR,,N/A,PEDESTRIAN,OPPOSITE DIRECTION SIDESWIPE,CLEAR,DRY,DARK NO LIGHTS,NO CONTROLS,N/A,N/A,6FBFF1EB-8C15-480E-9B59-68381CEF9D21,PEDESTRIAN,Standing,NO IMPROPER ACTIONS,OUTSIDE RIGHT OF WAY,Unknown,NO APPARENT INJURY,N/A,39.0712178,-77.0437098,"(39.0712178, -77.0437098)"
MCP2512004Q,190054414,Montgomery County Police,Injury Crash,11/11/2019 07:11:00 PM,County,WASHINGTON GROVE LA,TOWNE CREST DR,,N/A,PEDESTRIAN,STRAIGHT MOVEMENT ANGLE,CLEAR,DRY,DARK LIGHTS ON,OTHER,NONE DETECTED,ALCOHOL PRESENT,8701791A-A4E5-4FE9-8D68-CEC8473D52EF,PEDESTRIAN,Other,INATTENTIVE,OTHER,Yes,POSSIBLE INJURY,NONE,39.14385789,-77.17320853,"(39.14385789, -77.17320853)"
DD56060047,170500798,Rockville Police Departme,Injury Crash,04/06/2017 10:19:00 AM,County,SHADY GROVE RD,GAITHER RD,,ROCKVILLE,PEDESTRIAN,SINGLE VEHICLE,CLOUDY,DRY,DARK LIGHTS ON,TRAFFIC SIGNAL,NONE DETECTED,NONE DETECTED,685758F6-FB79-4740-A4B3-E87F288FCC8A,PEDESTRIAN,Cross/Enter at Intersection,FAILURE TO OBEY TRAFFIC SIGNS SIGNALS OR OFFICER,ON ROADWAY AT CROSSWALK,Yes,POSSIBLE INJURY,NONE,39.11744113,-77.18345717,"(39.11744113, -77.18345717)"
MCP3182001J,210048951,Montgomery County Police,Injury Crash,12/07/2021 04:04:00 PM,,,,PARKINGLOT OF 3905 BLACKBURN LN,,PEDESTRIAN,OTHER,CLEAR,,DAYLIGHT,NO CONTROLS,NONE DETECTED,NONE DETECTED,AF255521-E9B3-4327-A078-CB41711FC5DA,PEDESTRIAN,Walking to/from school,NOT VISIBLE,ON ROADWAY NOT AT CROSSWALK,Yes,SUSPECTED MINOR INJURY,NONE,39.10493404,-76.93170185,"(39.10493404, -76.93170185)"
MCP158000DZ,210024895,Montgomery County Police,Injury Crash,06/29/2021 09:30:00 AM,Municipality,CHRISTOPHER AVE,RUSSELL AVE,,GAITHERSBURG,MACHINE OPERATOR/RIDER,SINGLE VEHICLE,CLEAR,DRY,DAYLIGHT,NO CONTROLS,NONE DETECTED,NONE DETECTED,39C04AD9-623B-4162-89D5-CA1DE4CF2240,MACHINE OPERATOR/RIDER,Walking/Riding against Traffic,OTHER,ON ROADWAY NOT AT CROSSWALK,Yes,SUSPECTED MINOR INJURY,NONE,39.15837833,-77.21249,"(39.15837833, -77.21249)"