Report Number,Local Case Number,Agency Name,ACRS Report Type,Crash Date/Time,Route Type,Road Name,Cross-Street Name,Off-Road Description,Municipality,Related Non-Motorist,Collision Type,Weather,Surface Condition,Light,Traffic Control,Driver Substance Abuse,Non-Motorist Substance Abuse,Person ID,Pedestrian Type,Pedestrian Movement,Pedestrian Actions,Pedestrian Location,At Fault,Injury Severity,Safety Equipment,Latitude,Longitude,Location
MCP295200DT,230030880,Montgomery County Police,Injury Crash,06/28/2023 10:47:00 AM,Maryland (State),EAST WEST HWY,COLESVILLE RD,,N/A,PEDESTRIAN,SINGLE VEHICLE,CLOUDY,DRY,DAYLIGHT,TRAFFIC SIGNAL,NONE DETECTED,NONE DETECTED,3DA635D7-64A5-4873-85D4-51E41A1E884C,PEDESTRIAN,Cross/Enter at Intersection,NO IMPROPER ACTIONS,ON ROADWAY AT CROSSWALK,No,POSSIBLE INJURY,N/A,38.99377984,-77.03230618,"(38.99377984, -77.03230618)"
HA2483000W,22001096,Maryland-National Capital,Property Damage Crash,06/30/2022 03:50:00 PM,Government,LITTLE FALLS PKWY,ARLINGTON RD,,N/A,OTHER,STRAIGHT MOVEMENT ANGLE,CLEAR,DRY,DAYLIGHT,STOP SIGN,NONE DETECTED,NONE DETECTED,D7F2ACB2-006B-4E84-909D-94960C9CECE8,OTHER,N/A,N/A,N/A,Unknown,NO APPARENT INJURY,N/A,38.97287633,-77.100504,"(38.97287633, -77.100504)"
MCP2563000S,180042134,Montgomery County Police,Fatal Crash,08/24/2018 04:05:00 AM,Maryland (State),GEORGIA AVE,REEDIE DR,,N/A,PEDESTRIAN,SINGLE VEHICLE,CLEAR,DRY,DARK LIGHTS ON,NO CONTROLS,NONE DETECTED,UNKNOWN,5573539D-F220-48D3-B518-F685AE9FECFE,PEDESTRIAN,Cross/Enter not at Intersection,DART DASH,ON ROADWAY NOT AT CROSSWALK,Unknown,FATAL INJURY,NONE,39.03912635,-77.05113669,"(39.03912635, -77.05113669)"
DD56100084,230033390,Rockville Police Departme,Injury Crash,07/13/2023 03:29:00 PM,,,,403 REDLAND BLVD PARKING LOT OF (SAFEWAY),,PEDESTRIAN,OTHER,CLEAR,,DAYLIGHT,NO CONTROLS,N/A,N/A,E37F230B-8ADF-42ED-9462-C1DDB3FB350A,PEDESTRIAN,Other,UNKNOWN,DRIVEWAY ACCESS MARKED CROSSWALK,No,POSSIBLE INJURY,N/A,39.11302717,-77.1727655,"(39.11302717, -77.1727655)"
MCP2921000T,15054868,MONTGOMERY,Injury Crash,10/28/2015 07:21:00 PM,,,,"ROAD IN MILESTONE SHOPPING CENTER
 IN FRONT OF THE PETSMART",,PEDESTRIAN,SINGLE VEHICLE,RAINING,,DARK LIGHTS ON,N/A,NONE DETECTED,NONE DETECTED,39494EC5-273E-484E-AC36-587B0F1124B5,PEDESTRIAN,Cross/Enter at Intersection,NO IMPROPER ACTIONS,ON ROADWAY AT CROSSWALK,No,SUSPECTED MINOR INJURY,NONE,39.20164333,-77.24978667,"(39.20164333, -77.24978667)"
MCP3149001J,190054339,Montgomery County Police,Injury Crash,11/11/2019 01:23:00 PM,Maryland (State),UNIVERSITY BLVD E,WILLIAMSBURG DR,,N/A,PEDESTRIAN,SINGLE VEHICLE,CLEAR,DRY,DAYLIGHT,TRAFFIC SIGNAL,N/A,N/A,05C715F5-52E1-4706-96C4-B60477528FC0,PEDESTRIAN,Cross/Enter at Intersection,UNKNOWN,AT INTERSECTION MARKED CROSSWALK,No,SUSPECTED MINOR INJURY,N/A,39.01794833,-77.006905,"(39.01794833, -77.006905)"
MCP24370015,15054551,MONTGOMERY,Injury Crash,10/27/2015 03:48:00 PM,County,LIVINGSTON ST,TERRAPIN RD,,N/A,PEDESTRIAN,SINGLE VEHICLE,CLOUDY,DRY,DAYLIGHT,NO CONTROLS,NONE DETECTED,NONE DETECTED,25FFAC2F-5BBD-4CA0-A206-24DDE78AACE5,PEDESTRIAN,Playing,DART DASH,ON ROADWAY NOT AT CROSSWALK,Yes,SUSPECTED MINOR INJURY,NONE,39.06034833,-77.05446833,"(39.06034833, -77.05446833)"
MCP2882000Q,15006301,Montgomery County Police,Injury Crash,02/07/2015 05:00:00 PM,,,,Driveway of 21100 Slidell Rd. Boyds MD 20841,,PEDESTRIAN,SINGLE VEHICLE,CLEAR,,DAYLIGHT,N/A,NONE DETECTED,NONE DETECTED,CCA4EFB4-F43F-402B-97D0-45BF5F98D1C9,PEDESTRIAN,Playing,NOT VISIBLE,N/A,,SUSPECTED MINOR INJURY,N/A,39.20210472,-77.32660532,"(39.20210472, -77.32660532)"
EJ7781004N,230063890,Gaithersburg Police Depar,Injury Crash,11/02/2023 06:58:00 AM,Municipality,METROPOLITAN GROVE RD,CLOPPER RD,,N/A,BICYCLIST,STRAIGHT MOVEMENT ANGLE,CLEAR,DRY,DARK -- UNKNOWN LIGHTING,TRAFFIC SIGNAL,NONE DETECTED,NONE DETECTED,035923D8-F891-4CA5-8838-37A7769F2D6E,BICYCLIST,Cross/Enter at Intersection,NO IMPROPER ACTIONS,ON ROADWAY AT CROSSWALK,No,POSSIBLE INJURY,NONE,39.14615537,-77.22819747,"(39.14615537, -77.22819747)"
MCP2981003M,210001872,Montgomery County Police,Property Damage Crash,01/15/2021 04:03:00 PM,County,PARKER AVE,JUDSON RD,,N/A,PEDESTRIAN,SINGLE VEHICLE,CLEAR,DRY,DAYLIGHT,NO CONTROLS,NONE DETECTED,NONE DETECTED,2211FADC-2C18-49A6-BF5C-ACB3FCE61E55,PEDESTRIAN,Walking/Cycling on Sidewalk,NO IMPROPER ACTIONS,SIDEWALK,No,NO APPARENT INJURY,NONE,39.0488811,-77.0592769,"(39.0488811, -77.0592769)"
MCP3246001F,220019023,Montgomery County Police,Injury Crash,05/04/2022 09:37:00 PM,Maryland (State),LAYHILL RD,GLENALLAN AVE,,N/A,PEDESTRIAN,OTHER,CLEAR,DRY,DARK LIGHTS ON,STOP SIGN,NONE DETECTED,NONE DETECTED,DDDD3956-29F0-4E9D-8077-1155303449E4,PEDESTRIAN,Cross/Enter at Intersection,OTHER,DRIVEWAY ACCESS MARKED CROSSWALK,No,SUSPECTED MINOR INJURY,N/A,39.0651185,-77.04827733,"(39.0651185, -77.04827733)"
MCP289200F0,230034624,Montgomery County Police,Injury Crash,07/20/2023 06:01:00 PM,County,THAYER AVE,FENTON ST,,N/A,PEDESTRIAN,SINGLE VEHICLE,CLEAR,DRY,DAYLIGHT,NO CONTROLS,NONE DETECTED,NONE DETECTED,0AAE1CD2-5C7A-409E-AADA-1DE7D542C16A,PEDESTRIAN,Cross/Enter not at Intersection,IN ROADWAY IMPROPERLY,ON ROADWAY NOT AT CROSSWALK,Yes,POSSIBLE INJURY,NONE,38.99308191,-77.02331513,"(38.99308191, -77.02331513)"
MCP2965000T,16005619,Montgomery County Police,Injury Crash,02/03/2016 09:58:00 AM,,,,STARBUCKS PARKING LOT @ 16806 GEROGIA AVE,,PEDESTRIAN,SINGLE VEHICLE,RAINING,,DAYLIGHT,N/A,NONE DETECTED,NONE DETECTED,17E7D7BD-75EC-4749-A72F-B37D1A4CF421,PEDESTRIAN,Other,OTHER,SHARED USE PATH OR TRAILS,No,SUSPECTED MINOR INJURY,N/A,39.15964684,-77.07727119,"(39.15964684, -77.07727119)"
MCP2215001Z,220050696,Montgomery County Police,Property Damage Crash,11/16/2022 03:27:00 PM,,,,PARKING LOT OF 20910 FREDERICK RD,,PEDESTRIAN,OTHER,CLEAR,,DAYLIGHT,N/A,NONE DETECTED,NONE DETECTED,08246468-79FD-4B5A-9B31-F2C8886D3519,PEDESTRIAN,Other,OTHER,OTHER,Unknown,NO APPARENT INJURY,N/A,39.19994084,-77.2506863,"(39.19994084, -77.2506863)"
MCP32690010,210040769,Montgomery County Police,Property Damage Crash,10/12/2021 09:47:00 AM,,,,IN PARKING LOT OF URGETN CARE LOCATED AT 15648 OLD COLUMBIA PIKE,,BICYCLIST,HEAD ON LEFT TURN,RAINING,,DAYLIGHT,NO CONTROLS,NONE DETECTED,NONE DETECTED,D556D528-412D-48C3-B077-D508DD7A1C12,BICYCLIST,Cross/Enter not at Intersection,NO IMPROPER ACTIONS,SIDEWALK,No,NO APPARENT INJURY,NONE,39.11293117,-76.9336825,"(39.11293117, -76.9336825)"
MCP26900011,15038336,MONTGOMERY,Property Damage Crash,08/02/2015 06:17:00 PM,,,,"Parking lot of 12015 Georgia Ave. Silver Spring, MD 20902 (H Mart)",,PEDESTRIAN,SINGLE VEHICLE,CLEAR,,DAYLIGHT,NO CONTROLS,NONE DETECTED,NONE DETECTED,BCA93E48-00E8-4CE8-ACB4-6BCCC537B183,PEDESTRIAN,Other,NO IMPROPER ACTIONS,OTHER,No,NO APPARENT INJURY,NONE,39.052185,-77.05019832,"(39.052185, -77.05019832)"
MCP27470011,15007153,Montgomery County Police,Injury Crash,02/12/2015 03:29:00 PM,,,,Parking lot of 141-1 Georgia Ave,,PEDESTRIAN,OTHER,CLEAR,,DAYLIGHT,NO CONTROLS,NONE DETECTED,NONE DETECTED,C005B639-5550-45DD-A521-3651D3331D46,PEDESTRIAN,Walking/Cycling on Sidewalk,NO IMPROPER ACTIONS,SIDEWALK,,SUSPECTED MINOR INJURY,N/A,39.08538333,-77.07814667,"(39.08538333, -77.07814667)"
MCP2745001J,16034127,Montgomery County Police,Injury Crash,07/06/2016 04:27:00 AM,County,BATTLERIDGE PL,ENTERPRISE WAY,,N/A,PEDESTRIAN,OTHER,CLEAR,DRY,DARK LIGHTS ON,N/A,NONE DETECTED,NONE DETECTED,F027EF4F-0E4E-4832-A086-13F95B7B333E,PEDESTRIAN,Cross/Enter not at Intersection,FAILURE TO YIELD RIGHT OF WAY,ON ROADWAY NOT AT CROSSWALK,Yes,SUSPECTED MINOR INJURY,N/A,39.17606667,-77.21332333,"(39.17606667, -77.21332333)"
DD5595002X,16042686,Rockville Police Departme,Injury Crash,08/22/2016 09:51:00 AM,Maryland (State),HUNGERFORD DR,ENT TO BUSINESSES,,N/A,PEDESTRIAN,SINGLE VEHICLE,CLEAR,DRY,DARK LIGHTS ON,TRAFFIC SIGNAL,NONE DETECTED,UNKNOWN,E285F94E-2C02-440A-837B-35F0909B33D0,PEDESTRIAN,Cross/Enter at Intersection,FAILURE TO YIELD RIGHT OF WAY,AT INTERSECTION MARKED CROSSWALK,Yes,SUSPECTED SERIOUS INJURY,NONE,39.08950867,-77.15169083,"(39.08950867, -77.15169083)"
MCP30940031,230027004,Montgomery County Police,Injury Crash,06/05/2023 03:56:00 PM,County,WHETSTONE DR,MONTGOMERY VILLAGE AVE,,N/A,PEDESTRIAN,OTHER,N/A,DRY,DAYLIGHT,STOP SIGN,NONE DETECTED,NONE DETECTED,2CFF8B81-70DC-41A0-88A6-B87DEDB8FDBD,PEDESTRIAN,Cross/Enter at Intersection,FAILURE TO YIELD RIGHT OF WAY,CURB,Yes,POSSIBLE INJURY,NONE,39.17101,-77.20410333,"(39.17101, -77.20410333)"
MCP3244002F,230016925,Montgomery County Police,Property Damage Crash,04/09/2023 01:07:00 PM,,,,PARKING LOT OF 1290 EAST WEST HWY,,PEDESTRIAN,OTHER,CLEAR,,DAYLIGHT,NO CONTROLS,NONE DETECTED,NONE DETECTED,AFFDF0EC-64FA-4A7E-8B18-76F41CB11BC3,PEDESTRIAN,Cross/Enter at Intersection,NO IMPROPER ACTIONS,ON ROADWAY AT CROSSWALK,No,NO APPARENT INJURY,NONE,38.99175733,-77.03182517,"(38.99175733, -77.03182517)"
MCP29390040,190038065,Montgomery County Police,Injury Crash,08/08/2019 05:40:00 PM,Maryland (State),WOODFIELD RD,MOYER RD,,N/A,PEDESTRIAN,OTHER,CLEAR,DRY,DAYLIGHT,NO CONTROLS,N/A,N/A,0F0A9BAB-59EE-468E-9539-D922BAEE767E,PEDESTRIAN,Getting off/on Vehicle,NO IMPROPER ACTIONS,OTHER,No,SUSPECTED MINOR INJURY,NONE,39.26709833,-77.20514667,"(39.26709833, -77.20514667)"
DD5657001D,230066533,Rockville Police Departme,Injury Crash,11/15/2023 04:44:00 PM,Other Public Roadway,CORK TREE LA,ELMCROFT BLVD,,N/A,PEDESTRIAN,OTHER,CLEAR,DRY,DUSK,STOP SIGN,UNKNOWN,NONE DETECTED,4AEDD740-ADC4-4016-8D26-3B472AB5FB92,PEDESTRIAN,Walking/Riding w/Traffic,INATTENTIVE,ON ROADWAY NOT AT CROSSWALK,Yes,SUSPECTED MINOR INJURY,NONE,39.1139464,-77.16635814,"(39.1139464, -77.16635814)"
MCP31540029,210023699,Montgomery County Police,Injury Crash,06/21/2021 10:26:00 AM,,,,"19228 CIRCLE GATE DRIVE, GERMANTOWN, MD (APARTMENT COMPLEX T INTERSECTION)",,OTHER CONVEYANCE,HEAD ON LEFT TURN,CLEAR,,DAYLIGHT,STOP SIGN,NONE DETECTED,NONE DETECTED,38C9C4C4-4FA8-4889-BB43-6042E6E614D6,OTHER CONVEYANCE,Other,NO IMPROPER ACTIONS,AT INTERSECTION BUT NO CROSSWALK,No,SUSPECTED MINOR INJURY,N/A,39.17153833,-77.26378833,"(39.17153833, -77.26378833)"
HA24150017,20001500,Maryland-National Capital,Injury Crash,06/26/2020 09:55:00 AM,Government,SLIGO CREEK PKWY,DENNIS AVE,,N/A,BICYCLIST,SAME DIRECTION LEFT TURN,N/A,DRY,DAYLIGHT,NO CONTROLS,N/A,N/A,F0F845FB-B5D0-4E20-BD23-E135245168A3,BICYCLIST,Walking/Riding w/Traffic,INATTENTIVE,ON ROADWAY NOT AT CROSSWALK,Yes,SUSPECTED MINOR INJURY,MC/BIKE HELMET,39.02525944,-77.02924925,"(39.02525944, -77.02924925)"
DD55080043,170541807,Rockville Police Departme,Injury Crash,11/09/2017 09:57:00 AM,Maryland (State),VEIRS MILL RD,TWINBROOK PKWY,,N/A,PEDESTRIAN,OTHER,RAINING,WET,DAYLIGHT,TRAFFIC SIGNAL,NONE DETECTED,UNKNOWN,BEB28B90-AF65-4A9B-B2A3-232FF2D06225,PEDESTRIAN,Cross/Enter at Intersection,IN ROADWAY IMPROPERLY,ON ROADWAY NOT AT CROSSWALK,Yes,SUSPECTED SERIOUS INJURY,N/A,39.07349901,-77.11182877,"(39.07349901, -77.11182877)"
MCP9379000G,15000697,Montgomery County Police,Injury Crash,01/05/2015 12:23:00 PM,Maryland (State),FREDERICK RD,KING FARM BLVD,,ROCKVILLE,PEDESTRIAN,HEAD ON LEFT TURN,CLEAR,DRY,DAYLIGHT,TRAFFIC SIGNAL,N/A,NONE DETECTED,FDEDF7D9-E358-49EC-9552-FA61069E098A,PEDESTRIAN,Cross/Enter at Intersection,NO IMPROPER ACTIONS,ON ROADWAY AT CROSSWALK,,POSSIBLE INJURY,N/A,39.116905,-77.16849167,"(39.116905, -77.16849167)"
MCP3227000L,200011964,Montgomery County Police,Injury Crash,03/11/2020 10:30:00 AM,Maryland (State),NEW HAMPSHIRE AVE,ELTON RD,,N/A,PEDESTRIAN,OTHER,CLEAR,DRY,DAYLIGHT,N/A,NONE DETECTED,NONE DETECTED,7DC9ABDD-F7F2-431B-A906-A45096365118,PEDESTRIAN,Cross/Enter not at Intersection,DART DASH,ON ROADWAY NOT AT CROSSWALK,Yes,SUSPECTED MINOR INJURY,NONE,39.02117917,-76.976922,"(39.02117917, -76.976922)"
MCP2719000P,15052179,MONTGOMERY,Injury Crash,10/14/2015 03:38:00 PM,County,KERSEY RD,MONTICELLO AVE,,N/A,BICYCLIST,STRAIGHT MOVEMENT ANGLE,CLEAR,DRY,DAYLIGHT,STOP SIGN,NONE DETECTED,N/A,69B28BFC-74D6-4F69-99AA-584F8A0F82E5,BICYCLIST,Cross/Enter at Intersection,FAILURE TO YIELD RIGHT OF WAY,ON ROADWAY NOT AT CROSSWALK,Yes,SUSPECTED MINOR INJURY,MC/BIKE HELMET,39.04408,-77.02973833,"(39.04408, -77.02973833)"
MCP3230003F,220044308,Montgomery County Police,Injury Crash,10/10/2022 05:15:00 PM,Maryland (State),LAYHILL RD,BRIGGS RD,,N/A,PEDESTRIAN,OTHER,CLEAR,DRY,DAYLIGHT,TRAFFIC SIGNAL,NONE DETECTED,NONE DETECTED,83700679-C697-4095-B793-26E934E8FCE4,PEDESTRIAN,Cross/Enter at Intersection,NO IMPROPER ACTIONS,AT INTERSECTION MARKED CROSSWALK,No,SUSPECTED MINOR INJURY,N/A,39.0688025,-77.04611233,"(39.0688025, -77.04611233)"
MCP32180048,230051308,Montgomery County Police,Injury Crash,08/25/2023 02:57:00 PM,County,VALLEYWOOD DR,VEIRS MILL RD,,N/A,PEDESTRIAN,OTHER,CLEAR,DRY,DAYLIGHT,OTHER,NONE DETECTED,NONE DETECTED,AD4ABFEA-A923-4109-8E8F-C8FBD8FFB14C,PEDESTRIAN,Cross/Enter at Intersection,UNKNOWN,ON ROADWAY AT CROSSWALK,No,SUSPECTED MINOR INJURY,NONE,39.049582,-77.07090017,"(39.049582, -77.07090017)"
MCP2799001F,16013039,MONTGOMERY,Injury Crash,03/16/2016 08:16:00 PM,County,MORNINGWOOD DR,HEADWATERS DR,,N/A,PEDESTRIAN,STRAIGHT MOVEMENT ANGLE,CLEAR,DRY,DARK LIGHTS ON,STOP SIGN,NONE DETECTED,NONE DETECTED,977F67BF-B296-4EA5-9885-BF651580E436,PEDESTRIAN,Cross/Enter at Intersection,NOT VISIBLE,AT INTERSECTION MARKED CROSSWALK,No,SUSPECTED MINOR INJURY,NONE,39.1530017,-77.07724571,"(39.1530017, -77.07724571)"
MCP2952008N,190028392,Montgomery County Police,Injury Crash,06/14/2019 09:18:00 AM,Maryland (State),GEORGIA AVE,DEXTER AVE,,N/A,BICYCLIST,SAME DIR REAR END,CLEAR,DRY,DAYLIGHT,NO CONTROLS,NONE DETECTED,NONE DETECTED,36B0E7F9-2CE7-4FC8-B868-56522357C215,BICYCLIST,Walking/Riding w/Traffic,OTHER,ON ROADWAY NOT AT CROSSWALK,Yes,SUSPECTED MINOR INJURY,NONE,39.02181667,-77.04504,"(39.02181667, -77.04504)"
MCP23570035,180024363,Montgomery County Police,Injury Crash,05/18/2018 07:41:00 AM,,,,8357 COLESVILLE ROAD,,PEDESTRIAN,UNKNOWN,RAINING,,DAYLIGHT,N/A,NONE DETECTED,NONE DETECTED,67A02A4A-5193-431B-BFDF-37D48B531E8C,PEDESTRIAN,Standing,OTHER,N/A,Yes,NO APPARENT INJURY,N/A,38.99398,-77.03235167,"(38.99398, -77.03235167)"
MCP1035000B,16021376,Montgomery County Police,Fatal Crash,04/30/2016 11:02:00 PM,County,E GUDE DR,CALHOUN DR,,N/A,OTHER CONVEYANCE,SINGLE VEHICLE,RAINING,WET,DARK NO LIGHTS,FLASHING TRAFFIC SIGNAL,NONE DETECTED,ALCOHOL PRESENT,0183822A-1745-4CBC-836E-8BB89D283078,OTHER CONVEYANCE,Cross/Enter at Intersection,UNKNOWN,UNKNOWN,Unknown,FATAL INJURY,NONE,39.105695,-77.14482,"(39.105695, -77.14482)"
DM83390009,16000721,Takoma Park Police Depart,Injury Crash,01/05/2016 09:03:00 AM,Maryland (State),ETHAN ALLEN AVE,ALLEY,,N/A,PEDESTRIAN,SAME DIRECTION RIGHT TURN,CLEAR,DRY,DAYLIGHT,NO CONTROLS,NONE DETECTED,NONE DETECTED,F8328DD1-5E75-4B01-B064-6A08DB52275E,PEDESTRIAN,Other,UNKNOWN,OTHER,No,SUSPECTED MINOR INJURY,N/A,38.97534167,-76.99543667,"(38.97534167, -76.99543667)"
MCP2936002R,180036865,Montgomery County Police,Injury Crash,07/25/2018 04:36:00 PM,County,WOODGLEN DR,NICHOLSON LA,,N/A,BICYCLIST,OTHER,CLEAR,DRY,DAYLIGHT,OTHER,UNKNOWN,NONE DETECTED,F77DD49F-1B22-4D91-B879-9922B2609D36,BICYCLIST,Other,NO IMPROPER ACTIONS,ON ROADWAY AT CROSSWALK,No,POSSIBLE INJURY,NONE,39.04398667,-77.11339667,"(39.04398667, -77.11339667)"
EJ7829004Z,180043349,Gaithersburg Police Depar,Property Damage Crash,08/30/2018 08:30:00 PM,Municipality,GIRARD ST,N SUMMIT AVE,,N/A,BICYCLIST,OTHER,CLEAR,DRY,DARK LIGHTS ON,NO CONTROLS,NONE DETECTED,NONE DETECTED,D51138C1-0D93-4BDE-A0DA-A14D31B7A788,BICYCLIST,Cross/Enter not at Intersection,NO IMPROPER ACTIONS,OTHER,Unknown,NO APPARENT INJURY,NONE,39.147655,-77.19084167,"(39.147655, -77.19084167)"
EJ78760045,220007194,Gaithersburg Police Depar,Injury Crash,02/18/2022 04:30:00 PM,,,,229 KENTLANDS BLVD,,PEDESTRIAN,N/A,CLEAR,,DAYLIGHT,NO CONTROLS,NONE DETECTED,NONE DETECTED,23426D55-A9B6-4DF5-A4DB-0F3BDA253D69,PEDESTRIAN,Other,NO IMPROPER ACTIONS,DRIVEWAY ACCESS MARKED CROSSWALK,No,POSSIBLE INJURY,N/A,39.1251866,-77.23845782,"(39.1251866, -77.23845782)"
MCP913000G1,230027282,Montgomery County Police,Injury Crash,06/07/2023 08:46:00 AM,County,MT PISGAH RD,OAKVIEW DR,,N/A,PEDESTRIAN,SINGLE VEHICLE,CLOUDY,DRY,DAYLIGHT,NO CONTROLS,NONE DETECTED,NONE DETECTED,34AC1F1F-0B53-4965-BA10-AF370CC77242,PEDESTRIAN,Cross/Enter not at Intersection,INATTENTIVE,ON ROADWAY NOT AT CROSSWALK,Yes,POSSIBLE INJURY,NONE,39.01530833,-76.97674317,"(39.01530833, -76.97674317)"
MCP2754000K,16008202,Montgomery County Police,Injury Crash,02/18/2016 06:18:00 PM,Maryland (State),PINEY BRANCH RD,ENT TO APTS,,N/A,PEDESTRIAN,SINGLE VEHICLE,CLEAR,DRY,DARK LIGHTS ON,NO CONTROLS,NONE DETECTED,N/A,B9158FFD-CD2E-4629-8CEE-5FF98C4D05F3,PEDESTRIAN,Cross/Enter not at Intersection,DART DASH,AT INTERSECTION BUT NO CROSSWALK,Yes,POSSIBLE INJURY,NONE,39.045515,-76.99096333,"(39.045515, -76.99096333)"
MCP25660011,190007371,Montgomery County Police,Injury Crash,02/06/2019 09:30:00 AM,,,,"PARKING LOT OF 
8615 EAST VILLAGE AVENUE
MONTGOMERY VILLAGE MD 20886",,PEDESTRIAN,SINGLE VEHICLE,N/A,,DAYLIGHT,NO CONTROLS,UNKNOWN,N/A,DC631581-C891-4804-A81A-968BB473CE99,PEDESTRIAN,Other,NO IMPROPER ACTIONS,OTHER,No,SUSPECTED MINOR INJURY,N/A,39.18508109,-77.17499303,"(39.18508109, -77.17499303)"
EJ7889000J,210008835,Gaithersburg Police Depar,Property Damage Crash,03/09/2021 08:15:00 AM,,,,"15740 SHADY GROVE ROAD, GAITHERSBURG, MD 20877 IN THE HOME DEPOT PAKING LOT.",,PEDESTRIAN,SINGLE VEHICLE,N/A,,DAYLIGHT,NO CONTROLS,NONE DETECTED,NONE DETECTED,F8B96DE6-A0AD-49C2-8C83-5D96E616518A,PEDESTRIAN,Standing,N/A,OUTSIDE RIGHT OF WAY,No,NO APPARENT INJURY,NONE,39.11484788,-77.18680825,"(39.11484788, -77.18680825)"
MCP3019002D,190019917,Montgomery County Police,Injury Crash,03/23/2019 08:00:00 PM,County,WOODMONT AVE,BETHESDA AVE,,N/A,PEDESTRIAN,OTHER,CLEAR,DRY,DUSK,NO CONTROLS,NONE DETECTED,UNKNOWN,E92A3F94-9E87-418E-B4CE-64E01821AD66,PEDESTRIAN,Other,IN ROADWAY IMPROPERLY,ON ROADWAY NOT AT CROSSWALK,Yes,POSSIBLE INJURY,NONE,38.98125078,-77.09545621,"(38.98125078, -77.09545621)"
MCP3085002G,200024557,Montgomery County Police,Injury Crash,06/23/2020 03:20:00 PM,County,EXECUTIVE BLVD,ENT TO BUSINESS,,N/A,OTHER,HEAD ON LEFT TURN,CLEAR,DRY,DAYLIGHT,TRAFFIC SIGNAL,UNKNOWN,N/A,9493C53D-F994-434F-AF08-EAA315EB3C56,OTHER,Other Working,NO IMPROPER ACTIONS,OTHER,No,SUSPECTED MINOR INJURY,REFLECTIVE CLOTHING,39.04889727,-77.12113679,"(39.04889727, -77.12113679)"
MCP2891002P,16042267,Montgomery County Police,Injury Crash,08/21/2016 10:00:00 AM,County,WAYNE AVE,SLIGO CREEK PKWY,,N/A,BICYCLIST,SINGLE VEHICLE,CLEAR,DRY,DAYLIGHT,TRAFFIC SIGNAL,NONE DETECTED,NONE DETECTED,36265B6F-ABC4-4A54-A108-701E5E11B17C,BICYCLIST,Cross/Enter at Intersection,NO IMPROPER ACTIONS,ON ROADWAY AT CROSSWALK,No,SUSPECTED MINOR INJURY,MC/BIKE HELMET,38.99967254,-77.01058879,"(38.99967254, -77.01058879)"
DD56500025,220041161,Rockville Police Departme,Injury Crash,09/21/2022 04:49:00 PM,Other Public Roadway,ELMCROFT BLVD,CORK TREE LA,,N/A,OTHER PEDALCYCLIST,OTHER,CLEAR,DRY,DAYLIGHT,NO CONTROLS,NONE DETECTED,NONE DETECTED,867ADBA8-AE4F-4AC2-9526-BB9FB64A52D9,OTHER PEDALCYCLIST,Cross/Enter at Intersection,FAILURE TO YIELD RIGHT OF WAY,ON ROADWAY NOT AT CROSSWALK,Yes,SUSPECTED MINOR INJURY,NONE,39.113888,-77.16621283,"(39.113888, -77.16621283)"
MCP3244002W,23006974,Montgomery County Police,Property Damage Crash,12/05/2023 12:07:00 PM,Maryland (State),EAST WEST HWY,COLESVILLE RD,,N/A,BICYCLIST,STRAIGHT MOVEMENT ANGLE,CLEAR,DRY,DAYLIGHT,TRAFFIC SIGNAL,NONE DETECTED,NONE DETECTED,724E4C2F-B940-49D8-9DED-D68DF06CD369,BICYCLIST,Walking/Cycling on Sidewalk,FAILURE TO YIELD RIGHT OF WAY,ON ROADWAY AT CROSSWALK,Yes,NO APPARENT INJURY,NONE,38.99388637,-77.03252315,"(38.99388637, -77.03252315)"
DD55380016,16001429,Rockville Police Departme,Injury Crash,01/08/2016 05:07:00 PM,Municipality,N WASHINGTON ST,HUNGERFORD DR,,N/A,PEDESTRIAN,SINGLE VEHICLE,RAINING,WET,DARK LIGHTS ON,NO CONTROLS,NONE DETECTED,NONE DETECTED,FDCFFF7A-7963-4DCD-AC34-E06D44B60C4E,PEDESTRIAN,Cross/Enter not at Intersection,IN ROADWAY IMPROPERLY,ON ROADWAY NOT AT CROSSWALK,Yes,SUSPECTED MINOR INJURY,NONE,39.09152833,-77.15359667,"(39.09152833, -77.15359667)"
MCP28290034,170507166,Montgomery County Police,Injury Crash,05/11/2017 05:08:00 AM,Maryland (State),PINEY BRANCH RD,UNIVERSITY BLVD E,,N/A,BICYCLIST,OTHER,CLOUDY,DRY,DARK LIGHTS ON,N/A,UNKNOWN,NONE DETECTED,FFA78389-F251-43A3-8891-A0DE8EC2B311,BICYCLIST,Walking/Riding w/Traffic,NO IMPROPER ACTIONS,ON ROADWAY NOT AT CROSSWALK,No,SUSPECTED SERIOUS INJURY,MC/BIKE HELMET,38.99609,-77.11640667,"(38.99609, -77.11640667)"
MCP27080012,16016278,Montgomery County Police,Injury Crash,04/03/2016 03:58:00 PM,Maryland (State),PINEY BRANCH RD,ENT TO APTS,,N/A,BICYCLIST,STRAIGHT MOVEMENT ANGLE,CLEAR,DRY,DAYLIGHT,NO CONTROLS,NONE DETECTED,NONE DETECTED,1FA2E4C8-2AB7-4D6E-8C76-C13BC2CC7EF3,BICYCLIST,Walking/Riding against Traffic,WRONG WAY RIDING OR WALKING,ON ROADWAY NOT AT CROSSWALK,Yes,POSSIBLE INJURY,NONE,38.99974863,-76.99305989,"(38.99974863, -76.99305989)"
MCP30020030,180061734,Montgomery County Police,Injury Crash,12/10/2018 05:20:00 PM,Government,LITTLE FALLS PKWY,ARLINGTON RD,,N/A,PEDESTRIAN,OTHER,CLEAR,DRY,DARK LIGHTS ON,NO CONTROLS,NONE DETECTED,NONE DETECTED,EF4FEA7C-2502-40EA-8234-FE6B876B3F19,PEDESTRIAN,Cross/Enter not at Intersection,FAILURE TO YIELD RIGHT OF WAY,ON ROADWAY AT CROSSWALK,Yes,SUSPECTED MINOR INJURY,NONE,38.97350833,-77.10131167,"(38.97350833, -77.10131167)"