Report Number,Local Case Number,Agency Name,ACRS Report Type,Crash Date/Time,Route Type,Road Name,Cross-Street Name,Off-Road Description,Municipality,Related Non-Motorist,Collision Type,Weather,Surface Condition,Light,Traffic Control,Driver Substance Abuse,Non-Motorist Substance Abuse,Person ID,Pedestrian Type,Pedestrian Movement,Pedestrian Actions,Pedestrian Location,At Fault,Injury Severity,Safety Equipment,Latitude,Longitude,Location
MCP3126000C,180012207,Montgomery County Police,Injury Crash,03/10/2018 04:30:00 PM,,,,PARKING LOT AT 19411 BRASSIE PLACE,,PEDESTRIAN,SINGLE VEHICLE,UNKNOWN,,DAYLIGHT,N/A,UNKNOWN,UNKNOWN,DC126F32-ECF9-4464-97DE-3EE1903A9524,PEDESTRIAN,Other,UNKNOWN,SIDEWALK,No,POSSIBLE INJURY,N/A,39.17836,-77.23833,"(39.17836, -77.23833)"
MCP3068004N,230019306,Montgomery County Police,Injury Crash,04/22/2023 08:15:00 PM,Maryland (State),OLD GEORGETOWN RD,GLENBROOK RD,,N/A,OTHER CONVEYANCE,STRAIGHT MOVEMENT ANGLE,CLEAR,DRY,DARK LIGHTS ON,STOP SIGN,N/A,N/A,E3BCB7CF-BF98-4E11-A20F-9A7D25D07CE0,OTHER CONVEYANCE,Cross/Enter at Intersection,FAILURE TO YIELD RIGHT OF WAY,ON ROADWAY AT CROSSWALK,Yes,SUSPECTED MINOR INJURY,NONE,38.98929133,-77.10160883,"(38.98929133, -77.10160883)"
MCP31290057,220046225,Montgomery County Police,Injury Crash,10/21/2022 02:10:00 PM,,,,"PARKING LOT OF USPS 14030 CONNECTICUT AVE, SILVER SPRING MD, 20906",,PEDESTRIAN,SINGLE VEHICLE,CLEAR,,DAYLIGHT,N/A,NONE DETECTED,NONE DETECTED,9DE5B024-EA1E-4364-8022-3EFD2260964F,PEDESTRIAN,Standing,NO IMPROPER ACTIONS,INSIDE BUILDING,No,SUSPECTED MINOR INJURY,N/A,39.08613198,-77.07458404,"(39.08613198, -77.07458404)"
MCP209400N4,230072733,Montgomery County Police,Injury Crash,12/20/2023 11:19:00 AM,Maryland (State),KNOWLES AVE,DETRICK AVE,,KENSINGTON,PEDESTRIAN,OTHER,CLEAR,DRY,DAYLIGHT,STOP SIGN,NONE DETECTED,NONE DETECTED,3CB7FF94-1EBF-415F-9E05-8BA7ADCA3C56,PEDESTRIAN,Cross/Enter at Intersection,NO IMPROPER ACTIONS,AT INTERSECTION BUT NO CROSSWALK,No,SUSPECTED SERIOUS INJURY,NONE,39.027575,-77.077805,"(39.027575, -77.077805)"
MCP1227001R,220049219,Montgomery County Police,Fatal Crash,11/08/2022 07:20:00 AM,Municipality,SCHOOL DR,BIG ACRE SQUARE,,N/A,PEDESTRIAN,SINGLE VEHICLE,CLEAR,DRY,DAYLIGHT,NO CONTROLS,ALCOHOL CONTRIBUTED,NONE DETECTED,E65D7BCC-4D46-4BDA-B433-55FCD59AD8D0,PEDESTRIAN,Walking to/from school,FAILURE TO YIELD RIGHT OF WAY,AT INTERSECTION BUT NO CROSSWALK,No,FATAL INJURY,N/A,39.11820121,-77.21493809,"(39.11820121, -77.21493809)"
DD5615006Q,190002029,Rockville Police Departme,Injury Crash,01/13/2019 03:18:00 PM,Municipality,RESEARCH BLVD,W MONTGOMERY AVE,,N/A,PEDESTRIAN,SINGLE VEHICLE,SNOW,SNOW,DAYLIGHT,NO CONTROLS,NONE DETECTED,NONE DETECTED,7F76D5EF-5F64-413C-A23F-742EDC34492F,PEDESTRIAN,Walking/Cycling on Sidewalk,NO IMPROPER ACTIONS,SIDEWALK,No,POSSIBLE INJURY,NONE,39.09153833,-77.17885667,"(39.09153833, -77.17885667)"
MCP9386007P,200039447,Montgomery County Police,Injury Crash,10/07/2020 08:30:00 AM,County,MICHAELS DR,FERNWOOD RD,,N/A,PEDESTRIAN,OTHER,CLEAR,DRY,DAYLIGHT,NO CONTROLS,NONE DETECTED,NONE DETECTED,B27BE46E-E672-4334-B359-930700679E80,PEDESTRIAN,Getting off/on Vehicle,DART DASH,ON ROADWAY NOT AT CROSSWALK,Yes,SUSPECTED MINOR INJURY,N/A,39.01041167,-77.13343833,"(39.01041167, -77.13343833)"
MCP271700K4,180041691,Montgomery County Police,Injury Crash,08/21/2018 09:40:00 PM,County,SOUTHAMPTON DR,BEACON RD,,N/A,PEDESTRIAN,OTHER,CLEAR,WET,DARK LIGHTS ON,NO CONTROLS,UNKNOWN,NONE DETECTED,A31B1A79-C237-4CB6-88B4-DCFF2517D0BE,PEDESTRIAN,Cross/Enter not at Intersection,IN ROADWAY IMPROPERLY,ON ROADWAY NOT AT CROSSWALK,No,SUSPECTED MINOR INJURY,NONE,39.00533483,-76.98210633,"(39.00533483, -76.98210633)"
MCP3311000M,220012213,Montgomery County Police,Injury Crash,03/21/2022 05:48:00 PM,Maryland (State),OLD GEORGETOWN RD,RAMP 6 FR RAMP 10 (FR IS270) TO MD 187,,N/A,PEDESTRIAN,OTHER,CLEAR,N/A,DAYLIGHT,N/A,N/A,N/A,3460186D-8C2E-437E-82BF-8BEB522651A7,PEDESTRIAN,Cross/Enter at Intersection,NO IMPROPER ACTIONS,ON ROADWAY AT CROSSWALK,No,SUSPECTED MINOR INJURY,N/A,39.03145229,-77.1259336,"(39.03145229, -77.1259336)"
MCP2031001J,180039341,Montgomery County Police,Property Damage Crash,08/08/2018 12:21:00 PM,Maryland (State),RIDGE RD,SUNSET DR,,N/A,OTHER,SAME DIR REAR END,N/A,DRY,DAYLIGHT,NO CONTROLS,NONE DETECTED,NONE DETECTED,28D3746F-FBE2-4780-819E-49935BE99492,OTHER,Other Working,NO IMPROPER ACTIONS,OTHER,No,NO APPARENT INJURY,NONE,39.277808,-77.21266783,"(39.277808, -77.21266783)"
MCP3031000S,170503973,Montgomery County Police,Injury Crash,04/24/2017 06:17:00 PM,County,RANDOLPH RD,GLENMONT CIR #1,,N/A,PEDESTRIAN,SINGLE VEHICLE,CLOUDY,WET,DAYLIGHT,TRAFFIC SIGNAL,NONE DETECTED,NONE DETECTED,219E28DD-7D9E-4AD2-AE7C-CEC7778E5864,PEDESTRIAN,Cross/Enter at Intersection,DART DASH,AT INTERSECTION BUT NO CROSSWALK,Yes,POSSIBLE INJURY,NONE,39.05928333,-77.04705833,"(39.05928333, -77.04705833)"
MCP3161004L,220055236,Montgomery County Police,Injury Crash,12/13/2022 09:09:00 PM,Municipality,WEYMOUTH ST,KNOWLES AVE,,N/A,PEDESTRIAN,SINGLE VEHICLE,CLEAR,DRY,DARK LIGHTS ON,NO CONTROLS,NONE DETECTED,NONE DETECTED,2A9B3E3A-0A78-4BF7-BA69-CADBD54FE609,PEDESTRIAN,Cross/Enter at Intersection,NO IMPROPER ACTIONS,ON ROADWAY AT CROSSWALK,No,POSSIBLE INJURY,NONE,39.032693,-77.088495,"(39.032693, -77.088495)"
MCP2848003C,16046174,Montgomery County Police,Injury Crash,09/09/2016 08:30:00 AM,Municipality,WILLIAMS LA,CONNECTICUT AVE,,N/A,PEDESTRIAN,SINGLE VEHICLE,N/A,DRY,DAYLIGHT,STOP SIGN,NONE DETECTED,NONE DETECTED,C50AEF03-ADB4-48D8-B772-3160F42EF47B,PEDESTRIAN,Cross/Enter at Intersection,NO IMPROPER ACTIONS,ON ROADWAY AT CROSSWALK,No,POSSIBLE INJURY,NONE,38.98374013,-77.07703114,"(38.98374013, -77.07703114)"
DD56310038,190059546,Rockville Police Departme,Injury Crash,12/10/2019 05:30:00 PM,Municipality,MARYLAND AVE,E MIDDLE LA,,ROCKVILLE,PEDESTRIAN,OTHER,RAINING,WET,DARK -- UNKNOWN LIGHTING,TRAFFIC SIGNAL,NONE DETECTED,NONE DETECTED,FFDC30FE-55F1-4085-8D8E-007B7150AF91,PEDESTRIAN,Cross/Enter at Intersection,NO IMPROPER ACTIONS,SIDEWALK,No,SUSPECTED MINOR INJURY,NONE,39.085,-77.15128167,"(39.085, -77.15128167)"
MCP2370002X,17012425,Montgomery County Police,Injury Crash,03/09/2017 01:23:00 PM,,,,"2121 INDUSTRIAL PARKWAY
SILVER SPRING,MD",,PEDESTRIAN,SAME DIR REAR END,CLEAR,,DAYLIGHT,NO CONTROLS,NONE DETECTED,NONE DETECTED,BEFCDDB8-E28B-437F-9839-64C95A77BE64,PEDESTRIAN,Other,N/A,OTHER,No,POSSIBLE INJURY,NONE,39.05101855,-76.9972086,"(39.05101855, -76.9972086)"
DD5508002D,16047169,Rockville Police Departme,Injury Crash,09/14/2016 05:05:00 PM,County,SOUTHLAWN LA,E GUDE DR,,N/A,BICYCLIST,STRAIGHT MOVEMENT ANGLE,CLEAR,DRY,DAYLIGHT,TRAFFIC SIGNAL,NONE DETECTED,NONE DETECTED,1C26C7F5-4078-40A0-8032-FB0622D4E31E,BICYCLIST,Cross/Enter at Intersection,NO IMPROPER ACTIONS,ON ROADWAY AT CROSSWALK,No,POSSIBLE INJURY,MC/BIKE HELMET,39.09735,-77.13649167,"(39.09735, -77.13649167)"
MCP3124003Z,210014266,Montgomery County Police,Injury Crash,04/16/2021 05:48:00 PM,Maryland (State),GEORGIA AVE,RANDOLPH RD,,N/A,BICYCLIST,OTHER,CLOUDY,DRY,DAYLIGHT,TRAFFIC SIGNAL,NONE DETECTED,NONE DETECTED,9E9411C9-8C7D-49ED-A95A-A0F8DFEEE38E,BICYCLIST,Cross/Enter at Intersection,NO IMPROPER ACTIONS,AT INTERSECTION MARKED CROSSWALK,No,POSSIBLE INJURY,N/A,39.05784,-77.04976833,"(39.05784, -77.04976833)"
HA2399000M,16000538,Maryland-National Capital,Injury Crash,05/08/2016 01:18:00 PM,Government,LITTLE FALLS PKWY,ARLINGTON RD,,N/A,BICYCLIST,OTHER,CLEAR,DRY,DAYLIGHT,N/A,NONE DETECTED,N/A,BB1D698A-BD1D-4008-AD66-20D87EA83B0B,BICYCLIST,Cross/Enter at Intersection,NO IMPROPER ACTIONS,MIDBLOCK MARKED CROSSWALK,Yes,POSSIBLE INJURY,UNKNOWN,38.97340833,-77.10141333,"(38.97340833, -77.10141333)"
MCP271700BM,170502817,Montgomery County Police,Property Damage Crash,04/18/2017 04:45:00 PM,,,,4707 HIGHLAND AVENUE (MONTGOMERY COUNTY PUBLIC PARKING LOT),,PEDESTRIAN,SINGLE VEHICLE,CLEAR,,DAYLIGHT,NO CONTROLS,NONE DETECTED,NONE DETECTED,BED5F0AE-C8C9-404A-A7FE-90691CA3E33C,PEDESTRIAN,Standing,OTHER,OTHER,No,NO APPARENT INJURY,NONE,38.991755,-77.09430183,"(38.991755, -77.09430183)"
DD5527002C,190032022,Rockville Police Departme,Injury Crash,07/05/2019 05:39:00 PM,Maryland (State),ROCKVILLE PIKE,RICHARD MONTGOMERY DR,,ROCKVILLE,PEDESTRIAN,OTHER,CLEAR,DRY,DAYLIGHT,TRAFFIC SIGNAL,NONE DETECTED,NONE DETECTED,7EF70D20-CF0A-4472-93A1-DC310B7B08C7,PEDESTRIAN,Cross/Enter at Intersection,NO IMPROPER ACTIONS,ON ROADWAY AT CROSSWALK,No,SUSPECTED MINOR INJURY,NONE,39.08034822,-77.14412258,"(39.08034822, -77.14412258)"
MCP2456006P,220033646,Montgomery County Police,Injury Crash,08/05/2022 01:45:00 PM,County,GLENVIEW AVE,DOMER AVE,,N/A,PEDESTRIAN,OTHER,CLEAR,DRY,DAYLIGHT,STOP SIGN,NONE DETECTED,NONE DETECTED,8C8DB942-0E25-46F6-A6EC-C34259A416DC,PEDESTRIAN,Cross/Enter at Intersection,UNKNOWN,AT INTERSECTION BUT NO CROSSWALK,No,SUSPECTED MINOR INJURY,N/A,38.99680667,-77.00039,"(38.99680667, -77.00039)"
MCP2868001J,15047916,MONTGOMERY,Injury Crash,09/21/2015 08:51:00 PM,Maryland (State),OLD GEORGETOWN RD,BEECH AVE,,N/A,PEDESTRIAN,OTHER,RAINING,WET,DARK LIGHTS ON,NO CONTROLS,NONE DETECTED,NONE DETECTED,7378C447-6FB1-4E2B-B4C6-5A2A643CECD2,PEDESTRIAN,Cross/Enter not at Intersection,IN ROADWAY IMPROPERLY,OUTSIDE RIGHT OF WAY,Yes,POSSIBLE INJURY,NONE,39.009605,-77.11462167,"(39.009605, -77.11462167)"
MCP2102001K,190052756,Montgomery County Police,Injury Crash,11/02/2019 05:40:00 AM,Maryland (State),VEIRS MILL RD,CENTERHILL ST,,N/A,PEDESTRIAN,OTHER,CLEAR,DRY,DARK LIGHTS ON,NO CONTROLS,UNKNOWN,NONE DETECTED,3B482C54-98EE-4C90-AE18-8A4380CCDF65,PEDESTRIAN,Cross/Enter at Intersection,N/A,AT INTERSECTION BUT NO CROSSWALK,No,SUSPECTED MINOR INJURY,NONE,39.05025167,-77.07259833,"(39.05025167, -77.07259833)"
MCP3187000C,190015298,Montgomery County Police,Injury Crash,04/03/2019 05:12:00 PM,County,REEDIE DR,GEORGIA AVE,,N/A,PEDESTRIAN,OTHER,CLEAR,DRY,DAYLIGHT,TRAFFIC SIGNAL,N/A,N/A,3361E4B0-CCB2-4C78-BE18-E669B30DCD3A,PEDESTRIAN,Cross/Enter at Intersection,N/A,ON ROADWAY AT CROSSWALK,No,SUSPECTED SERIOUS INJURY,NONE,39.03858355,-77.05104015,"(39.03858355, -77.05104015)"
EJ7856009G,210029737,Gaithersburg Police Depar,Property Damage Crash,07/31/2021 06:37:00 PM,Municipality,SCHOOL DR,STORY DR,,GAITHERSBURG,BICYCLIST,OTHER,CLEAR,DRY,DAYLIGHT,N/A,N/A,N/A,43C0F0C0-BF2A-42AA-946A-26DEE5D308C3,BICYCLIST,Cross/Enter at Intersection,FAILURE TO YIELD RIGHT OF WAY,OTHER,Yes,NO APPARENT INJURY,NONE,39.11889078,-77.2139064,"(39.11889078, -77.2139064)"
MCP29600027,170534273,Montgomery County Police,Injury Crash,10/02/2017 07:23:00 AM,County,HOMECREST RD,LONGMEAD CROSSING DR,,N/A,PEDESTRIAN,OTHER,N/A,DRY,DAWN,STOP SIGN,N/A,N/A,DC761DAF-6236-4EDE-8B43-E8D5A308F7C5,PEDESTRIAN,Cross/Enter at Intersection,NO IMPROPER ACTIONS,ON ROADWAY AT CROSSWALK,No,POSSIBLE INJURY,NONE,39.10357,-77.05400333,"(39.10357, -77.05400333)"
MCP2358007X,200046475,Montgomery County Police,Property Damage Crash,11/24/2020 01:10:00 PM,Maryland (State),RIVER RD,NORTON RD,,N/A,BICYCLIST,SAME DIR REAR END,CLEAR,DRY,DAYLIGHT,NO CONTROLS,UNKNOWN,NONE DETECTED,5486DE50-CE97-4CB8-82D1-7829AD0EF48F,BICYCLIST,Walking/Riding w/Traffic,NO IMPROPER ACTIONS,ON ROADWAY NOT AT CROSSWALK,No,NO APPARENT INJURY,UNKNOWN,39.0256895,-77.21929867,"(39.0256895, -77.21929867)"
MCP31090045,200010517,Montgomery County Police,Injury Crash,03/03/2020 08:05:00 AM,Maryland (State),EAST WEST HWY,NOAA BUILDING 1,,N/A,BICYCLIST,STRAIGHT MOVEMENT ANGLE,CLEAR,DRY,DAYLIGHT,NO CONTROLS,NONE DETECTED,NONE DETECTED,E476A92E-C922-47AB-B530-3496FEC05C62,BICYCLIST,Walking/Riding w/Traffic,NO IMPROPER ACTIONS,SHOULDER,No,POSSIBLE INJURY,MC/BIKE HELMET,38.9920205,-77.03062467,"(38.9920205, -77.03062467)"
MCP0899001Z,17013122,Montgomery County Police,Injury Crash,03/13/2017 03:22:00 PM,County,ARLINGTON RD,EDGEMOOR LA,,N/A,PEDESTRIAN,OTHER,CLOUDY,DRY,DAYLIGHT,TRAFFIC SIGNAL,NONE DETECTED,NONE DETECTED,D3947630-E932-4C6D-84A7-A9A0A1265387,PEDESTRIAN,Cross/Enter at Intersection,NO IMPROPER ACTIONS,AT INTERSECTION MARKED CROSSWALK,No,SUSPECTED MINOR INJURY,NONE,38.9846992,-77.09866047,"(38.9846992, -77.09866047)"
MCP2565004G,170516450,Montgomery County Police,Injury Crash,06/29/2017 03:37:00 PM,Maryland (State),MONTGOMERY AVE,PEARL ST,,N/A,PEDESTRIAN,STRAIGHT MOVEMENT ANGLE,CLEAR,DRY,DAYLIGHT,NO CONTROLS,NONE DETECTED,NONE DETECTED,15886DF1-3371-4749-A017-CCFB6259BBE7,PEDESTRIAN,Walking/Cycling on Sidewalk,NO IMPROPER ACTIONS,OTHER,No,POSSIBLE INJURY,NONE,38.98397573,-77.09136084,"(38.98397573, -77.09136084)"
HA2386001H,230000953,Maryland-National Capital,Injury Crash,05/20/2023 03:00:00 PM,,,,PARKING LOT AT RIDGE ROAD RECREATIONAL PARK,,PEDESTRIAN,N/A,CLEAR,,DAYLIGHT,N/A,N/A,N/A,BBE057B1-639C-4598-8815-278BFFB15627,PEDESTRIAN,Other,NO IMPROPER ACTIONS,OTHER,Unknown,SUSPECTED MINOR INJURY,N/A,39.20949217,-77.24475033,"(39.20949217, -77.24475033)"
MCP26100014,170547922,Montgomery County Police,Injury Crash,12/11/2017 03:17:00 PM,County,MUDDY BRANCH RD,HARMONY HALL RD,,N/A,PEDESTRIAN,OTHER,CLEAR,DRY,DAYLIGHT,NO CONTROLS,NONE DETECTED,NONE DETECTED,D5A607F3-FA72-4E77-BC4C-ADA59367C476,PEDESTRIAN,Cross/Enter not at Intersection,DART DASH,ON ROADWAY NOT AT CROSSWALK,Yes,SUSPECTED MINOR INJURY,NONE,39.13700833,-77.20542833,"(39.13700833, -77.20542833)"
MCP31640044,210007828,Montgomery County Police,Injury Crash,03/02/2021 07:50:00 AM,Maryland (State),GEORGIA AVE,RANDOLPH RD,,N/A,PEDESTRIAN,SINGLE VEHICLE,CLEAR,DRY,DAYLIGHT,TRAFFIC SIGNAL,NONE DETECTED,NONE DETECTED,C720A46A-A27B-4944-ABE1-C264238746EC,PEDESTRIAN,Cross/Enter at Intersection,UNKNOWN,ON ROADWAY AT CROSSWALK,Unknown,POSSIBLE INJURY,NONE,39.05779333,-77.04981667,"(39.05779333, -77.04981667)"
MCP3061000L,170539614,Montgomery County Police,Property Damage Crash,10/29/2017 10:10:00 AM,County,CLARKSBURG RD,BARNES RD,,N/A,OTHER,SINGLE VEHICLE,CLOUDY,WET,DAYLIGHT,NO CONTROLS,NONE DETECTED,N/A,D57108B8-B3A2-421E-A34F-ED15F77E7FEE,OTHER,N/A,N/A,N/A,No,NO APPARENT INJURY,N/A,39.18431102,-77.3125425,"(39.18431102, -77.3125425)"
MCP3255000H,200034151,Montgomery County Police,Injury Crash,09/01/2020 10:30:00 AM,,,,PARKING LOT OF MCDONALDS AT 19388 MONTGOMERY VILLAGE AVE,,BICYCLIST,SINGLE VEHICLE,CLOUDY,,DAYLIGHT,NO CONTROLS,NONE DETECTED,NONE DETECTED,86A3D50B-DF58-44F3-9066-23CDB76F6B81,BICYCLIST,Walking/Cycling on Sidewalk,NO IMPROPER ACTIONS,OTHER,No,SUSPECTED MINOR INJURY,NONE,39.17381667,-77.20373833,"(39.17381667, -77.20373833)"
MCP0672000J,170508227,Montgomery County Police,Injury Crash,05/17/2017 04:26:00 AM,Maryland (State),W MONTGOMERY AVE,SHADY GROVE RD,,N/A,PEDESTRIAN,N/A,CLEAR,DRY,DARK LIGHTS ON,TRAFFIC SIGNAL,NONE DETECTED,UNKNOWN,0688A3A7-1D6C-4982-891D-A16AA86F95A7,PEDESTRIAN,Cross/Enter at Intersection,FAILURE TO YIELD RIGHT OF WAY,AT INTERSECTION MARKED CROSSWALK,Yes,SUSPECTED SERIOUS INJURY,N/A,39.10350847,-77.19058245,"(39.10350847, -77.19058245)"
MCP2846002T,170505454,Montgomery County Police,Injury Crash,05/02/2017 02:02:00 PM,Maryland (State),UNIVERSITY BLVD W,EAST AVE,,N/A,PEDESTRIAN,HEAD ON LEFT TURN,CLEAR,DRY,DAYLIGHT,OTHER,NONE DETECTED,NONE DETECTED,BA9F621C-C69E-416F-9D44-4B9DA4D7C3FA,PEDESTRIAN,Standing,NO IMPROPER ACTIONS,SIDEWALK,No,SUSPECTED SERIOUS INJURY,NONE,39.058355,-77.04861667,"(39.058355, -77.04861667)"
MCP27190017,16047966,Montgomery County Police,Injury Crash,09/18/2016 05:41:00 PM,County,PRICE AVE,FERN ST,,N/A,PEDESTRIAN,OTHER,CLEAR,DRY,DAYLIGHT,NO CONTROLS,NONE DETECTED,NONE DETECTED,7D5A9ECA-05FC-4276-9DEF-97E20AB3B73D,PEDESTRIAN,Cross/Enter at Intersection,NO IMPROPER ACTIONS,AT INTERSECTION MARKED CROSSWALK,No,SUSPECTED SERIOUS INJURY,NONE,39.0414,-77.048655,"(39.0414, -77.048655)"
MCP2891002Z,16060748,Montgomery County Police,Injury Crash,11/26/2016 02:58:00 PM,Maryland (State),GEORGIA AVE,AUGUST DR,,N/A,PEDESTRIAN,SINGLE VEHICLE,CLEAR,DRY,DAYLIGHT,TRAFFIC SIGNAL,NONE DETECTED,NONE DETECTED,95EAD03C-F76E-4DBE-A42F-68F165F45774,PEDESTRIAN,Cross/Enter at Intersection,NO IMPROPER ACTIONS,AT INTERSECTION MARKED CROSSWALK,No,SUSPECTED MINOR INJURY,N/A,39.02143,-77.04466,"(39.02143, -77.04466)"
MCP3031002D,180021142,Montgomery County Police,Property Damage Crash,04/30/2018 12:00:00 AM,County,TIVOLI LAKE BLVD,TIVOLI LAKE CT,,N/A,OTHER,HEAD ON LEFT TURN,CLEAR,DRY,UNKNOWN,NO CONTROLS,UNKNOWN,N/A,68C64E06-4E80-4DCB-806F-B234C0E61B82,OTHER,N/A,NO IMPROPER ACTIONS,OTHER,No,NO APPARENT INJURY,N/A,39.06948833,-77.03499167,"(39.06948833, -77.03499167)"
DD56440029,220003614,Rockville Police Departme,Injury Crash,01/27/2022 04:10:00 PM,Municipality,CHAPMAN AVE,BOUIC AVE,,ROCKVILLE,PEDESTRIAN,OTHER,CLEAR,DRY,DAYLIGHT,STOP SIGN,NONE DETECTED,NONE DETECTED,5E40EFB2-828F-4AD3-BC11-84649440F2DE,PEDESTRIAN,Cross/Enter at Intersection,NO IMPROPER ACTIONS,ON ROADWAY AT CROSSWALK,No,SUSPECTED MINOR INJURY,NONE,39.06108889,-77.12089636,"(39.06108889, -77.12089636)"
MCP2866005S,190049843,Montgomery County Police,Injury Crash,10/17/2019 04:19:00 PM,County,MONTROSE AVE,WEYMOUTH ST,,N/A,PEDESTRIAN,SINGLE VEHICLE,CLEAR,DRY,DAYLIGHT,NO CONTROLS,NONE DETECTED,NONE DETECTED,4620236A-EB75-4841-BA12-0EC10A11833C,PEDESTRIAN,Cross/Enter not at Intersection,DART DASH,ON ROADWAY NOT AT CROSSWALK,Yes,SUSPECTED MINOR INJURY,NONE,39.02835348,-77.09771704,"(39.02835348, -77.09771704)"
MCP2353002Z,16050932,Montgomery County Police,Injury Crash,10/04/2016 11:40:00 AM,Maryland (State),RIVER RD,CAPITOL CRESCENT TRAIL BRIDGE,,N/A,PEDESTRIAN,SINGLE VEHICLE,CLEAR,DRY,DAYLIGHT,OTHER,NONE DETECTED,NONE DETECTED,00DC94D2-5F27-499D-85DD-D39EC5E150DB,PEDESTRIAN,Cross/Enter not at Intersection,NO IMPROPER ACTIONS,ON ROADWAY AT CROSSWALK,No,SUSPECTED SERIOUS INJURY,NONE,38.96444833,-77.10323833,"(38.96444833, -77.10323833)"
EJ7873005M,2200012634,Gaithersburg Police Depar,Injury Crash,03/24/2022 08:49:00 AM,,,,"PARKING LOT OF 220 GIRARD STREET GAITHERSBURG, MD 20877",,PEDESTRIAN,OTHER,CLOUDY,,DAYLIGHT,NO CONTROLS,UNKNOWN,NONE DETECTED,FEEB918E-01A9-49FE-BDDF-0105D5E559E0,PEDESTRIAN,Other,DART DASH,OTHER,Yes,POSSIBLE INJURY,N/A,39.14171512,-77.18314614,"(39.14171512, -77.18314614)"
MCP27660016,15014009,Montgomery County Police,Injury Crash,03/26/2015 07:49:00 PM,Maryland (State),GEORGIA AVE,CONNECTICUT AVE,,N/A,PEDESTRIAN,STRAIGHT MOVEMENT ANGLE,RAINING,WET,DARK NO LIGHTS,NO CONTROLS,NONE DETECTED,NONE DETECTED,2EFC3F8E-01FE-4223-A942-F2CB88CD40F2,PEDESTRIAN,Cross/Enter not at Intersection,NOT VISIBLE,ON ROADWAY AT CROSSWALK,,POSSIBLE INJURY,NONE,39.08396833,-77.07845,"(39.08396833, -77.07845)"
MCP2871006H,190058878,Montgomery County Police,Injury Crash,12/06/2019 04:57:00 PM,,,,PARKING LOT OF 10901 WESTLAKE DR,,PEDESTRIAN,SINGLE VEHICLE,CLEAR,,DARK NO LIGHTS,STOP SIGN,NONE DETECTED,NONE DETECTED,425DDD14-3245-4770-A714-CCD9B7B53D5C,PEDESTRIAN,Cross/Enter at Intersection,FAILURE TO YIELD RIGHT OF WAY,AT INTERSECTION BUT NO CROSSWALK,Yes,SUSPECTED MINOR INJURY,NONE,39.035335,-77.14590667,"(39.035335, -77.14590667)"
MCP21210015,170537380,Montgomery County Police,Property Damage Crash,10/19/2017 01:55:00 PM,,,,"PARKING LOT OF 18911 PEACH TREE RD DICKERSON, MD 20842",,OTHER,OTHER,CLEAR,,DAYLIGHT,N/A,NONE DETECTED,NONE DETECTED,060AA460-5030-4CC7-9BAF-5E9F0AC24576,OTHER,Other,N/A,INSIDE BUILDING,No,NO APPARENT INJURY,N/A,39.16642236,-77.38878429,"(39.16642236, -77.38878429)"
MCP2398000J,15044798,MONTGOMERY,Injury Crash,09/06/2015 03:45:00 PM,County,SNOUFFERS SCHOOL RD,WOODFIELD RD,,N/A,PEDESTRIAN,STRAIGHT MOVEMENT ANGLE,CLEAR,DRY,DAYLIGHT,OTHER,UNKNOWN,NONE DETECTED,C96288A6-A168-48FE-A4BD-A144889E8201,PEDESTRIAN,Cross/Enter at Intersection,NO IMPROPER ACTIONS,ON ROADWAY AT CROSSWALK,No,SUSPECTED MINOR INJURY,NONE,39.1608978,-77.16340899,"(39.1608978, -77.16340899)"
MCP28460064,200028872,Montgomery County Police,Injury Crash,07/25/2020 12:24:00 PM,,,,12041 GEORGIA AVE (M&T BANK PARKING LOT),,BICYCLIST,SINGLE VEHICLE,CLEAR,,DAYLIGHT,NO CONTROLS,UNKNOWN,NONE DETECTED,15A645A6-516A-48F4-A27E-468D122B72C1,BICYCLIST,Walking/Cycling on Sidewalk,NO IMPROPER ACTIONS,SIDEWALK,No,SUSPECTED MINOR INJURY,NONE,39.05258193,-77.05031596,"(39.05258193, -77.05031596)"
DD5594001C,15050873,ROCKVILLE,Injury Crash,10/07/2015 05:07:00 PM,Municipality,FOREST AVE,HARRISON ST,,ROCKVILLE,BICYCLIST,OTHER,CLEAR,DRY,DAYLIGHT,NO CONTROLS,N/A,N/A,79DC17E3-F763-4BAB-9E5A-B547D91CE0E1,BICYCLIST,Cross/Enter not at Intersection,FAILURE TO YIELD RIGHT OF WAY,ON ROADWAY NOT AT CROSSWALK,Yes,POSSIBLE INJURY,MC/BIKE HELMET,39.08396833,-77.15315667,"(39.08396833, -77.15315667)"
EJ7864000F,16051641,Gaithersburg Police Depar,Injury Crash,10/07/2016 06:10:00 AM,Municipality,FIRSTFIELD RD,CLOPPER RD,,N/A,PEDESTRIAN,SINGLE VEHICLE,CLEAR,DRY,N/A,TRAFFIC SIGNAL,NONE DETECTED,NONE DETECTED,4AFB7ABF-0328-452B-9979-3A4FE79D3D4B,PEDESTRIAN,Cross/Enter at Intersection,DART DASH,ON ROADWAY NOT AT CROSSWALK,Yes,SUSPECTED MINOR INJURY,NONE,39.1437661,-77.22377881,"(39.1437661, -77.22377881)"
MCP2198008F,200047701,Montgomery County Police,Injury Crash,12/03/2020 07:06:00 PM,County,SHADY GROVE RD,CROSSOVER,,N/A,PEDESTRIAN,SINGLE VEHICLE,CLEAR,DRY,DARK LIGHTS ON,NO CONTROLS,N/A,N/A,4B1A33EB-885A-432A-A5AC-AACAE87A8757,PEDESTRIAN,Cross/Enter at Intersection,NO IMPROPER ACTIONS,AT INTERSECTION BUT NO CROSSWALK,No,POSSIBLE INJURY,N/A,39.120055,-77.18045216,"(39.120055, -77.18045216)"