Report Number,Local Case Number,Agency Name,ACRS Report Type,Crash Date/Time,Route Type,Road Name,Cross-Street Name,Off-Road Description,Municipality,Related Non-Motorist,Collision Type,Weather,Surface Condition,Light,Traffic Control,Driver Substance Abuse,Non-Motorist Substance Abuse,Person ID,Pedestrian Type,Pedestrian Movement,Pedestrian Actions,Pedestrian Location,At Fault,Injury Severity,Safety Equipment,Latitude,Longitude,Location
MCP2971005F,200010438,Montgomery County Police,Property Damage Crash,03/02/2020 04:00:00 PM,,,,"PARKING LOT IN FRONT OF 18418 STONE HOLLOW DRIVE, GERMANTOWN, MD 20874",,PEDESTRIAN,SAME DIRECTION SIDESWIPE,CLOUDY,,DAYLIGHT,NO CONTROLS,ALCOHOL PRESENT,NONE DETECTED,B576D6FE-4571-4370-BB6D-185FA92EFD31,PEDESTRIAN,Standing,ENTERING EXITING PARKED STANDING VEHICLE,OTHER,No,NO APPARENT INJURY,NONE,39.15820167,-77.2683,"(39.15820167, -77.2683)"
MCP2770001B,16055350,Montgomery County Police,Injury Crash,10/27/2016 11:00:00 AM,County,SHADY GROVE RD,BRIARDALE RD,,N/A,PEDESTRIAN,OTHER,CLOUDY,N/A,DAYLIGHT,TRAFFIC SIGNAL,N/A,N/A,821C5D67-1D1D-497C-9B70-733960989313,PEDESTRIAN,Other,OTHER,ON ROADWAY NOT AT CROSSWALK,Unknown,SUSPECTED MINOR INJURY,NONE,39.13375951,-77.15832889,"(39.13375951, -77.15832889)"
MCP2831002G,170548149,Montgomery County Police,Injury Crash,12/12/2017 02:13:00 PM,,,,PARKING LOT OF 20944 FREDERICK ROAD (GIANT SUPERMARKET),,PEDESTRIAN,SINGLE VEHICLE,CLEAR,,DAYLIGHT,NO CONTROLS,N/A,NONE DETECTED,30A61293-C3B5-4DAB-9A14-ACE9F3CF94AF,PEDESTRIAN,Other,N/A,OTHER,No,POSSIBLE INJURY,NONE,39.18349833,-77.275365,"(39.18349833, -77.275365)"
MCP3109001C,180053981,Montgomery County Police,Property Damage Crash,10/28/2018 12:15:00 PM,Maryland (State),EAST WEST HWY,BLAIR MILL RD,,N/A,PEDESTRIAN,SAME DIR REAR END,CLEAR,DRY,DAYLIGHT,NO CONTROLS,NONE DETECTED,NONE DETECTED,1FAF08C5-D8DE-4B64-BF67-200BB8475BB2,PEDESTRIAN,Cross/Enter not at Intersection,NO IMPROPER ACTIONS,ON ROADWAY AT CROSSWALK,No,NO APPARENT INJURY,NONE,38.99169317,-77.03045817,"(38.99169317, -77.03045817)"
MCP137800H6,170513692,Montgomery County Police,Injury Crash,06/14/2017 06:02:00 PM,Maryland (State),GREAT SENECA HWY,SAM EIG HWY,,N/A,BICYCLIST,STRAIGHT MOVEMENT ANGLE,CLEAR,DRY,DAYLIGHT,TRAFFIC SIGNAL,NONE DETECTED,NONE DETECTED,68C640B1-4C11-494F-B762-0D0073A94B4E,BICYCLIST,Cross/Enter at Intersection,NO IMPROPER ACTIONS,ON ROADWAY AT CROSSWALK,No,SUSPECTED MINOR INJURY,MC/BIKE HELMET,39.10989667,-77.211555,"(39.10989667, -77.211555)"
MCP2201000Y,170511222,Montgomery County Police,Injury Crash,06/01/2017 08:14:00 PM,Maryland (State),COLESVILLE RD,SECOND AVE,,N/A,PEDESTRIAN,STRAIGHT MOVEMENT ANGLE,CLEAR,DRY,DARK LIGHTS ON,TRAFFIC SIGNAL,NONE DETECTED,NONE DETECTED,72DE848E-5281-4623-827C-ACA573FED069,PEDESTRIAN,Cross/Enter at Intersection,DART DASH,ON ROADWAY AT CROSSWALK,Yes,POSSIBLE INJURY,NONE,38.99394417,-77.03144968,"(38.99394417, -77.03144968)"
MCP3048008D,220032556,Montgomery County Police,Injury Crash,07/29/2022 07:50:00 AM,,,,"PARKING LOT MEN'S SHELTER 11600 NEBEL STREET ROCKVILLE, MD",,PEDESTRIAN,OTHER,CLOUDY,,DAYLIGHT,N/A,UNKNOWN,N/A,2F4983B3-7CC6-4522-B5DD-912450F8C195,PEDESTRIAN,Standing,NO IMPROPER ACTIONS,OTHER,No,SUSPECTED MINOR INJURY,N/A,39.01023333,-77.11491667,"(39.01023333, -77.11491667)"
MCP1205000X,15007751,Montgomery County Police,Injury Crash,02/16/2015 02:38:00 PM,,,,PARKING LOT OF 7809 WISCONSIN AVENUE.,,PEDESTRIAN,OTHER,SNOW,,DAYLIGHT,NO CONTROLS,NONE DETECTED,NONE DETECTED,E084AFBE-5A57-461E-9EF1-B15BD4F35470,PEDESTRIAN,Other,OTHER,OTHER,,SUSPECTED SERIOUS INJURY,N/A,38.98441833,-77.09423667,"(38.98441833, -77.09423667)"
MCP13660027,15003123,Montgomery County Police,Injury Crash,01/20/2015 06:40:00 AM,County,CENTERWAY RD,GOSHEN RD,,N/A,PEDESTRIAN,SINGLE VEHICLE,CLEAR,UNKNOWN,DARK LIGHTS ON,TRAFFIC SIGNAL,UNKNOWN,NONE DETECTED,C123231A-D5E9-4C34-B677-1D15373709EE,PEDESTRIAN,Cross/Enter at Intersection,NO IMPROPER ACTIONS,AT INTERSECTION MARKED CROSSWALK,,SUSPECTED MINOR INJURY,NONE,39.16943141,-77.19063878,"(39.16943141, -77.19063878)"
MCP2475000Q,15054234,MONTGOMERY,Injury Crash,10/25/2015 08:27:00 PM,County,BRUNETT AVE,UNIVERSITY BLVD W,,N/A,BICYCLIST,STRAIGHT MOVEMENT ANGLE,CLEAR,DRY,DARK LIGHTS ON,STOP SIGN,NONE DETECTED,NONE DETECTED,9D9033FE-832A-48A6-BAF1-D368999FEE9D,BICYCLIST,Walking/Riding against Traffic,WRONG WAY RIDING OR WALKING,ON ROADWAY AT CROSSWALK,Yes,POSSIBLE INJURY,UNKNOWN,39.02295129,-77.01679945,"(39.02295129, -77.01679945)"
MCP0036006Z,170535575,Montgomery County Police,Injury Crash,10/09/2017 07:16:00 AM,County,MIDDLEBROOK RD,CRYSTAL ROCK DR,,N/A,PEDESTRIAN,SINGLE VEHICLE,RAINING,WET,DARK LIGHTS ON,TRAFFIC SIGNAL,NONE DETECTED,NONE DETECTED,00CF1254-F4DF-4E5F-92ED-07F2D8FC2EB7,PEDESTRIAN,Cross/Enter at Intersection,DART DASH,AT INTERSECTION MARKED CROSSWALK,Yes,SUSPECTED SERIOUS INJURY,NONE,39.17685264,-77.26438813,"(39.17685264, -77.26438813)"
DM8499000R,210051181,Takoma Park Police Depart,Injury Crash,12/16/2021 01:32:00 PM,Maryland (State),CARROLL AVE,LINCOLN AVE,,TAKOMA PARK,BICYCLIST,STRAIGHT MOVEMENT ANGLE,CLEAR,DRY,DAYLIGHT,STOP SIGN,NONE DETECTED,NONE DETECTED,DD86E285-E3A1-4E41-BDF0-6ACDBDDB3A09,BICYCLIST,Walking/Riding w/Traffic,NO IMPROPER ACTIONS,N/A,No,SUSPECTED SERIOUS INJURY,MC/BIKE HELMET,38.98162947,-77.00315028,"(38.98162947, -77.00315028)"
MCP23300018,170539513,Montgomery County Police,Injury Crash,10/28/2017 05:12:00 PM,,,,11171 GEORGIA AVE - BUS TURN AROUND,,PEDESTRIAN,OTHER,CLEAR,,DAYLIGHT,NO CONTROLS,NONE DETECTED,NONE DETECTED,2CCF9EAD-D71A-43E6-A5F4-10F248E1CCD9,PEDESTRIAN,Other,OTHER,OTHER,Yes,SUSPECTED SERIOUS INJURY,NONE,39.03757,-77.051335,"(39.03757, -77.051335)"
MCP3042003L,220002612,Montgomery County Police,Injury Crash,01/21/2022 06:50:00 AM,County,HICKERSON DR,GEORGIA AVE,,N/A,PEDESTRIAN,HEAD ON LEFT TURN,CLOUDY,DRY,DAWN,NO CONTROLS,NONE DETECTED,NONE DETECTED,D03A5670-9A99-4C8C-A8A7-BE6B3C262F07,PEDESTRIAN,Cross/Enter at Intersection,NO IMPROPER ACTIONS,ON ROADWAY AT CROSSWALK,No,SUSPECTED MINOR INJURY,NONE,39.04215667,-77.05178,"(39.04215667, -77.05178)"
MCP3230004J,230033597,Montgomery County Police,Injury Crash,07/14/2023 04:50:00 PM,County,ASPEN HILL RD,PARKLAND DR,,N/A,OTHER,OTHER,CLEAR,DRY,DAYLIGHT,TRAFFIC SIGNAL,NONE DETECTED,NONE DETECTED,B7AFD0CB-A221-4B5A-B1AA-F1E09E2D05AD,OTHER,Cross/Enter at Intersection,UNKNOWN,ON ROADWAY NOT AT CROSSWALK,Unknown,SUSPECTED MINOR INJURY,NONE,39.07909683,-77.08717517,"(39.07909683, -77.08717517)"
MCP1453002D,16000517,Montgomery County Police,Injury Crash,01/04/2016 08:19:00 AM,,,,PARKING LOT OF 20910 FREDERICK RD (WALMART),,PEDESTRIAN,SINGLE VEHICLE,CLEAR,,DAYLIGHT,STOP SIGN,NONE DETECTED,NONE DETECTED,4B1C641C-875E-4C59-9B0B-3AD7C4CBB578,PEDESTRIAN,Cross/Enter at Intersection,NO IMPROPER ACTIONS,DRIVEWAY ACCESS MARKED CROSSWALK,No,SUSPECTED MINOR INJURY,NONE,39.197795,-77.25234333,"(39.197795, -77.25234333)"
MCP2948005X,230002189,Montgomery County Police,Injury Crash,01/13/2023 11:15:00 PM,Maryland (State),GEORGIA AVE,REEDIE DR,,N/A,PEDESTRIAN,OTHER,CLEAR,DRY,DARK LIGHTS ON,TRAFFIC SIGNAL,NONE DETECTED,N/A,DD5635F5-2133-47F2-8683-48066FA45D8C,PEDESTRIAN,Cross/Enter at Intersection,UNKNOWN,ON ROADWAY AT CROSSWALK,Unknown,NO APPARENT INJURY,N/A,39.03881,-77.05091167,"(39.03881, -77.05091167)"
DD5508000L,15000253,Rockville Police Departme,Injury Crash,01/02/2015 11:51:00 AM,,,,Parking Lot of 14939 Shady Grove Rd,,PEDESTRIAN,SINGLE VEHICLE,CLEAR,,DAYLIGHT,NO CONTROLS,NONE DETECTED,UNKNOWN,23EB05DF-B752-4D50-95A1-3E5A0371D899,PEDESTRIAN,Cross/Enter not at Intersection,IN ROADWAY IMPROPERLY,ON ROADWAY NOT AT CROSSWALK,,POSSIBLE INJURY,NONE,39.09749501,-77.19245195,"(39.09749501, -77.19245195)"
MCP26250016,210027603,Montgomery County Police,Injury Crash,07/17/2021 08:10:00 AM,County,FALLS RD,RIVER RD,,N/A,BICYCLIST,SAME DIRECTION RIGHT TURN,CLEAR,DRY,DAYLIGHT,TRAFFIC SIGNAL,NONE DETECTED,N/A,3E0C75D3-6BE0-4899-8490-EAB560E4B909,BICYCLIST,Walking/Riding w/Traffic,NO IMPROPER ACTIONS,IN BIKEWAY,No,SUSPECTED MINOR INJURY,N/A,39.019295,-77.210385,"(39.019295, -77.210385)"
MCP24920017,190049226,Montgomery County Police,Fatal Crash,10/13/2019 07:40:00 PM,Maryland (State),UNIVERSITY BLVD E,SEEK LA,,N/A,PEDESTRIAN,OTHER,CLEAR,DRY,DARK LIGHTS ON,NO CONTROLS,"COMBINED SUBSTANCE PRESENT, NONE DETECTED",ALCOHOL PRESENT,0546D6C8-ADB1-4234-A0BE-03E925DF03D1,PEDESTRIAN,Cross/Enter not at Intersection,UNKNOWN,N/A,No,FATAL INJURY,NONE,38.99723,-76.99353667,"(38.99723, -76.99353667)"
MCP2353003P,17011782,Montgomery County Police,Injury Crash,03/06/2017 10:58:00 AM,County,WILLARD AVE,THE HILLS PLAZA,,FRIENDSHIP HEIGHTS,PEDESTRIAN,SINGLE VEHICLE,CLEAR,DRY,DAYLIGHT,STOP SIGN,NONE DETECTED,NONE DETECTED,94C19C64-4004-4460-BA2B-D2EF2A6DA43B,PEDESTRIAN,Cross/Enter at Intersection,NO IMPROPER ACTIONS,ON ROADWAY AT CROSSWALK,No,SUSPECTED SERIOUS INJURY,NONE,38.961785,-77.08775167,"(38.961785, -77.08775167)"
MCP21620020,16063617,Montgomery County Police,Injury Crash,12/11/2016 06:18:00 PM,County,GOLD MINE RD,OLNEY MILL RD,,N/A,PEDESTRIAN,SAME DIRECTION SIDESWIPE,CLEAR,DRY,DARK LIGHTS ON,NO CONTROLS,N/A,N/A,F386C89A-69BA-42F3-8831-510E6257C5F5,PEDESTRIAN,Standing,NO IMPROPER ACTIONS,ON ROADWAY NOT AT CROSSWALK,No,SUSPECTED MINOR INJURY,NONE,39.17186833,-77.06350333,"(39.17186833, -77.06350333)"
MCP271700HP,180026454,Montgomery County Police,Injury Crash,05/29/2018 08:10:00 PM,County,LOCKWOOD DR,LOCKWOOD DR,,N/A,BICYCLIST,OTHER,CLEAR,DRY,DARK LIGHTS ON,NO CONTROLS,NONE DETECTED,NONE DETECTED,721DF811-037E-4B4A-B3B0-3BAD36865D9B,BICYCLIST,Walking/Riding w/Traffic,NO IMPROPER ACTIONS,ON ROADWAY NOT AT CROSSWALK,No,SUSPECTED MINOR INJURY,MC/BIKE HELMET,39.04246367,-76.9859235,"(39.04246367, -76.9859235)"
DD5616000K,15065670,ROCKVILLE,Injury Crash,12/23/2015 07:20:00 AM,Municipality,MONROE PL,ROCKVILLE PIKE,,N/A,PEDESTRIAN,N/A,FOGGY,WET,DAWN,TRAFFIC SIGNAL,NONE DETECTED,NONE DETECTED,8317457E-E69A-4421-930F-A67503F477C7,PEDESTRIAN,Cross/Enter at Intersection,NO IMPROPER ACTIONS,AT INTERSECTION MARKED CROSSWALK,No,POSSIBLE INJURY,N/A,39.08353863,-77.14712262,"(39.08353863, -77.14712262)"
MCP209400JH,220012302,Montgomery County Police,Injury Crash,03/22/2022 09:20:00 AM,County,FALLS RD,OAKLYN DR,,N/A,"OTHER, PEDESTRIAN",SAME DIR REAR END,CLEAR,DRY,DAYLIGHT,NO CONTROLS,NONE DETECTED,NONE DETECTED,F344969C-0DF3-419F-BB5C-BF88E82B5986,PEDESTRIAN,Other Working,OTHER,ON ROADWAY NOT AT CROSSWALK,No,SUSPECTED SERIOUS INJURY,REFLECTIVE CLOTHING,39.010215,-77.219505,"(39.010215, -77.219505)"
MCP91300020,16006234,Montgomery County Police,Injury Crash,02/06/2016 01:33:00 PM,County,FLOWER AVE,ARLISS ST,,N/A,PEDESTRIAN,SINGLE VEHICLE,CLEAR,DRY,DAYLIGHT,NO CONTROLS,NONE DETECTED,NONE DETECTED,0118D18F-AC1D-4CC9-B51E-BF367320ED58,PEDESTRIAN,Cross/Enter not at Intersection,NO IMPROPER ACTIONS,ON ROADWAY AT CROSSWALK,No,SUSPECTED MINOR INJURY,NONE,38.999505,-77.00393333,"(38.999505, -77.00393333)"
DM8456000F,17015267,Takoma Park Police Depart,Injury Crash,03/25/2017 03:30:00 PM,Municipality,BOYD AVE,JACKSON AVE,,TAKOMA PARK,BICYCLIST,N/A,CLEAR,DRY,DAYLIGHT,NO CONTROLS,NONE DETECTED,NONE DETECTED,1A4A86B8-8FDE-4AC3-98FC-6B87D0B9CB5A,BICYCLIST,Walking/Riding w/Traffic,NO IMPROPER ACTIONS,ON ROADWAY NOT AT CROSSWALK,Unknown,SUSPECTED MINOR INJURY,MC/BIKE HELMET,38.97849167,-77.001665,"(38.97849167, -77.001665)"
DD5615002Q,16056048,Rockville Police Departme,Injury Crash,10/31/2016 11:41:00 AM,Municipality,WOOTTON PKWY,ROCKVILLE PIKE,,N/A,PEDESTRIAN,SINGLE VEHICLE,CLEAR,DRY,DAYLIGHT,NO CONTROLS,NONE DETECTED,NONE DETECTED,25D61784-FD7C-4580-8F90-EB99937EF3CB,PEDESTRIAN,Walking to/from school,IN ROADWAY IMPROPERLY,ON ROADWAY NOT AT CROSSWALK,Yes,POSSIBLE INJURY,NONE,39.076525,-77.13979167,"(39.076525, -77.13979167)"
MCP9442001B,170542181,Montgomery County Police,Injury Crash,11/11/2017 07:43:00 AM,,,,PARKING LOT IN 2000 BLOCK OF PRUITT COURT,,PEDESTRIAN,OTHER,CLEAR,,DAYLIGHT,N/A,NONE DETECTED,NONE DETECTED,646EB879-2946-43B0-9FA9-5AF0EC8E5206,PEDESTRIAN,Other,N/A,OTHER,No,POSSIBLE INJURY,N/A,39.193585,-77.19216667,"(39.193585, -77.19216667)"
HA24490018,21000936,Maryland-National Capital,Injury Crash,05/20/2021 02:33:00 PM,Government,SLIGO CREEK PKWY,PARK VALLEY RD,,N/A,BICYCLIST,SAME DIR REAR END,CLEAR,DRY,DAYLIGHT,NO CONTROLS,N/A,N/A,8E2F7706-9D45-43FD-8485-9C090D095A47,BICYCLIST,Walking/Riding w/Traffic,NO IMPROPER ACTIONS,ON ROADWAY NOT AT CROSSWALK,No,SUSPECTED MINOR INJURY,UNKNOWN,38.9896826,-77.00633868,"(38.9896826, -77.00633868)"
MCP209400K9,220037173,Montgomery County Police,Injury Crash,08/28/2022 09:17:00 AM,County,OAKLYN DR,POTOMAC STATION LA,,N/A,BICYCLIST,HEAD ON LEFT TURN,CLEAR,DRY,DAYLIGHT,NO CONTROLS,NONE DETECTED,NONE DETECTED,C52C2D0D-7F2A-4C69-86E3-D4F763FE187F,BICYCLIST,Walking/Riding w/Traffic,NO IMPROPER ACTIONS,ON ROADWAY NOT AT CROSSWALK,No,SUSPECTED SERIOUS INJURY,MC/BIKE HELMET,39.00102,-77.21083,"(39.00102, -77.21083)"
MCP27260033,180065335,Montgomery County Police,Injury Crash,12/31/2018 12:58:00 PM,,,,"PARKING LOT OF 15807 FREDERICK RD, ROCKVILLE, MD 20855",,PEDESTRIAN,OTHER,RAINING,,DAYLIGHT,NO CONTROLS,N/A,N/A,9F0E99EA-A86B-42DA-A821-EAFB7CF511A8,PEDESTRIAN,Walking/Cycling on Sidewalk,NO IMPROPER ACTIONS,SIDEWALK,No,SUSPECTED MINOR INJURY,N/A,39.1163393,-77.2049379,"(39.1163393, -77.2049379)"
MCP242500BX,180006810,Montgomery County Police,Injury Crash,02/09/2018 07:05:00 AM,County,11TH AVE,QUEBEC ST,,N/A,PEDESTRIAN,OTHER,CLEAR,DRY,DAYLIGHT,NO CONTROLS,UNKNOWN,NONE DETECTED,27BE7955-E585-40BE-9FD7-A746D0D13556,PEDESTRIAN,Cross/Enter at Intersection,NO IMPROPER ACTIONS,ON ROADWAY NOT AT CROSSWALK,No,SUSPECTED MINOR INJURY,NONE,38.99847333,-76.98876,"(38.99847333, -76.98876)"
MCP2723006P,220042149,Montgomery County Police,Injury Crash,09/27/2022 04:00:00 PM,Maryland (State),VEIRS MILL RD,RANDOLPH RD,,N/A,PEDESTRIAN,SINGLE VEHICLE,N/A,DRY,DAYLIGHT,TRAFFIC SIGNAL,NONE DETECTED,NONE DETECTED,A5CB311D-7E7A-4BA5-AB6F-71308CCBA752,PEDESTRIAN,Cross/Enter at Intersection,DART DASH,ON ROADWAY AT CROSSWALK,Yes,SUSPECTED MINOR INJURY,NONE,39.05615,-77.08281667,"(39.05615, -77.08281667)"
MCP3161002T,210023041,Montgomery County Police,Injury Crash,06/16/2021 04:30:00 PM,,,,3745 UNIVERSITY BLVD W,,BICYCLIST,STRAIGHT MOVEMENT ANGLE,CLEAR,,DAYLIGHT,NO CONTROLS,NONE DETECTED,NONE DETECTED,5999CFEB-6A66-4586-A221-B9F353C5DE21,BICYCLIST,Walking/Cycling on Sidewalk,NO IMPROPER ACTIONS,SIDEWALK,No,SUSPECTED MINOR INJURY,NONE,39.03287,-77.07437667,"(39.03287, -77.07437667)"
MCP1020001F,16007210,Montgomery County Police,Injury Crash,02/12/2016 06:45:00 AM,,PINE RIDGE LN,TRAILSIDE WAY,,N/A,PEDESTRIAN,OTHER,CLEAR,DRY,DARK LIGHTS ON,STOP SIGN,UNKNOWN,NONE DETECTED,616E01EC-2C25-443B-83AF-3AF0E6B0C3B2,PEDESTRIAN,Cross/Enter at Intersection,NO IMPROPER ACTIONS,ON ROADWAY NOT AT CROSSWALK,No,SUSPECTED MINOR INJURY,N/A,39.16432,-77.27047333,"(39.16432, -77.27047333)"
MCP2938000C,15029220,Montgomery County Police,Injury Crash,06/15/2015 09:34:00 PM,County,WOODMONT AVE,HAMPDEN LA,,N/A,BICYCLIST,OTHER,CLEAR,DRY,DARK LIGHTS ON,TRAFFIC SIGNAL,NONE DETECTED,NONE DETECTED,0F29061B-783B-4771-B024-C2A69E65E82E,BICYCLIST,Cross/Enter at Intersection,NO IMPROPER ACTIONS,ON ROADWAY AT CROSSWALK,,POSSIBLE INJURY,UNKNOWN,38.98270599,-77.09604263,"(38.98270599, -77.09604263)"
MCP1181000W,19001952,Montgomery County Police,Injury Crash,04/28/2019 07:52:00 PM,County,MEADOW MIST RD,MEADOW MIST RD (BACK),,N/A,PEDESTRIAN,OTHER,CLEAR,DRY,DAYLIGHT,NO CONTROLS,NONE DETECTED,NONE DETECTED,48D32FF4-D1BC-43D1-ABD5-D48773652D1D,PEDESTRIAN,Playing,DART DASH,OTHER,Yes,SUSPECTED MINOR INJURY,N/A,39.23093667,-77.243555,"(39.23093667, -77.243555)"
MCP2997000T,170516335,Montgomery County Police,Injury Crash,06/28/2017 10:24:00 PM,County,MACDUFF AVE,GALLAGHER WAY,,N/A,PEDESTRIAN,SAME DIRECTION LEFT TURN,CLEAR,DRY,DARK LIGHTS ON,NO CONTROLS,NONE DETECTED,ALCOHOL PRESENT,286F205A-D57F-49EE-8D29-9BC8BA4337B5,PEDESTRIAN,Cross/Enter at Intersection,NO IMPROPER ACTIONS,AT INTERSECTION BUT NO CROSSWALK,No,POSSIBLE INJURY,NONE,39.14389404,-77.08900586,"(39.14389404, -77.08900586)"
MCP2831001K,16053095,Montgomery County Police,Injury Crash,10/15/2016 08:26:00 PM,,WHITE SADDLE DRIVE,MIDDLEBROOK ROAD,,N/A,PEDESTRIAN,SINGLE VEHICLE,CLEAR,DRY,DARK LIGHTS ON,NO CONTROLS,N/A,NONE DETECTED,83336781-F456-4499-8ABB-AA6DA81DAA92,PEDESTRIAN,Playing,DART DASH,ON ROADWAY NOT AT CROSSWALK,Yes,POSSIBLE INJURY,NONE,39.17671833,-77.25850667,"(39.17671833, -77.25850667)"
MCP3300001P,220016529,Montgomery County Police,Injury Crash,04/19/2022 07:40:00 AM,Maryland (State),UNIVERSITY BLVD W,GRANDVIEW AVE,,N/A,PEDESTRIAN,OTHER,CLEAR,DRY,DAYLIGHT,NO CONTROLS,NONE DETECTED,NONE DETECTED,6EC6C4D2-C78D-4BFA-BE94-4C87920BED5D,PEDESTRIAN,Cross/Enter not at Intersection,IN ROADWAY IMPROPERLY,OTHER,Yes,SUSPECTED SERIOUS INJURY,NONE,39.04067067,-77.05456733,"(39.04067067, -77.05456733)"
DD5630001F,190025366,Rockville Police Departme,Injury Crash,05/28/2019 03:33:00 PM,Municipality,MT VERNON PL,FLEET ST,,ROCKVILLE,BICYCLIST,OTHER,CLEAR,DRY,DAYLIGHT,STOP SIGN,NONE DETECTED,NONE DETECTED,6C68E36B-D43A-424A-8918-7E6BDB12DC15,BICYCLIST,Cross/Enter at Intersection,NO IMPROPER ACTIONS,ON ROADWAY AT CROSSWALK,No,SUSPECTED MINOR INJURY,NONE,39.07788667,-77.14325167,"(39.07788667, -77.14325167)"
MCP3016003F,210053339,Montgomery County Police,Injury Crash,12/31/2021 01:57:00 PM,,,,PARKING LOT 12949 WISTERIA DRIVE (7-11),,PEDESTRIAN,OTHER,CLEAR,,DAYLIGHT,STOP SIGN,N/A,N/A,44672A1C-E062-4094-B6EB-E2F1C9D195EA,PEDESTRIAN,Cross/Enter at Intersection,UNKNOWN,AT INTERSECTION BUT NO CROSSWALK,Unknown,POSSIBLE INJURY,N/A,39.17845739,-77.2702738,"(39.17845739, -77.2702738)"
MCP137800GZ,170507982,Montgomery County Police,Injury Crash,05/15/2017 08:51:00 PM,Maryland (State),FREDERICK RD,MARYLAND AVE,,GAITHERSBURG,BICYCLIST,SINGLE VEHICLE,CLEAR,DRY,DARK LIGHTS ON,NO CONTROLS,NONE DETECTED,NONE DETECTED,38A18412-C2FF-42A7-861B-495EA098428E,BICYCLIST,Cross/Enter not at Intersection,IN ROADWAY IMPROPERLY,ON ROADWAY NOT AT CROSSWALK,Yes,SUSPECTED SERIOUS INJURY,NONE,39.14518272,-77.20309764,"(39.14518272, -77.20309764)"
MCP2656001D,16051276,Montgomery County Police,Injury Crash,10/05/2016 08:49:00 PM,County,ROBEY RD,BRIGGS CHANEY RD,,N/A,PEDESTRIAN,N/A,CLEAR,DRY,DARK LIGHTS ON,NO CONTROLS,NONE DETECTED,NONE DETECTED,DC57CEE3-58F3-4C30-90CC-8C9AB0C34CB8,PEDESTRIAN,Cross/Enter at Intersection,NO IMPROPER ACTIONS,AT INTERSECTION MARKED CROSSWALK,No,NO APPARENT INJURY,N/A,39.07956333,-76.94503167,"(39.07956333, -76.94503167)"
MCP2902004T,210001472,Montgomery County Police,Injury Crash,01/12/2021 01:31:00 PM,Other Public Roadway,HILLCREST DR,FREDERICK RD,,N/A,PEDESTRIAN,OTHER,CLEAR,DRY,DAYLIGHT,STOP SIGN,N/A,N/A,741AB4EA-E3A2-4A95-9373-E76C4D18C69D,PEDESTRIAN,Cross/Enter at Intersection,NO IMPROPER ACTIONS,AT INTERSECTION BUT NO CROSSWALK,No,SUSPECTED MINOR INJURY,NONE,39.17666333,-77.238335,"(39.17666333, -77.238335)"
MCP2724002N,220016604,Montgomery County Police,Injury Crash,04/20/2022 08:40:00 AM,Maryland (State),NEW HAMPSHIRE AVE,HILLENDALE FIRE DEPARTMENT,,N/A,PEDESTRIAN,OTHER,CLOUDY,N/A,DAYLIGHT,TRAFFIC SIGNAL,UNKNOWN,NONE DETECTED,F7C3DD70-8FC4-4753-BF85-3FE9223289D2,PEDESTRIAN,Walking to/from school,FAILURE TO OBEY TRAFFIC SIGNS SIGNALS OR OFFICER,MEDIAN,Yes,SUSPECTED MINOR INJURY,NONE,39.02970992,-76.98335105,"(39.02970992, -76.98335105)"
MCP3218001H,210012867,Montgomery County Police,Injury Crash,04/06/2021 05:30:00 PM,County,DEWEY RD,DAHILL RD,,N/A,BICYCLIST,STRAIGHT MOVEMENT ANGLE,CLEAR,DRY,DAYLIGHT,STOP SIGN,NONE DETECTED,NONE DETECTED,7C50C05A-5987-4CBB-BC02-9C43A6B0A516,BICYCLIST,Cross/Enter at Intersection,NO IMPROPER ACTIONS,ON ROADWAY NOT AT CROSSWALK,No,SUSPECTED MINOR INJURY,MC/BIKE HELMET,39.048628,-77.088574,"(39.048628, -77.088574)"
MCP28800011,15020169,Montgomery County Police,Injury Crash,04/29/2015 12:34:00 PM,Maryland (State),QUINCE ORCHARD RD,FIRSTFIELD RD,,GAITHERSBURG,PEDESTRIAN,SINGLE VEHICLE,CLEAR,DRY,DAYLIGHT,TRAFFIC SIGNAL,NONE DETECTED,NONE DETECTED,985C25BB-E9D2-4B8B-9D10-7CD2D8E234F9,PEDESTRIAN,Cross/Enter at Intersection,DART DASH,ON ROADWAY NOT AT CROSSWALK,,POSSIBLE INJURY,N/A,39.14534667,-77.21987667,"(39.14534667, -77.21987667)"
MCP2353009P,220006367,Montgomery County Police,Injury Crash,02/14/2022 07:19:00 AM,Maryland (State),OLD GEORGETOWN RD,BEECH AVE,,N/A,PEDESTRIAN,SINGLE VEHICLE,CLOUDY,DRY,DAYLIGHT,PERSON,NONE DETECTED,NONE DETECTED,50E4DB99-42DA-45DD-9562-E44A2A5232D3,PEDESTRIAN,Cross/Enter at Intersection,NO IMPROPER ACTIONS,ON ROADWAY AT CROSSWALK,No,SUSPECTED MINOR INJURY,NONE,39.009995,-77.11493667,"(39.009995, -77.11493667)"
MCP2861001V,16017730,Montgomery County Police,Injury Crash,04/11/2016 05:00:00 PM,County,RIDGEFIELD RD,NEWINGTON RD,,N/A,PEDESTRIAN,OTHER,CLEAR,DRY,DAYLIGHT,NO CONTROLS,N/A,NONE DETECTED,BC6710C9-66AC-4190-BEEB-C870D3151504,PEDESTRIAN,Other Working,ENTERING EXITING PARKED STANDING VEHICLE,ON ROADWAY NOT AT CROSSWALK,No,POSSIBLE INJURY,NONE,38.96633167,-77.10915167,"(38.96633167, -77.10915167)"