Report Number,Local Case Number,Agency Name,ACRS Report Type,Crash Date/Time,Route Type,Road Name,Cross-Street Name,Off-Road Description,Municipality,Related Non-Motorist,Collision Type,Weather,Surface Condition,Light,Traffic Control,Driver Substance Abuse,Non-Motorist Substance Abuse,Person ID,Pedestrian Type,Pedestrian Movement,Pedestrian Actions,Pedestrian Location,At Fault,Injury Severity,Safety Equipment,Latitude,Longitude,Location
MCP3020004G,190056885,Montgomery County Police,Property Damage Crash,11/25/2019 10:52:00 AM,,,,PARKING LOT IN FRONT OF 3860 INTERNATIONAL DR,,PEDESTRIAN,SINGLE VEHICLE,CLEAR,,DAYLIGHT,NO CONTROLS,NONE DETECTED,NONE DETECTED,92BE3C8B-4C96-479E-9F4D-CBA1B3D324CA,PEDESTRIAN,Walking/Riding w/Traffic,NO IMPROPER ACTIONS,OTHER,No,NO APPARENT INJURY,NONE,39.10195718,-77.07546937,"(39.10195718, -77.07546937)"
HA23680008,16000440,Maryland-National Capital,Injury Crash,04/16/2016 11:00:00 AM,Government,LITTLE FALLS PKWY,HILLANDALE RD,,N/A,BICYCLIST,STRAIGHT MOVEMENT ANGLE,CLEAR,DRY,DAYLIGHT,OTHER,NONE DETECTED,NONE DETECTED,371634CF-EE91-44E7-9241-8DE7758A79A3,BICYCLIST,Other,NO IMPROPER ACTIONS,ON ROADWAY AT CROSSWALK,No,POSSIBLE INJURY,NONE,38.9733897,-77.10132122,"(38.9733897, -77.10132122)"
DD5523000D,17014350,Rockville Police Departme,Injury Crash,03/20/2017 09:45:00 PM,,,,PARKING LOT OF 1750 ROCKVILLE PIKE,,PEDESTRIAN,SINGLE VEHICLE,CLEAR,,DARK NO LIGHTS,N/A,NONE DETECTED,NONE DETECTED,10DD9551-8A28-4C0A-80F2-957F1AE0CC91,PEDESTRIAN,N/A,NOT VISIBLE,OTHER,Unknown,SUSPECTED MINOR INJURY,N/A,39.06103167,-77.122645,"(39.06103167, -77.122645)"
MCP20720047,200050651,Montgomery County Police,Injury Crash,12/24/2020 01:55:00 PM,,,,"MILESTONE SHOPPING CENTER
20934 FREDERICK ROAD
GERMANTOWN, MD 20876",,PEDESTRIAN,OTHER,RAINING,,DAYLIGHT,N/A,NONE DETECTED,UNKNOWN,A6C96E51-7508-4DD4-918C-A89E7735C86F,PEDESTRIAN,Other,NO IMPROPER ACTIONS,OTHER,No,POSSIBLE INJURY,N/A,39.202835,-77.24820333,"(39.202835, -77.24820333)"
MCP11740020,17013679,Montgomery County Police,Injury Crash,03/17/2017 09:25:00 AM,Maryland (State),WISCONSIN AVE,BETHESDA AVE,,N/A,PEDESTRIAN,OTHER,CLEAR,DRY,DAYLIGHT,TRAFFIC SIGNAL,UNKNOWN,N/A,95F6080D-29A3-4E2F-BAEA-94C0415E9F73,PEDESTRIAN,Cross/Enter at Intersection,NO IMPROPER ACTIONS,AT INTERSECTION MARKED CROSSWALK,No,SUSPECTED MINOR INJURY,NONE,38.98103486,-77.09271938,"(38.98103486, -77.09271938)"
DD5603003K,17003541,Rockville Police Departme,Injury Crash,01/20/2017 08:45:00 PM,Municipality,WOOTTON PKWY,FLEET ST,,ROCKVILLE,PEDESTRIAN,STRAIGHT MOVEMENT ANGLE,RAINING,WET,DARK LIGHTS ON,NO CONTROLS,NONE DETECTED,ALCOHOL PRESENT,122EF475-F3AF-43D0-AC39-DD06C9D7F92B,PEDESTRIAN,Walking/Riding against Traffic,IN ROADWAY IMPROPERLY,ON ROADWAY NOT AT CROSSWALK,Yes,POSSIBLE INJURY,NONE,39.07531839,-77.14011669,"(39.07531839, -77.14011669)"
MCP2874001X,17002798,Montgomery County Police,Injury Crash,01/16/2017 06:14:00 PM,County,RANDOLPH RD,GEORGIA AVE,,N/A,PEDESTRIAN,SINGLE VEHICLE,CLEAR,DRY,DARK LIGHTS ON,TRAFFIC SIGNAL,NONE DETECTED,NONE DETECTED,A37E3A23-E359-4CE6-A65F-3693B1F09DCA,PEDESTRIAN,Cross/Enter at Intersection,NO IMPROPER ACTIONS,AT INTERSECTION MARKED CROSSWALK,No,SUSPECTED MINOR INJURY,NONE,39.05788158,-77.04963908,"(39.05788158, -77.04963908)"
MCP2639000T,15021005,Montgomery County Police,Injury Crash,05/03/2015 11:41:00 PM,Maryland (State),GEORGIA AVE,REEDIE DR,,N/A,PEDESTRIAN,STRAIGHT MOVEMENT ANGLE,CLEAR,DRY,DARK LIGHTS ON,NO CONTROLS,NONE DETECTED,NONE DETECTED,ACDCCFCE-699A-492C-AFC0-29E0A22F7EF3,PEDESTRIAN,Cross/Enter not at Intersection,FAILURE TO YIELD RIGHT OF WAY,ON ROADWAY NOT AT CROSSWALK,,SUSPECTED SERIOUS INJURY,N/A,39.03910167,-77.05091,"(39.03910167, -77.05091)"
MCP2866005W,190050985,Montgomery County Police,Injury Crash,10/23/2019 05:40:00 PM,Maryland (State),CONNECTICUT AVE,SAUL RD,,N/A,BICYCLIST,ANGLE MEETS LEFT TURN,CLEAR,DRY,DAYLIGHT,TRAFFIC SIGNAL,NONE DETECTED,NONE DETECTED,46DA85B3-81B9-47A8-A962-BBBFCC9AF806,BICYCLIST,Standing,NO IMPROPER ACTIONS,SIDEWALK,No,SUSPECTED SERIOUS INJURY,MC/BIKE HELMET,39.01551833,-77.07861667,"(39.01551833, -77.07861667)"
MCP3010003X,190029658,Montgomery County Police,Injury Crash,06/21/2019 12:59:00 PM,Maryland (State),ROCKVILLE PIKE,NICHOLSON LA,,N/A,PEDESTRIAN,OTHER,CLEAR,DRY,DAYLIGHT,TRAFFIC SIGNAL,N/A,N/A,7A2F9845-E281-405F-B93B-70C7E1B0E638,PEDESTRIAN,Walking/Riding against Traffic,NO IMPROPER ACTIONS,SIDEWALK,No,SUSPECTED MINOR INJURY,NONE,39.04444,-77.11192667,"(39.04444, -77.11192667)"
MCP2973000N,15048402,MONTGOMERY,Injury Crash,09/24/2015 09:55:00 AM,,,,PARKING LOT OF WEST EXIT OF MCDONALDS AT 13701 CONNECTICUT AVENUE IN ASPEN HILL SHOPPING CENTER,,PEDESTRIAN,STRAIGHT MOVEMENT ANGLE,CLEAR,,DAYLIGHT,NO CONTROLS,NONE DETECTED,NONE DETECTED,F48F0E26-349C-4D42-8D15-2F2D81029446,PEDESTRIAN,Other,NO IMPROPER ACTIONS,OTHER,No,POSSIBLE INJURY,N/A,39.07869155,-77.08052069,"(39.07869155, -77.08052069)"
MCP2723003R,180048829,Montgomery County Police,Injury Crash,09/30/2018 10:20:00 AM,County,BOWIE MILL RD,WICKHAM DR,,N/A,BICYCLIST,OTHER,CLEAR,DRY,DAYLIGHT,TRAFFIC SIGNAL,N/A,N/A,AA52ED37-ED07-4F88-9232-086E398FC9BF,BICYCLIST,Cross/Enter at Intersection,NO IMPROPER ACTIONS,ON ROADWAY AT CROSSWALK,No,SUSPECTED MINOR INJURY,MC/BIKE HELMET,39.15492167,-77.09483333,"(39.15492167, -77.09483333)"
MCP9147000F,15027487,Montgomery County Police,Injury Crash,06/06/2015 10:59:00 PM,,,,PARKING LOT FOR 8541 GEORGIA AVENUE,,BICYCLIST,STRAIGHT MOVEMENT ANGLE,CLEAR,,DARK LIGHTS ON,N/A,NONE DETECTED,NONE DETECTED,104ABB9C-1844-4B80-B1D4-3DD0D6260025,BICYCLIST,Cross/Enter at Intersection,FAILURE TO YIELD RIGHT OF WAY,DRIVEWAY ACCESS MARKED CROSSWALK,,SUSPECTED MINOR INJURY,NONE,38.99615333,-77.02771667,"(38.99615333, -77.02771667)"
MCP2978000T,15058952,MONTGOMERY,Injury Crash,11/18/2015 10:00:00 PM,County,PLATINUM DR,OUTPOST DR,,N/A,PEDESTRIAN,SINGLE VEHICLE,CLEAR,DRY,DARK LIGHTS ON,STOP SIGN,NONE DETECTED,NONE DETECTED,B12627B4-2935-4228-AED2-4B4BAC35E24F,PEDESTRIAN,Cross/Enter at Intersection,FAILURE TO YIELD RIGHT OF WAY,ON ROADWAY NOT AT CROSSWALK,Yes,SUSPECTED MINOR INJURY,NONE,39.09175374,-77.21927136,"(39.09175374, -77.21927136)"
MCP2358000T,15017304,Montgomery County Police,Injury Crash,04/14/2015 02:03:00 PM,,,,parking lot giant food 10400 Old Georgetown Road,,PEDESTRIAN,OTHER,RAINING,,DAYLIGHT,NO CONTROLS,NONE DETECTED,NONE DETECTED,18566ECB-D7A5-476D-B292-4C3E2B68EAB4,PEDESTRIAN,Other,N/A,OTHER,,POSSIBLE INJURY,N/A,39.02616667,-77.12721167,"(39.02616667, -77.12721167)"
DD5620005S,200043351,Rockville Police Departme,Injury Crash,11/03/2020 08:15:00 AM,,,,15215 SHADY GROVE RD PARKING LOT,,PEDESTRIAN,SINGLE VEHICLE,CLEAR,,DAYLIGHT,N/A,NONE DETECTED,NONE DETECTED,ABD63D38-9CED-40A7-B8AA-A114E53D9535,PEDESTRIAN,Other,NO IMPROPER ACTIONS,OTHER,No,SUSPECTED MINOR INJURY,NONE,39.06686833,-77.06137333,"(39.06686833, -77.06137333)"
DD56280044,210014844,Rockville Police Departme,Injury Crash,04/21/2021 12:02:00 PM,,,,DRIVEWAY OF 761 HUNGERFORD DR.,,BICYCLIST,STRAIGHT MOVEMENT ANGLE,CLOUDY,,DAYLIGHT,NO CONTROLS,NONE DETECTED,NONE DETECTED,A88E3760-6C8E-4D82-BE53-272E255BB304,BICYCLIST,Walking/Cycling on Sidewalk,NO IMPROPER ACTIONS,SIDEWALK,No,SUSPECTED MINOR INJURY,NONE,39.09351715,-77.15323946,"(39.09351715, -77.15323946)"
MCP20160014,16036660,Montgomery County Police,Injury Crash,07/20/2016 07:39:00 AM,County,MONTROSE RD,E JEFFERSON ST,,N/A,PEDESTRIAN,OTHER,CLEAR,DRY,DAYLIGHT,TRAFFIC SIGNAL,NONE DETECTED,N/A,0AFEB629-C149-4FD1-90EF-F2E944C57014,PEDESTRIAN,Cross/Enter at Intersection,NO IMPROPER ACTIONS,AT INTERSECTION BUT NO CROSSWALK,No,SUSPECTED MINOR INJURY,N/A,39.05497333,-77.12605833,"(39.05497333, -77.12605833)"
MCP3201000J,190051399,Montgomery County Police,Injury Crash,10/25/2019 09:21:00 PM,Maryland (State),FREDERICK RD,MIDDLEBROOK RD,,N/A,PEDESTRIAN,SINGLE VEHICLE,CLOUDY,DRY,DARK LIGHTS ON,NO CONTROLS,N/A,N/A,F8AD25D1-FE45-426D-B2E9-BD4605B89908,PEDESTRIAN,Other,OTHER,SIDEWALK,Yes,SUSPECTED SERIOUS INJURY,NONE,39.18224333,-77.23828667,"(39.18224333, -77.23828667)"
MCP229800FY,170535645,Montgomery County Police,Injury Crash,10/09/2017 01:52:00 PM,,,,PARKING LOT OF 20906A FREDERICK ROAD,,PEDESTRIAN,OTHER,CLEAR,,DAYLIGHT,NO CONTROLS,NONE DETECTED,NONE DETECTED,6691EB75-8181-4FA7-8D73-2C6DD1F26123,PEDESTRIAN,Other,NO IMPROPER ACTIONS,AT INTERSECTION MARKED CROSSWALK,No,POSSIBLE INJURY,N/A,39.19894667,-77.247715,"(39.19894667, -77.247715)"
MCP14380078,180053132,Montgomery County Police,Injury Crash,10/23/2018 06:55:00 PM,,,,GIANT PARKING LOT (46 BUREAU DRIVE),,PEDESTRIAN,OTHER,CLEAR,,DARK LIGHTS ON,N/A,NONE DETECTED,NONE DETECTED,30AF4104-535B-4ECB-AD0F-58473B73217F,PEDESTRIAN,Other,NOT VISIBLE,ON ROADWAY NOT AT CROSSWALK,Yes,POSSIBLE INJURY,N/A,39.184435,-77.26330167,"(39.184435, -77.26330167)"
MCP2974004F,230009921,Montgomery County Police,Injury Crash,02/28/2023 08:04:00 AM,County,OLD COLUMBIA PIKE,PERRYWOOD DR,,N/A,PEDESTRIAN,OTHER,CLEAR,DRY,DAYLIGHT,YIELD SIGN,UNKNOWN,NONE DETECTED,EBA68E1F-080A-4078-96A4-C5E81541587B,PEDESTRIAN,Cross/Enter at Intersection,NO IMPROPER ACTIONS,ON ROADWAY AT CROSSWALK,No,SUSPECTED MINOR INJURY,NONE,39.09572245,-76.94611098,"(39.09572245, -76.94611098)"
MCP12100052,210050367,Montgomery County Police,Injury Crash,12/11/2021 01:52:00 PM,,,,SHOPPING CENTER AT 480 N. FREDERICK AVE,,PEDESTRIAN,OTHER,CLOUDY,,DAYLIGHT,N/A,NONE DETECTED,NONE DETECTED,3BBE8313-8DAC-4603-A59E-1A8EE8562C1A,PEDESTRIAN,Other,NO IMPROPER ACTIONS,OTHER,No,SUSPECTED MINOR INJURY,NONE,39.14789586,-77.20843342,"(39.14789586, -77.20843342)"
DM8374000R,16027657,Takoma Park Police Depart,Injury Crash,06/02/2016 06:25:00 PM,Maryland (State),ETHAN ALLEN AVE,ELM AVE,,TAKOMA PARK,BICYCLIST,HEAD ON LEFT TURN,CLEAR,DRY,DAYLIGHT,NO CONTROLS,N/A,N/A,493B6BD6-349A-4D8E-B10B-FB9C56F1C5A3,BICYCLIST,Walking/Riding w/Traffic,NO IMPROPER ACTIONS,ON ROADWAY NOT AT CROSSWALK,No,SUSPECTED MINOR INJURY,NONE,38.97596,-76.99699833,"(38.97596, -76.99699833)"
MCP2456001C,16059594,Montgomery County Police,Injury Crash,11/19/2016 11:24:00 AM,Maryland (State),FLOWER AVE,DOMER AVE,,TAKOMA PARK,OTHER,STRAIGHT MOVEMENT ANGLE,CLEAR,DRY,DAYLIGHT,NO CONTROLS,NONE DETECTED,NONE DETECTED,4374D5B2-2324-4E89-AFC2-E6C5CC26809C,OTHER,Other,NO IMPROPER ACTIONS,SIDEWALK,No,NO APPARENT INJURY,N/A,38.99662333,-77.00298667,"(38.99662333, -77.00298667)"
MCP2687001T,17013092,Montgomery County Police,Injury Crash,03/13/2017 01:25:00 PM,County,ARLINGTON RD,ELM ST,,N/A,PEDESTRIAN,OTHER,CLEAR,DRY,DAYLIGHT,PERSON,NONE DETECTED,N/A,052A8017-3943-4F04-8FAB-F9E150923173,PEDESTRIAN,Cross/Enter at Intersection,NO IMPROPER ACTIONS,AT INTERSECTION MARKED CROSSWALK,No,POSSIBLE INJURY,NONE,38.98206798,-77.09851563,"(38.98206798, -77.09851563)"
DM8479001C,220021661,Takoma Park Police Depart,Injury Crash,05/21/2022 10:12:00 AM,,,,PARKING LOT,,PEDESTRIAN,N/A,N/A,,DAYLIGHT,NO CONTROLS,NONE DETECTED,NONE DETECTED,4A07043C-64F7-4703-8B5B-E53C84C844B2,PEDESTRIAN,Other,OTHER,OTHER,Unknown,POSSIBLE INJURY,NONE,38.98664837,-76.98786523,"(38.98664837, -76.98786523)"
MCP25880039,170539144,Montgomery County Police,Injury Crash,10/27/2017 11:54:00 AM,Maryland (State),CONNECTICUT AVE,ASPEN HILL RD,,N/A,PEDESTRIAN,OTHER,CLEAR,DRY,DAYLIGHT,NO CONTROLS,NONE DETECTED,NONE DETECTED,33EF0D58-57E7-464D-A499-C28D89F764AB,PEDESTRIAN,Cross/Enter at Intersection,NO IMPROPER ACTIONS,ON ROADWAY AT CROSSWALK,No,POSSIBLE INJURY,N/A,39.08011,-77.08141333,"(39.08011, -77.08141333)"
MCP94040025,190020070,Montgomery County Police,Injury Crash,04/29/2019 01:30:00 PM,Maryland (State),FREDERICK RD,SHADY GROVE RD,,N/A,PEDESTRIAN,N/A,CLEAR,DRY,DAYLIGHT,N/A,UNKNOWN,NONE DETECTED,2DB89AC2-65C8-43A8-9C92-247ACBC606A1,PEDESTRIAN,Standing,IN ROADWAY IMPROPERLY,ON ROADWAY NOT AT CROSSWALK,Yes,SUSPECTED MINOR INJURY,N/A,39.12147167,-77.17870167,"(39.12147167, -77.17870167)"
MCP2738003G,190057740,Montgomery County Police,Injury Crash,11/30/2019 09:05:00 PM,Maryland (State),NEW HAMPSHIRE AVE,LOCKWOOD DR,,N/A,PEDESTRIAN,OTHER,N/A,DRY,DARK LIGHTS ON,TRAFFIC SIGNAL,N/A,N/A,4B0A3368-C2F7-484C-9A2B-FD2043134A3B,PEDESTRIAN,Cross/Enter at Intersection,UNKNOWN,ON ROADWAY AT CROSSWALK,Unknown,SUSPECTED MINOR INJURY,N/A,39.03976667,-76.9909,"(39.03976667, -76.9909)"
MCP9428003W,210045828,Montgomery County Police,Injury Crash,11/12/2021 07:47:00 AM,County,STRINGTOWN RD,NEEDLE DR,,N/A,PEDESTRIAN,OPPOSITE DIRECTION SIDESWIPE,RAINING,WET,DAYLIGHT,NO CONTROLS,NONE DETECTED,NONE DETECTED,5080FADF-275A-493D-A32E-E7B3E3C94962,PEDESTRIAN,Other,INATTENTIVE,OTHER,Yes,SUSPECTED MINOR INJURY,REFLECTIVE CLOTHING,39.24794561,-77.25990661,"(39.24794561, -77.25990661)"
MCP31260023,200021199,Montgomery County Police,Property Damage Crash,05/28/2020 06:00:00 PM,,SNOWDEN FARM PKWY,SWEET SHRUB DRIVE,,N/A,BICYCLIST,STRAIGHT MOVEMENT ANGLE,CLEAR,DRY,DAYLIGHT,STOP SIGN,UNKNOWN,NONE DETECTED,ADD5A259-B29E-4670-AC35-FE71D05CF2C8,BICYCLIST,Walking/Cycling on Sidewalk,NO IMPROPER ACTIONS,SIDEWALK,No,NO APPARENT INJURY,NONE,39.22899993,-77.25143076,"(39.22899993, -77.25143076)"
MCP3289002F,230020963,Montgomery County Police,Injury Crash,05/02/2023 10:00:00 AM,Maryland (State),NEW HAMPSHIRE AVE,HOLTON LA,,TAKOMA PARK,PEDESTRIAN,SINGLE VEHICLE,CLEAR,DRY,DAYLIGHT,TRAFFIC SIGNAL,NONE DETECTED,NONE DETECTED,09C7F98D-F42D-4EBD-9B13-E02889A2DFBE,PEDESTRIAN,Cross/Enter at Intersection,UNKNOWN,ON ROADWAY AT CROSSWALK,Unknown,SUSPECTED MINOR INJURY,N/A,38.98799061,-76.98782723,"(38.98799061, -76.98782723)"
MCP2722002W,180005330,Montgomery County Police,Injury Crash,01/31/2018 02:27:00 PM,,,,PARKING LOT OF 13517 GEORGIA AVE,,PEDESTRIAN,SINGLE VEHICLE,CLEAR,,DAYLIGHT,NO CONTROLS,N/A,N/A,D9504A53-C6DE-4C49-B4EB-5F63BA41D15A,PEDESTRIAN,Cross/Enter not at Intersection,DART DASH,ON ROADWAY NOT AT CROSSWALK,No,POSSIBLE INJURY,NONE,39.07917167,-77.07151333,"(39.07917167, -77.07151333)"
MCP2717007S,16048948,Montgomery County Police,Injury Crash,09/23/2016 01:20:00 PM,County,WOODMONT AVE,ST ELMO AVE,,N/A,PEDESTRIAN,OTHER,CLEAR,DRY,DAYLIGHT,TRAFFIC SIGNAL,NONE DETECTED,NONE DETECTED,05B55015-AEE9-4565-9BA4-710136E300FE,PEDESTRIAN,Cross/Enter at Intersection,FAILURE TO YIELD RIGHT OF WAY,ON ROADWAY AT CROSSWALK,Yes,SUSPECTED MINOR INJURY,NONE,38.98945167,-77.096755,"(38.98945167, -77.096755)"
MCP3372000X,230026533,Montgomery County Police,Injury Crash,06/02/2023 05:05:00 PM,,,,13677 CONNECTICUT AVENUE SILVER SPRING MD,,PEDESTRIAN,OTHER,CLEAR,,DAYLIGHT,NO CONTROLS,NONE DETECTED,NONE DETECTED,76673102-EA1B-478D-ACA0-66D08C03439D,PEDESTRIAN,Other,NO IMPROPER ACTIONS,OTHER,No,SUSPECTED MINOR INJURY,NONE,39.07865333,-77.07957317,"(39.07865333, -77.07957317)"
MCP2801001Z,170511679,Montgomery County Police,Injury Crash,06/04/2017 02:51:00 AM,County,SILVER SPRING AVE,MAYOR LA,,N/A,PEDESTRIAN,OTHER,CLEAR,DRY,DARK LIGHTS ON,NO CONTROLS,ALCOHOL PRESENT,N/A,E7AB3D13-89C9-4034-8AB3-2D89B3C4D4C6,PEDESTRIAN,N/A,NO IMPROPER ACTIONS,N/A,No,POSSIBLE INJURY,NONE,38.99164581,-77.02596992,"(38.99164581, -77.02596992)"
MCP2853002X,17004972,Montgomery County Police,Injury Crash,01/28/2017 07:09:00 PM,,,,10113 NEW HAMPSHIRE AVE. PARKING LOT,,PEDESTRIAN,N/A,CLEAR,,DARK LIGHTS ON,NO CONTROLS,N/A,N/A,B5AB336A-4500-4E9F-8E76-7344656947FD,PEDESTRIAN,Other,IN ROADWAY IMPROPERLY,ON ROADWAY NOT AT CROSSWALK,Yes,SUSPECTED MINOR INJURY,N/A,39.02111232,-76.97536066,"(39.02111232, -76.97536066)"
MCP1227001S,220056642,Montgomery County Police,Fatal Crash,12/21/2022 02:03:00 PM,County,MUDDY BRANCH RD,KING JAMES WAY,,N/A,PEDESTRIAN,SINGLE VEHICLE,CLEAR,DRY,DAYLIGHT,N/A,NONE DETECTED,NONE DETECTED,B2A41163-BEEF-4625-B4C6-BA9467CE276E,PEDESTRIAN,Cross/Enter at Intersection,FAILURE TO OBEY TRAFFIC SIGNS SIGNALS OR OFFICER,AT INTERSECTION MARKED CROSSWALK,Yes,FATAL INJURY,NONE,39.13657839,-77.20577586,"(39.13657839, -77.20577586)"
HA2388001B,22001757,Maryland-National Capital,Injury Crash,10/06/2022 09:16:00 AM,Government,BEACH DR,STRUC #MPK09 ROCK CREEK,,N/A,PEDESTRIAN,SINGLE VEHICLE,CLEAR,DRY,DAYLIGHT,STOP SIGN,NONE DETECTED,NONE DETECTED,912C81CC-4074-4E3A-B11C-A729C5B0EB6C,PEDESTRIAN,Cross/Enter at Intersection,NO IMPROPER ACTIONS,ON ROADWAY AT CROSSWALK,No,SUSPECTED MINOR INJURY,N/A,39.0222125,-77.10175483,"(39.0222125, -77.10175483)"
DM84780021,230047418,Takoma Park Police Depart,Property Damage Crash,08/01/2023 12:00:00 PM,,,,EXITING THE PARKING LOT OF APARTMENT COMPLEX,,MACHINE OPERATOR/RIDER,SINGLE VEHICLE,CLEAR,,DAYLIGHT,NO CONTROLS,NONE DETECTED,NONE DETECTED,738C7132-5523-41B3-B935-FDD222F512EC,MACHINE OPERATOR/RIDER,Cross/Enter not at Intersection,NO IMPROPER ACTIONS,SIDEWALK,No,NO APPARENT INJURY,UNKNOWN,38.975765,-77.014213,"(38.975765, -77.014213)"
MCP28710034,16031610,Montgomery County Police,Injury Crash,06/22/2016 06:13:00 PM,County,WESTLAKE DR,WESTLAKE TERR,,N/A,BICYCLIST,OTHER,CLEAR,DRY,DAYLIGHT,STOP SIGN,NONE DETECTED,NONE DETECTED,0C80022B-DBBE-4944-B706-83F0F81E2A7F,BICYCLIST,Walking/Cycling on Sidewalk,NO IMPROPER ACTIONS,SIDEWALK,No,SUSPECTED MINOR INJURY,NONE,39.02851,-77.14758667,"(39.02851, -77.14758667)"
MCP3077001L,200024313,Montgomery County Police,Injury Crash,06/21/2020 07:02:00 PM,,,,PARKING LOT OF KITCHEN HOUSE WAY,,PEDESTRIAN,SINGLE VEHICLE,CLEAR,,DAYLIGHT,NO CONTROLS,N/A,N/A,5E0F3BBF-7B9F-436E-B1C0-047E8B6BA8D3,PEDESTRIAN,Playing,NO IMPROPER ACTIONS,CURB,Yes,SUSPECTED MINOR INJURY,N/A,39.15206333,-77.26689667,"(39.15206333, -77.26689667)"
MCP28460026,16039995,Montgomery County Police,Injury Crash,08/07/2016 09:45:00 AM,County,RANDOLPH RD,GEORGIA AVE,,N/A,PEDESTRIAN,SINGLE VEHICLE,CLEAR,DRY,DAYLIGHT,TRAFFIC SIGNAL,NONE DETECTED,NONE DETECTED,7F67E126-A3FD-4CAA-ADD8-CEF13C77ED51,PEDESTRIAN,Cross/Enter at Intersection,NO IMPROPER ACTIONS,ON ROADWAY AT CROSSWALK,No,SUSPECTED MINOR INJURY,NONE,39.05859333,-77.04772833,"(39.05859333, -77.04772833)"
MCP14170076,170505369,Montgomery County Police,Injury Crash,05/02/2017 07:36:00 AM,County,STEDWICK RD,MONTGOMERY VILLAGE AVE,,N/A,BICYCLIST,SINGLE VEHICLE,N/A,DRY,DAYLIGHT,TRAFFIC SIGNAL,NONE DETECTED,NONE DETECTED,38AB2F4E-D93D-4B3E-A6D3-D1B8F7123954,BICYCLIST,Cross/Enter at Intersection,OTHER,ON ROADWAY AT CROSSWALK,No,SUSPECTED MINOR INJURY,NONE,39.1697111,-77.20451251,"(39.1697111, -77.20451251)"
MCP3045000J,170515506,Montgomery County Police,Injury Crash,06/24/2017 06:46:00 AM,Maryland (State),BRADLEY BLVD,EWING DR,,N/A,BICYCLIST,HEAD ON LEFT TURN,CLEAR,WET,DAYLIGHT,NO CONTROLS,NONE DETECTED,NONE DETECTED,A98C05F9-6D3E-4AF1-A1A0-65728F8551E3,BICYCLIST,Cross/Enter at Intersection,N/A,SHARED USE PATH OR TRAILS,No,SUSPECTED SERIOUS INJURY,MC/BIKE HELMET,38.99439758,-77.12325096,"(38.99439758, -77.12325096)"
MCP1575003M,16009252,Montgomery County Police,Injury Crash,02/24/2016 02:59:00 PM,,,,PARKING LOT 1580 ROCKVILLE PIKE,,PEDESTRIAN,SINGLE VEHICLE,RAINING,,DAYLIGHT,NO CONTROLS,NONE DETECTED,NONE DETECTED,18974F40-4452-4387-BAB3-1B93ADA01229,PEDESTRIAN,Other,OTHER,OTHER,No,POSSIBLE INJURY,NONE,39.06457167,-77.12540667,"(39.06457167, -77.12540667)"
MCP11480023,180006406,Montgomery County Police,Injury Crash,01/12/2018 07:00:00 AM,County,WAVERLY ST,EAST WEST HWY (W/B COUPLET),,N/A,PEDESTRIAN,SINGLE VEHICLE,RAINING,WET,DARK LIGHTS ON,TRAFFIC SIGNAL,NONE DETECTED,NONE DETECTED,261C4681-5B7D-4DEA-B513-075167C53861,PEDESTRIAN,Cross/Enter at Intersection,NO IMPROPER ACTIONS,ON ROADWAY AT CROSSWALK,No,SUSPECTED MINOR INJURY,N/A,38.98368833,-77.09304667,"(38.98368833, -77.09304667)"
MCP3184002Y,230014378,Montgomery County Police,Injury Crash,03/24/2023 11:17:00 PM,Maryland (State),UNIVERSITY BLVD E,CARROLL AVE,,N/A,PEDESTRIAN,OTHER,RAINING,WET,UNKNOWN,UNKNOWN,UNKNOWN,ALCOHOL PRESENT,48D4171C-3019-4D2A-9262-BAA2930F18AC,PEDESTRIAN,Unknown,UNKNOWN,UNKNOWN,Unknown,SUSPECTED MINOR INJURY,UNKNOWN,38.99420635,-76.9925921,"(38.99420635, -76.9925921)"
MCP1227001Q,220046432,Montgomery County Police,Fatal Crash,10/22/2022 08:42:00 PM,County,MIDCOUNTY HWY,MILLER FALL RD,,N/A,PEDESTRIAN,SINGLE VEHICLE,CLEAR,DRY,DARK LIGHTS ON,NO CONTROLS,NONE DETECTED,ALCOHOL CONTRIBUTED,2E57EF8B-0C02-429D-AF23-902D2A093BE5,PEDESTRIAN,Other,UNKNOWN,ON ROADWAY NOT AT CROSSWALK,Yes,FATAL INJURY,N/A,39.14332532,-77.15997388,"(39.14332532, -77.15997388)"
MCP271700RC,19005871,Montgomery County Police,Injury Crash,12/05/2019 06:17:00 PM,County,TRAVILAH RD,MOLECULAR DR,,N/A,PEDESTRIAN,SINGLE VEHICLE,CLEAR,DRY,DARK LIGHTS ON,NO CONTROLS,NONE DETECTED,NONE DETECTED,05A1580D-F8A4-4C7C-B1AA-2BC3C72379E3,PEDESTRIAN,Cross/Enter not at Intersection,IN ROADWAY IMPROPERLY,ON ROADWAY NOT AT CROSSWALK,Yes,SUSPECTED SERIOUS INJURY,NONE,39.09233867,-77.21042967,"(39.09233867, -77.21042967)"
MCP2399002F,190011319,Montgomery County Police,Injury Crash,03/11/2019 07:55:00 PM,County,QUAIL VALLEY BLVD,SANDPIPER LA,,N/A,PEDESTRIAN,SINGLE VEHICLE,CLEAR,DRY,UNKNOWN,N/A,NONE DETECTED,NONE DETECTED,C2A6B53C-57A4-4328-8E76-5587C653367D,PEDESTRIAN,Cross/Enter at Intersection,UNKNOWN,AT INTERSECTION MARKED CROSSWALK,Yes,SUSPECTED MINOR INJURY,NONE,39.16097333,-77.18926167,"(39.16097333, -77.18926167)"
MCP13340027,15016083,Montgomery County Police,Injury Crash,04/07/2015 03:53:00 PM,County,LOST KNIFE RD,CONTOUR RD,,N/A,OTHER,SINGLE VEHICLE,CLOUDY,DRY,DAYLIGHT,N/A,NONE DETECTED,NONE DETECTED,08E06C38-3BF7-4F0E-82DB-8D2DCEB6C581,OTHER,Standing,NO IMPROPER ACTIONS,CURB,,SUSPECTED MINOR INJURY,N/A,39.15427462,-77.2002089,"(39.15427462, -77.2002089)"