Report Number,Local Case Number,Agency Name,ACRS Report Type,Crash Date/Time,Route Type,Road Name,Cross-Street Name,Off-Road Description,Municipality,Related Non-Motorist,Collision Type,Weather,Surface Condition,Light,Traffic Control,Driver Substance Abuse,Non-Motorist Substance Abuse,Person ID,Pedestrian Type,Pedestrian Movement,Pedestrian Actions,Pedestrian Location,At Fault,Injury Severity,Safety Equipment,Latitude,Longitude,Location
MCP2260001R,170518519,Montgomery County Police,Injury Crash,07/11/2017 06:16:00 AM,,,,SIDEWALK /DRIVEWAY OF 1911 ROCKVILLE PIKE,,PEDESTRIAN,OTHER,CLEAR,,DAYLIGHT,N/A,N/A,NONE DETECTED,9634C539-D7A4-44BC-8963-E0B0C0638C26,PEDESTRIAN,N/A,NO IMPROPER ACTIONS,OTHER,No,POSSIBLE INJURY,NONE,39.058555,-77.12148167,"(39.058555, -77.12148167)"
MCP3139000F,180028408,Montgomery County Police,Injury Crash,06/08/2018 09:26:00 PM,Maryland (State),UNIVERSITY BLVD E,EXIT #29,,N/A,"BICYCLIST, OTHER",OTHER,CLEAR,N/A,DARK LIGHTS ON,TRAFFIC SIGNAL,N/A,NONE DETECTED,E38F9559-AD82-47D6-AD57-C9050C344C21,OTHER,Cross/Enter at Intersection,UNKNOWN,ON ROADWAY AT CROSSWALK,Yes,POSSIBLE INJURY,MC/BIKE HELMET,39.01608167,-77.00529833,"(39.01608167, -77.00529833)"
MCP3051004S,210046678,Montgomery County Police,Injury Crash,11/17/2021 02:15:00 PM,County,RIDGEFIELD RD,WESTBARD AVE,,N/A,PEDESTRIAN,OTHER,CLEAR,DRY,DAYLIGHT,OTHER,NONE DETECTED,NONE DETECTED,45D7EEF5-3903-43BA-859B-8F0D79C80159,PEDESTRIAN,Cross/Enter at Intersection,UNKNOWN,ON ROADWAY AT CROSSWALK,Unknown,SUSPECTED MINOR INJURY,NONE,38.96588667,-77.10745,"(38.96588667, -77.10745)"
MCP12050019,15040145,MONTGOMERY,Injury Crash,08/12/2015 10:16:00 AM,County,GLENDALE RD,CYPRESS PL,,N/A,PEDESTRIAN,OTHER,CLEAR,DRY,DAYLIGHT,OTHER,NONE DETECTED,NONE DETECTED,4C88D1C4-E536-409A-A89C-45E5B3F07085,PEDESTRIAN,Other Working,NO IMPROPER ACTIONS,ON ROADWAY NOT AT CROSSWALK,No,SUSPECTED MINOR INJURY,REFLECTIVE CLOTHING,38.99092866,-77.0732975,"(38.99092866, -77.0732975)"
MCP30570008,170524769,Montgomery County Police,Property Damage Crash,08/14/2017 01:21:00 AM,,,,"WALMART PARKING LOT: 20910 FREDERICK RD., GERMANTOWN, MD",,PEDESTRIAN,OTHER,CLOUDY,,N/A,N/A,N/A,NONE DETECTED,1E383E5C-C7F5-48A4-95E9-175417221ADE,PEDESTRIAN,Other,NO IMPROPER ACTIONS,OTHER,No,NO APPARENT INJURY,N/A,39.19854624,-77.25206137,"(39.19854624, -77.25206137)"
MCP3019001G,170548188,Montgomery County Police,Injury Crash,12/12/2017 05:18:00 PM,Maryland (State),BROOKVILLE RD,E BRADLEY LA,,MATINS ADDITION,PEDESTRIAN,N/A,N/A,N/A,DARK -- UNKNOWN LIGHTING,NO CONTROLS,NONE DETECTED,NONE DETECTED,F4C6C84C-C181-46A8-8163-A5ADECE9C667,PEDESTRIAN,Cross/Enter at Intersection,N/A,AT INTERSECTION BUT NO CROSSWALK,No,POSSIBLE INJURY,NONE,38.97672333,-77.071595,"(38.97672333, -77.071595)"
MCP2923003G,170530269,Montgomery County Police,Injury Crash,09/13/2017 06:27:00 AM,County,ARCOLA AVE,NAIRN RD,,N/A,PEDESTRIAN,OTHER,RAINING,WET,DAWN,N/A,NONE DETECTED,NONE DETECTED,C6C980DA-C4D4-4D50-8320-84ACF62662AF,PEDESTRIAN,Cross/Enter at Intersection,NO IMPROPER ACTIONS,ON ROADWAY AT CROSSWALK,No,SUSPECTED SERIOUS INJURY,NONE,39.04690833,-77.04253167,"(39.04690833, -77.04253167)"
MCP9130003X,170532174,Montgomery County Police,Injury Crash,09/22/2017 02:37:00 PM,Maryland (State),PINEY BRANCH RD,SLIGO CREEK PKWY,,N/A,BICYCLIST,SINGLE VEHICLE,CLOUDY,DRY,DAYLIGHT,NO CONTROLS,NONE DETECTED,NONE DETECTED,68F1422D-6A6D-44F5-BDE2-77EE25A2F9A0,BICYCLIST,Cross/Enter at Intersection,NO IMPROPER ACTIONS,ON ROADWAY AT CROSSWALK,No,POSSIBLE INJURY,MC/BIKE HELMET,38.99545667,-77.00654167,"(38.99545667, -77.00654167)"
MCP2952005H,170551030,Montgomery County Police,Injury Crash,12/28/2017 11:25:00 AM,County,FENTON ST,SILVER SPRING AVE,,N/A,PEDESTRIAN,OTHER,CLEAR,DRY,DAYLIGHT,NO CONTROLS,NONE DETECTED,NONE DETECTED,B7AB03EB-C456-4C50-A174-7F4706B6A96A,PEDESTRIAN,Cross/Enter not at Intersection,IN ROADWAY IMPROPERLY,ON ROADWAY NOT AT CROSSWALK,Yes,POSSIBLE INJURY,NONE,38.99180667,-77.02403,"(38.99180667, -77.02403)"
MCP24460024,16042471,Montgomery County Police,Injury Crash,08/21/2016 03:21:00 PM,,,,IN FRONT OF 19603 CRYSTAL ROCK DR.,,BICYCLIST,STRAIGHT MOVEMENT ANGLE,CLEAR,,DAYLIGHT,NO CONTROLS,NONE DETECTED,NONE DETECTED,CBC79EDA-C7CD-4FD5-8DE4-F64B83347980,BICYCLIST,Playing,FAILURE TO YIELD RIGHT OF WAY,ON ROADWAY NOT AT CROSSWALK,Yes,SUSPECTED MINOR INJURY,UNKNOWN,39.178009,-77.259878,"(39.178009, -77.259878)"
MCP137800QY,190028479,Montgomery County Police,Injury Crash,06/14/2019 05:33:00 PM,County,EAST VILLAGE AVE,ASQUITH WAY,,N/A,BICYCLIST,STRAIGHT MOVEMENT ANGLE,CLEAR,DRY,DAYLIGHT,STOP SIGN,NONE DETECTED,NONE DETECTED,BED695AC-9FE4-404F-9D57-FC87A6228335,BICYCLIST,Cross/Enter at Intersection,NO IMPROPER ACTIONS,ON ROADWAY NOT AT CROSSWALK,No,SUSPECTED MINOR INJURY,MC/BIKE HELMET,39.19168333,-77.15479,"(39.19168333, -77.15479)"
MCP28480019,15037263,MONTGOMERY,Injury Crash,07/28/2015 10:54:00 AM,County,OSCEOLA RD,OSCEOLA CT,,N/A,PEDESTRIAN,OTHER,CLEAR,DRY,DAYLIGHT,NO CONTROLS,NONE DETECTED,NONE DETECTED,4DDEE032-C0BA-4946-B98E-5C07C433D5FB,PEDESTRIAN,Getting off/on Vehicle,ENTERING EXITING PARKED STANDING VEHICLE,ON ROADWAY NOT AT CROSSWALK,Yes,POSSIBLE INJURY,REFLECTIVE CLOTHING,38.96401833,-77.11839833,"(38.96401833, -77.11839833)"
MCP3238002K,230048389,Montgomery County Police,Property Damage Crash,08/08/2023 12:43:00 PM,Maryland (State),COLESVILLE RD,GEORGIA AVE,,N/A,PEDESTRIAN,N/A,CLEAR,DRY,DAYLIGHT,NO CONTROLS,NONE DETECTED,NONE DETECTED,981FD729-F895-4369-89F5-D80C09A2D8FE,PEDESTRIAN,Other,OTHER,SIDEWALK,No,NO APPARENT INJURY,NONE,38.99574233,-77.02836717,"(38.99574233, -77.02836717)"
MCP2977001F,16019630,Montgomery County Police,Injury Crash,04/21/2016 02:06:00 PM,,,,PARKING LOT OF CENTRAL SQUARE SHOPPING CENTER 8555 PINEY BRANCH RD,,PEDESTRIAN,SINGLE VEHICLE,CLEAR,,DAYLIGHT,NO CONTROLS,N/A,N/A,414196DE-D091-4D9A-ABF8-FC2755E7C782,PEDESTRIAN,Other,NO IMPROPER ACTIONS,OTHER,No,POSSIBLE INJURY,N/A,38.99818942,-77.00109109,"(38.99818942, -77.00109109)"
MCP3351000T,230023179,Montgomery County Police,Injury Crash,05/14/2023 09:26:00 PM,US (State),GEORGIA AVE,WAYNE AVE,,N/A,PEDESTRIAN,SINGLE VEHICLE,CLEAR,DRY,DARK LIGHTS ON,TRAFFIC SIGNAL,NONE DETECTED,ALCOHOL PRESENT,30848C30-B68D-4AEB-B5F3-C59BF82822EA,PEDESTRIAN,Cross/Enter at Intersection,FAILURE TO OBEY TRAFFIC SIGNS SIGNALS OR OFFICER,AT INTERSECTION MARKED CROSSWALK,Yes,SUSPECTED SERIOUS INJURY,N/A,38.99401167,-77.02675167,"(38.99401167, -77.02675167)"
MCP29400069,230003845,Montgomery County Police,Injury Crash,01/24/2023 07:58:00 AM,Maryland (State),BRADLEY BLVD,EWING DR,,N/A,OTHER,OTHER,CLEAR,DRY,DAYLIGHT,PERSON,NONE DETECTED,NONE DETECTED,DCF0C79D-BA8D-45CE-81C5-9D4C304FD566,OTHER,Standing,NO IMPROPER ACTIONS,AT INTERSECTION BUT NO CROSSWALK,No,SUSPECTED MINOR INJURY,REFLECTIVE CLOTHING,38.99493133,-77.12397233,"(38.99493133, -77.12397233)"
MCP31920036,220043914,Montgomery County Police,Injury Crash,10/07/2022 06:17:00 PM,Maryland (State),UNIVERSITY BLVD W,FERN ST,,N/A,PEDESTRIAN,SINGLE VEHICLE,CLEAR,DRY,DUSK,N/A,NONE DETECTED,NONE DETECTED,9BE05857-0836-4638-A14A-2197279FBFD9,PEDESTRIAN,Cross/Enter at Intersection,IN ROADWAY IMPROPERLY,ON ROADWAY NOT AT CROSSWALK,Yes,POSSIBLE INJURY,NONE,39.04149467,-77.05098383,"(39.04149467, -77.05098383)"
MCP229800K3,180040231,Montgomery County Police,Injury Crash,08/13/2018 02:45:00 PM,County,WARING STATION RD,WINDING CREEK WAY,,N/A,PEDESTRIAN,OTHER,CLOUDY,DRY,DAYLIGHT,N/A,NONE DETECTED,NONE DETECTED,75231928-DCAD-406F-8F18-71751E3975D9,PEDESTRIAN,Other,DART DASH,OUTSIDE RIGHT OF WAY,Yes,POSSIBLE INJURY,N/A,39.16323667,-77.24913167,"(39.16323667, -77.24913167)"
MCP32270012,200023436,Montgomery County Police,Property Damage Crash,06/15/2020 11:30:00 AM,Maryland (State),PINEY BRANCH RD,NO NAME,,N/A,OTHER,SINGLE VEHICLE,CLEAR,DRY,DAYLIGHT,NO CONTROLS,NONE DETECTED,NONE DETECTED,597089A1-4692-48E9-B56D-227D221CBF8D,OTHER,N/A,NO IMPROPER ACTIONS,INSIDE BUILDING,No,NO APPARENT INJURY,N/A,39.00129294,-76.9853046,"(39.00129294, -76.9853046)"
MCP3034003M,190035794,Montgomery County Police,Injury Crash,07/27/2019 02:10:00 PM,County,MACARTHUR BLVD,FALLS RD,,N/A,BICYCLIST,STRAIGHT MOVEMENT ANGLE,CLEAR,DRY,DAYLIGHT,NO CONTROLS,NONE DETECTED,NONE DETECTED,304D99B2-69BB-4FB6-BA00-AF9642B4EEC5,BICYCLIST,Cross/Enter at Intersection,FAILURE TO YIELD RIGHT OF WAY,ON ROADWAY NOT AT CROSSWALK,Yes,SUSPECTED MINOR INJURY,MC/BIKE HELMET,38.99624167,-77.23095833,"(38.99624167, -77.23095833)"
MCP2875001B,15049628,MONTGOMERY,Injury Crash,09/30/2015 09:23:00 PM,Maryland (State),GREAT SENECA HWY,CLOPPER RD,,N/A,PEDESTRIAN,N/A,CLEAR,DRY,DARK LIGHTS ON,TRAFFIC SIGNAL,NONE DETECTED,NONE DETECTED,4AA2C102-88BB-42CE-A0DE-5627890453CE,PEDESTRIAN,Cross/Enter at Intersection,NO IMPROPER ACTIONS,AT INTERSECTION MARKED CROSSWALK,No,SUSPECTED MINOR INJURY,NONE,39.15913167,-77.27525167,"(39.15913167, -77.27525167)"
MCP2077002P,180054320,Montgomery County Police,Injury Crash,10/31/2018 07:10:00 AM,Maryland (State),GEORGIA AVE,SHOREFIELD RD,,N/A,PEDESTRIAN,OTHER,CLEAR,DRY,DARK -- UNKNOWN LIGHTING,TRAFFIC SIGNAL,UNKNOWN,NONE DETECTED,004C011E-36AB-4E25-BD8D-1ADE34C09A51,PEDESTRIAN,Cross/Enter at Intersection,UNKNOWN,ON ROADWAY AT CROSSWALK,Unknown,SUSPECTED MINOR INJURY,NONE,39.053,-77.051,"(39.053, -77.051)"
MCP2797002L,200041075,Montgomery County Police,Property Damage Crash,10/18/2020 08:00:00 AM,County,BLOOMFIELD RD,ROLLING ACRES WAY,,N/A,OTHER,SINGLE VEHICLE,CLEAR,DRY,DAYLIGHT,NO CONTROLS,UNKNOWN,N/A,BABC3557-D50E-4ECA-9B66-0F3FF03A6FF0,OTHER,N/A,N/A,INSIDE BUILDING,No,NO APPARENT INJURY,N/A,39.16272801,-77.07300587,"(39.16272801, -77.07300587)"
MCP29630023,200014925,Montgomery County Police,Injury Crash,04/03/2020 06:11:00 PM,County,ROTHBURY DR,ARROWHEAD RD,,N/A,PEDESTRIAN,SINGLE VEHICLE,CLEAR,DRY,DAYLIGHT,STOP SIGN,NONE DETECTED,NONE DETECTED,6ED92AC6-708D-4598-AC49-3D2EC6305F75,PEDESTRIAN,Cross/Enter at Intersection,NO IMPROPER ACTIONS,AT INTERSECTION MARKED CROSSWALK,No,POSSIBLE INJURY,NONE,39.18522333,-77.19406,"(39.18522333, -77.19406)"
MCP1550002B,16044387,Montgomery County Police,Injury Crash,08/31/2016 07:30:00 AM,County,ROCK SPRING DR,OLD GEORGETOWN RD,,N/A,BICYCLIST,OTHER,CLEAR,DRY,DAYLIGHT,NO CONTROLS,NONE DETECTED,NONE DETECTED,4794EEFE-FAEF-40BC-9940-D0CC8F984239,BICYCLIST,Other,NO IMPROPER ACTIONS,OTHER,Yes,SUSPECTED MINOR INJURY,UNKNOWN,38.98124,-77.12732833,"(38.98124, -77.12732833)"
MCP209400JZ,220024162,Montgomery County Police,Injury Crash,06/06/2022 08:27:00 AM,Maryland (State),WISCONSIN AVE,STANFORD ST,,N/A,PEDESTRIAN,OTHER,CLEAR,DRY,DAYLIGHT,TRAFFIC SIGNAL,NONE DETECTED,NONE DETECTED,C61A46CC-C815-41B8-85A5-459D2225C7DB,PEDESTRIAN,Cross/Enter at Intersection,NO IMPROPER ACTIONS,ON ROADWAY AT CROSSWALK,No,POSSIBLE INJURY,N/A,38.97849333,-77.09124833,"(38.97849333, -77.09124833)"
MCP27650033,16055963,Montgomery County Police,Injury Crash,10/30/2016 07:20:00 PM,County,REACH RD,CANFIELD RD,,N/A,PEDESTRIAN,OTHER,CLEAR,WET,DARK LIGHTS ON,NO CONTROLS,ALCOHOL CONTRIBUTED,NONE DETECTED,046C527D-A352-4ECD-BFF0-68C070F544D1,PEDESTRIAN,Standing,NO IMPROPER ACTIONS,ON ROADWAY NOT AT CROSSWALK,No,POSSIBLE INJURY,NONE,39.05289319,-77.19191283,"(39.05289319, -77.19191283)"
MCP2885002V,180051502,Montgomery County Police,Injury Crash,10/14/2018 09:40:00 PM,,,,"1121 UNIVERSITY BLVD W SILVER SPRING MD
IN PARKING LOT IN FRONT OF MAIN ENTRANCE",,PEDESTRIAN,OTHER,CLEAR,,DARK LIGHTS ON,NO CONTROLS,UNKNOWN,NONE DETECTED,179740E6-13A5-4005-8B47-99AC86A46E0E,PEDESTRIAN,Standing,NO IMPROPER ACTIONS,OTHER,No,SUSPECTED MINOR INJURY,NONE,39.03841,-77.02874,"(39.03841, -77.02874)"
MCP1227001X,230024315,Montgomery County Police,Fatal Crash,05/21/2023 05:04:00 AM,Maryland (State),VEIRS MILL RD,NEWPORT MILL RD,,N/A,PEDESTRIAN,SINGLE VEHICLE,CLEAR,DRY,DARK LIGHTS ON,NO CONTROLS,NONE DETECTED,ALCOHOL PRESENT,23ABB53F-ECF6-4531-8CCE-AB0EC5C3855A,PEDESTRIAN,Unknown,IN ROADWAY IMPROPERLY,ON ROADWAY NOT AT CROSSWALK,Yes,FATAL INJURY,N/A,39.0451582,-77.06532903,"(39.0451582, -77.06532903)"
MCP3196000X,190052654,Montgomery County Police,Injury Crash,11/01/2019 04:00:00 PM,County,DAIRYMAID DR,GREAT SENECA HWY,,N/A,PEDESTRIAN,SINGLE VEHICLE,CLEAR,DRY,DAYLIGHT,UNKNOWN,NONE DETECTED,NONE DETECTED,AE09B95F-3A2B-40D2-AA46-182B9EFF3CB1,PEDESTRIAN,Cross/Enter at Intersection,NO IMPROPER ACTIONS,ON ROADWAY AT CROSSWALK,No,SUSPECTED MINOR INJURY,N/A,39.183935,-77.26359,"(39.183935, -77.26359)"
MCP9130003B,170515983,Montgomery County Police,Injury Crash,06/27/2017 10:43:00 AM,County,WAYNE AVE,FENTON ST,,N/A,PEDESTRIAN,SINGLE VEHICLE,CLEAR,DRY,N/A,N/A,NONE DETECTED,NONE DETECTED,54C76958-DF93-4C07-972A-59493E15DD81,PEDESTRIAN,Cross/Enter not at Intersection,IN ROADWAY IMPROPERLY,ON ROADWAY NOT AT CROSSWALK,Yes,SUSPECTED SERIOUS INJURY,NONE,38.99495626,-77.02523232,"(38.99495626, -77.02523232)"
MCP2339008N,230055954,Montgomery County Police,Property Damage Crash,09/20/2023 03:12:00 PM,,,,PARKING LOT IN FRONT OF 12087 ROCKVILLE PIK,,OTHER,UNKNOWN,CLEAR,,DAYLIGHT,NO CONTROLS,UNKNOWN,N/A,AFD28F6D-B273-4462-959C-5E85975898F3,OTHER,N/A,OTHER,OTHER,No,NO APPARENT INJURY,N/A,39.05635317,-77.11748383,"(39.05635317, -77.11748383)"
MCP3233000X,200027461,Montgomery County Police,Injury Crash,07/15/2020 12:29:00 PM,County,FENTON ST,SLIGO AVE,,N/A,PEDESTRIAN,OTHER,CLEAR,DRY,DAYLIGHT,NO CONTROLS,NONE DETECTED,NONE DETECTED,C1DF79E4-2651-407A-BD68-C245507074AA,PEDESTRIAN,Other Working,OTHER,CURB,No,SUSPECTED MINOR INJURY,NONE,38.9974805,-77.109644,"(38.9974805, -77.109644)"
MCP9422000X,170549438,Montgomery County Police,Injury Crash,12/19/2017 08:40:00 AM,County,ROBEY RD,BRIGGS CHANEY RD,,N/A,PEDESTRIAN,SINGLE VEHICLE,CLEAR,DRY,DAYLIGHT,STOP SIGN,NONE DETECTED,NONE DETECTED,B497AD2F-FD8D-421E-B949-944BEAA903EB,PEDESTRIAN,Cross/Enter at Intersection,NO IMPROPER ACTIONS,AT INTERSECTION MARKED CROSSWALK,No,SUSPECTED SERIOUS INJURY,N/A,39.079325,-76.94485667,"(39.079325, -76.94485667)"
MCP3007002F,170535765,Montgomery County Police,Injury Crash,10/10/2017 08:15:00 AM,County,BEL PRE RD,GEORGIA AVE,,N/A,PEDESTRIAN,SINGLE VEHICLE,N/A,DRY,DAYLIGHT,N/A,N/A,N/A,00F23021-79CB-4733-A375-A2D832DE66C1,PEDESTRIAN,Cross/Enter not at Intersection,DART DASH,ON ROADWAY NOT AT CROSSWALK,Yes,SUSPECTED MINOR INJURY,NONE,39.09347325,-77.07867265,"(39.09347325, -77.07867265)"
MCP2894005H,190006431,Montgomery County Police,Injury Crash,02/09/2019 02:07:00 PM,,,,"4816 BOILING BROOK PKWY, GOODWILL PARKING LOT",,PEDESTRIAN,SAME DIR REAR END,CLEAR,,DAYLIGHT,NO CONTROLS,,NONE DETECTED,26C440B4-284A-4244-A00D-BEB01487AB64,PEDESTRIAN,Other,NO IMPROPER ACTIONS,OTHER,No,POSSIBLE INJURY,N/A,39.04524333,-77.11300833,"(39.04524333, -77.11300833)"
MCP2881001H,16038682,Montgomery County Police,Injury Crash,07/31/2016 06:20:00 AM,,,,"IFO 27 PICKERING CT, GERMANTOWN MD",,PEDESTRIAN,OTHER,N/A,,DAYLIGHT,NO CONTROLS,N/A,N/A,26793BCC-D4C5-46E8-8DC7-29BD2BD01196,PEDESTRIAN,Other,NO IMPROPER ACTIONS,OTHER,No,POSSIBLE INJURY,NONE,39.18234833,-77.24242333,"(39.18234833, -77.24242333)"
MCP3070001C,200002541,Montgomery County Police,Injury Crash,01/15/2020 05:38:00 PM,,,,PL OF 4301 WILLOW LN,,PEDESTRIAN,SINGLE VEHICLE,CLEAR,,DARK LIGHTS ON,NO CONTROLS,N/A,N/A,536D277C-E62F-46EA-864E-D0D2DA80F26E,PEDESTRIAN,Playing,INATTENTIVE,OTHER,No,SUSPECTED MINOR INJURY,NONE,38.98265833,-77.087775,"(38.98265833, -77.087775)"
MCP2348002M,170511431,Montgomery County Police,Injury Crash,06/02/2017 08:22:00 PM,County,AMHERST AVE,BLUERIDGE AVE,,N/A,PEDESTRIAN,SINGLE VEHICLE,CLEAR,DRY,DAYLIGHT,N/A,NONE DETECTED,NONE DETECTED,3B8E2A1B-7404-4227-9B1E-7790834F48F9,PEDESTRIAN,Cross/Enter at Intersection,NO IMPROPER ACTIONS,ON ROADWAY AT CROSSWALK,No,SUSPECTED MINOR INJURY,N/A,39.04333616,-77.0478715,"(39.04333616, -77.0478715)"
MCP2298006W,15057385,MONTGOMERY,Injury Crash,11/10/2015 05:26:00 PM,County,FATHER HURLEY BLVD,HOPKINS RD,,N/A,PEDESTRIAN,OTHER,SEVERE WINDS,WET,DUSK,TRAFFIC SIGNAL,NONE DETECTED,NONE DETECTED,6B82E6C9-C3A2-4E42-833A-07F8D101064C,PEDESTRIAN,Cross/Enter at Intersection,FAILURE TO OBEY TRAFFIC SIGNS SIGNALS OR OFFICER,AT INTERSECTION MARKED CROSSWALK,Yes,SUSPECTED MINOR INJURY,NONE,39.16919019,-77.28293896,"(39.16919019, -77.28293896)"
MCP2959003X,180008331,Montgomery County Police,Injury Crash,02/17/2018 05:59:00 AM,,,,DRIVEWAY OF 2305 SHOREFIELD ROAD,,PEDESTRIAN,STRAIGHT MOVEMENT ANGLE,CLEAR,,DARK LIGHTS ON,NO CONTROLS,NONE DETECTED,NONE DETECTED,504C9C76-F58B-4874-8B64-52E4C2AAB74A,PEDESTRIAN,Walking/Cycling on Sidewalk,NO IMPROPER ACTIONS,SIDEWALK,No,POSSIBLE INJURY,NONE,39.05302858,-77.05005616,"(39.05302858, -77.05005616)"
MCP2770000S,15057404,MONTGOMERY,Injury Crash,11/10/2015 03:30:00 PM,,,,"Parking lot area of 10011 Stedwick Road, between the Capitol One bank and US Post Office.",,BICYCLIST,HEAD ON LEFT TURN,RAINING,,DAYLIGHT,NO CONTROLS,UNKNOWN,NONE DETECTED,6ECA0951-31A1-485C-B89C-30E2956D50D3,BICYCLIST,Walking/Riding w/Traffic,UNKNOWN,OTHER,Unknown,SUSPECTED MINOR INJURY,NONE,39.17091198,-77.20771909,"(39.17091198, -77.20771909)"
MCP3347000S,230029162,Montgomery County Police,Injury Crash,06/17/2023 03:38:00 PM,Maryland (State),MASSACHUSETTS AVE,WYNNWOOD RD,,N/A,PEDESTRIAN,OTHER,CLEAR,DRY,DAYLIGHT,NO CONTROLS,NONE DETECTED,NONE DETECTED,21FE0951-0184-4052-A265-A99360511AB1,PEDESTRIAN,Cross/Enter at Intersection,DART DASH,AT INTERSECTION BUT NO CROSSWALK,Yes,SUSPECTED SERIOUS INJURY,NONE,38.96671672,-77.12549103,"(38.96671672, -77.12549103)"
MCP2846007Z,220021835,Montgomery County Police,Injury Crash,05/22/2022 03:15:00 PM,Maryland (State),GEORGIA AVE,BLUERIDGE AVE,,N/A,PEDESTRIAN,HEAD ON LEFT TURN,CLEAR,DRY,DAYLIGHT,PERSON,NONE DETECTED,NONE DETECTED,FD5A2B0A-B979-462B-9CE5-65E66341CC64,PEDESTRIAN,Cross/Enter at Intersection,NO IMPROPER ACTIONS,ON ROADWAY AT CROSSWALK,No,POSSIBLE INJURY,N/A,39.04295333,-77.05214333,"(39.04295333, -77.05214333)"
MCP9318002D,220038727,Montgomery County Police,Injury Crash,09/06/2022 07:01:00 PM,Maryland (State),NEW HAMPSHIRE AVE,POWDER MILL RD,,N/A,PEDESTRIAN,OTHER,CLEAR,DRY,DUSK,NO CONTROLS,NONE DETECTED,NONE DETECTED,0597D638-5FEA-49E3-81E2-0FE035E1F9E0,PEDESTRIAN,Cross/Enter not at Intersection,IN ROADWAY IMPROPERLY,ON ROADWAY NOT AT CROSSWALK,Yes,SUSPECTED SERIOUS INJURY,N/A,39.019625,-77.00803833,"(39.019625, -77.00803833)"
MCP3153003N,220004279,Montgomery County Police,Injury Crash,02/01/2022 08:45:00 AM,Maryland (State),CONNECTICUT AVE,CONNECTICUT AVE (AHEAD),,N/A,PEDESTRIAN,STRAIGHT MOVEMENT ANGLE,CLEAR,DRY,DAYLIGHT,OTHER,NONE DETECTED,NONE DETECTED,1DAFBABA-3747-4D57-BF9A-42AF0383923A,PEDESTRIAN,Cross/Enter at Intersection,NO IMPROPER ACTIONS,AT INTERSECTION MARKED CROSSWALK,No,SUSPECTED SERIOUS INJURY,NONE,39.094905,-77.06913833,"(39.094905, -77.06913833)"
EJ78750021,210029,Gaithersburg Police Depar,Property Damage Crash,07/31/2021 09:03:00 PM,Maryland (State),GREAT SENECA HWY,LAKELANDS DR,,GAITHERSBURG,PEDESTRIAN,OTHER,CLEAR,DRY,DARK LIGHTS ON,N/A,N/A,N/A,FE010DED-0A0D-4619-BFD2-0898BD241066,PEDESTRIAN,Other,IN ROADWAY IMPROPERLY,OTHER,Yes,NO APPARENT INJURY,N/A,39.12208107,-77.22855244,"(39.12208107, -77.22855244)"
MCP0704000P,16014748,MONTGOMERY,Injury Crash,03/25/2016 05:04:00 PM,County,WAVERLY ST,MONTGOMERY AVE,,N/A,PEDESTRIAN,SINGLE VEHICLE,CLEAR,DRY,DAYLIGHT,TRAFFIC SIGNAL,NONE DETECTED,NONE DETECTED,D7BB9408-34FB-4200-909B-81691383A704,PEDESTRIAN,Cross/Enter at Intersection,NO IMPROPER ACTIONS,ON ROADWAY AT CROSSWALK,No,SUSPECTED MINOR INJURY,N/A,38.98379833,-77.093055,"(38.98379833, -77.093055)"
MCP2395001R,200046482,Montgomery County Police,Injury Crash,11/24/2020 08:36:00 PM,County,WHITES FERRY RD,WASCHE RD,,N/A,OTHER,SINGLE VEHICLE,CLOUDY,DRY,DARK NO LIGHTS,NO CONTROLS,ALCOHOL CONTRIBUTED,N/A,9CEE7789-68B5-4B48-A256-4A94061C6703,OTHER,N/A,N/A,N/A,No,NO APPARENT INJURY,N/A,39.153692,-77.44087883,"(39.153692, -77.44087883)"
MCP27220038,190034540,Montgomery County Police,Injury Crash,07/20/2019 04:20:00 PM,,,,PARKING LOT OF 3004 HEWITT AVE,,PEDESTRIAN,OTHER,CLEAR,,DAYLIGHT,NO CONTROLS,N/A,N/A,30EF4F78-8138-47AA-8F1D-1B2F31019F22,PEDESTRIAN,Standing,NO IMPROPER ACTIONS,OTHER,No,SUSPECTED MINOR INJURY,NONE,39.07951167,-77.06167667,"(39.07951167, -77.06167667)"
MCP2351004M,220033249,Montgomery County Police,Injury Crash,08/03/2022 06:44:00 AM,Maryland (State),FREDERICK RD,E GUDE DR,,N/A,OTHER,OTHER,CLEAR,DRY,DAYLIGHT,TRAFFIC SIGNAL,NONE DETECTED,NONE DETECTED,4A9BBEB9-6DD7-4477-B60C-D1CF6A131C58,OTHER,Cross/Enter at Intersection,UNKNOWN,ON ROADWAY AT CROSSWALK,Unknown,SUSPECTED MINOR INJURY,NONE,39.106885,-77.15823833,"(39.106885, -77.15823833)"
MCP27100029,180055748,Montgomery County Police,Injury Crash,11/06/2018 08:30:00 PM,Municipality,S SUMMIT AVE,S FREDERICK RD,,N/A,PEDESTRIAN,OTHER,RAINING,WET,DARK LIGHTS ON,N/A,NONE DETECTED,N/A,3F3A054B-B5C6-479C-8569-892CD9CE838D,PEDESTRIAN,Cross/Enter not at Intersection,DART DASH,ON ROADWAY NOT AT CROSSWALK,Yes,SUSPECTED MINOR INJURY,N/A,39.139655,-77.19382,"(39.139655, -77.19382)"
DD5603005P,180015684,Rockville Police Departme,Injury Crash,03/31/2018 06:00:00 PM,,,,1643B ROCKVILLE PIKE (PARKING LOT/STORE),,PEDESTRIAN,SINGLE VEHICLE,CLEAR,,DAYLIGHT,NO CONTROLS,NONE DETECTED,NONE DETECTED,B2DB1C33-2312-47B7-A458-3D2A4B6B51B4,PEDESTRIAN,Standing,NO IMPROPER ACTIONS,INSIDE BUILDING,No,SUSPECTED MINOR INJURY,N/A,39.06219902,-77.12715626,"(39.06219902, -77.12715626)"