Report Number,Local Case Number,Agency Name,ACRS Report Type,Crash Date/Time,Route Type,Road Name,Cross-Street Name,Off-Road Description,Municipality,Related Non-Motorist,Collision Type,Weather,Surface Condition,Light,Traffic Control,Driver Substance Abuse,Non-Motorist Substance Abuse,Person ID,Pedestrian Type,Pedestrian Movement,Pedestrian Actions,Pedestrian Location,At Fault,Injury Severity,Safety Equipment,Latitude,Longitude,Location
MCP93120017,200007232,Montgomery County Police,Injury Crash,02/12/2020 08:30:00 PM,Maryland (State),HUNGERFORD DR,ENT TO PARK & RIDE,,N/A,PEDESTRIAN,SINGLE VEHICLE,CLEAR,WET,DARK LIGHTS ON,TRAFFIC SIGNAL,NONE DETECTED,NONE DETECTED,77A3BD25-413E-4485-A831-43CB0D800F7D,PEDESTRIAN,Cross/Enter at Intersection,NO IMPROPER ACTIONS,AT INTERSECTION MARKED CROSSWALK,No,POSSIBLE INJURY,N/A,39.083535,-77.14691141,"(39.083535, -77.14691141)"
EJ7847001P,16010514,Gaithersburg Police Depar,Injury Crash,03/02/2016 06:40:00 PM,,,,"PARKING LOT OF HOLBROOK SHOPPING CENTER AT 425 S. FREDERICK AVE, GAITHERSBURG, MD 20877",,PEDESTRIAN,OTHER,N/A,,DARK LIGHTS ON,TRAFFIC SIGNAL,NONE DETECTED,NONE DETECTED,0111A63C-3EBC-4D10-96B6-2AA24EEE8784,PEDESTRIAN,Cross/Enter at Intersection,UNKNOWN,ON ROADWAY AT CROSSWALK,Unknown,POSSIBLE INJURY,NONE,39.13566,-77.191865,"(39.13566, -77.191865)"
MCP2094004W,15021686,Montgomery County Police,Injury Crash,05/07/2015 10:20:00 AM,,,,"PARKING LOT OF
 11820 PARKLAWN DR",,OTHER,SINGLE VEHICLE,CLEAR,,DAYLIGHT,N/A,NONE DETECTED,NONE DETECTED,FC0D5857-6BE3-4D08-9B8E-7D839395D0FB,OTHER,N/A,OTHER,INSIDE BUILDING,,POSSIBLE INJURY,N/A,39.27647167,-77.21262167,"(39.27647167, -77.21262167)"
MCP30590044,190050076,Montgomery County Police,Injury Crash,10/18/2019 07:55:00 PM,,,,DRIVEWAY OF 12801 FLACK ST,,OTHER,OTHER,CLEAR,,DARK LIGHTS ON,N/A,NONE DETECTED,NONE DETECTED,4D15B5A6-C8E9-4819-964A-B726F6FC802C,OTHER,Other,NO IMPROPER ACTIONS,OTHER,No,SUSPECTED MINOR INJURY,N/A,39.06451886,-77.05872728,"(39.06451886, -77.05872728)"
MCP2951002D,170522394,Montgomery County Police,Injury Crash,08/01/2017 08:45:00 PM,,LEISURE WORLD  BLVD,TWIN BRANCHES DR,,N/A,PEDESTRIAN,OTHER,N/A,N/A,DARK LIGHTS ON,NO CONTROLS,NONE DETECTED,NONE DETECTED,CDF84BF1-48F5-4519-8563-C8ACBFCF4B53,PEDESTRIAN,Cross/Enter at Intersection,NO IMPROPER ACTIONS,ON ROADWAY AT CROSSWALK,No,POSSIBLE INJURY,NONE,39.10769717,-77.072951,"(39.10769717, -77.072951)"
MCP2438000S,16065112,Montgomery County Police,Injury Crash,12/19/2016 06:18:00 PM,County,CALVERTON BLVD,GRACEFIELD RD,,N/A,PEDESTRIAN,STRAIGHT MOVEMENT ANGLE,CLEAR,DRY,DARK LIGHTS ON,NO CONTROLS,UNKNOWN,N/A,486F6699-3830-44A8-8A76-0E77181DCCCE,PEDESTRIAN,Cross/Enter at Intersection,NO IMPROPER ACTIONS,ON ROADWAY AT CROSSWALK,No,POSSIBLE INJURY,N/A,39.05704667,-76.95104667,"(39.05704667, -76.95104667)"
MCP2864002D,17003509,Montgomery County Police,Property Damage Crash,01/20/2017 04:08:00 PM,,,,"PARKING LOT OF 6121 MONTROSE RD ROCKVILLE, MD",,PEDESTRIAN,OTHER,CLOUDY,,DAYLIGHT,NO CONTROLS,UNKNOWN,NONE DETECTED,CC450BF9-0DF0-4808-A4EB-16CDF4475F6C,PEDESTRIAN,Push/Work on Vehicle,NO IMPROPER ACTIONS,OTHER,No,NO APPARENT INJURY,NONE,39.05304,-77.12270833,"(39.05304, -77.12270833)"
MCP1334007K,190009468,Montgomery County Police,Injury Crash,02/28/2019 09:01:00 AM,County,FLOWER HILL WAY,TEA ROSE DR,,N/A,PEDESTRIAN,SINGLE VEHICLE,CLEAR,DRY,DAYLIGHT,NO CONTROLS,NONE DETECTED,NONE DETECTED,0A793C60-68FB-41BE-8F68-3637D4153B77,PEDESTRIAN,Cross/Enter at Intersection,NO IMPROPER ACTIONS,ON ROADWAY AT CROSSWALK,No,SUSPECTED MINOR INJURY,REFLECTIVE CLOTHING,39.14982667,-77.23458333,"(39.14982667, -77.23458333)"
MCP2361001Q,200031152,Montgomery County Police,Injury Crash,08/10/2020 09:58:00 PM,County,MONTGOMERY VILLAGE AVE,MIDCOUNTY HWY,,N/A,PEDESTRIAN,STRAIGHT MOVEMENT ANGLE,CLEAR,DRY,DARK LIGHTS ON,NO CONTROLS,NONE DETECTED,ALCOHOL PRESENT,630209D8-2005-4182-A5EB-EF3FE70E4403,PEDESTRIAN,Cross/Enter not at Intersection,IN ROADWAY IMPROPERLY,ON ROADWAY NOT AT CROSSWALK,Yes,SUSPECTED MINOR INJURY,NONE,39.158395,-77.203735,"(39.158395, -77.203735)"
MCP1205002D,16051145,Montgomery County Police,Injury Crash,10/05/2016 11:00:00 AM,County,SHEPHERD ST,BRENNON LA,,N/A,PEDESTRIAN,OTHER,CLEAR,DRY,DAYLIGHT,NO CONTROLS,NONE DETECTED,NONE DETECTED,DF50943C-8A7B-4057-8EBA-9134C78E98F8,PEDESTRIAN,Standing,N/A,OTHER,Unknown,SUSPECTED MINOR INJURY,REFLECTIVE CLOTHING,38.97957533,-77.0671311,"(38.97957533, -77.0671311)"
MCP2667007M,210044237,Montgomery County Police,Property Damage Crash,11/02/2021 08:39:00 AM,County,CONTOUR RD,HORIZON RUN RD,,N/A,PEDESTRIAN,SINGLE VEHICLE,CLOUDY,WET,DAYLIGHT,NO CONTROLS,NONE DETECTED,NONE DETECTED,A02BAA0F-C068-4D63-964C-27A06D1EC99D,PEDESTRIAN,Cross/Enter at Intersection,NO IMPROPER ACTIONS,ON ROADWAY AT CROSSWALK,No,NO APPARENT INJURY,NONE,39.15582984,-77.1988261,"(39.15582984, -77.1988261)"
MCP11820015,16009922,Montgomery County Police,Injury Crash,02/28/2016 12:38:00 PM,County,LOCUST AVE,ACACIA AVE,,N/A,PEDESTRIAN,HEAD ON,CLEAR,DRY,DAYLIGHT,NO CONTROLS,N/A,N/A,998BE3AB-DCFF-4807-9179-69605BE27C3C,PEDESTRIAN,Standing,NO IMPROPER ACTIONS,ON ROADWAY NOT AT CROSSWALK,No,SUSPECTED SERIOUS INJURY,N/A,39.00652833,-77.10624667,"(39.00652833, -77.10624667)"
DD5508003C,17010759,Rockville Police Departme,Property Damage Crash,02/28/2017 06:09:00 PM,Municipality,S STONESTREET AVE,READING TERR,,ROCKVILLE,PEDESTRIAN,OTHER,RAINING,WET,DARK LIGHTS ON,NO CONTROLS,NONE DETECTED,NONE DETECTED,21642818-EC97-40B2-978D-A3005646DBD8,PEDESTRIAN,Cross/Enter at Intersection,IN ROADWAY IMPROPERLY,ON ROADWAY NOT AT CROSSWALK,Yes,NO APPARENT INJURY,N/A,39.08540333,-77.14475333,"(39.08540333, -77.14475333)"
MCP242500C9,180026891,Montgomery County Police,Injury Crash,06/01/2018 08:30:00 AM,,,,PARKING LOT OF 11548 STEWART LANE,,PEDESTRIAN,OTHER,CLEAR,,DAYLIGHT,N/A,NONE DETECTED,NONE DETECTED,30E058C9-54F7-45A8-B171-03E17DED1D6B,PEDESTRIAN,Walking to/from school,DART DASH,OTHER,Yes,POSSIBLE INJURY,NONE,39.043395,-76.98542833,"(39.043395, -76.98542833)"
MCP2612004Q,220056659,Montgomery County Police,Injury Crash,12/21/2022 03:54:00 PM,,N LEISURE WORLD BLVD,ROSSMOOR BLVD,,N/A,PEDESTRIAN,SINGLE VEHICLE,CLEAR,DRY,DAYLIGHT,NO CONTROLS,NONE DETECTED,NONE DETECTED,000C0302-47EE-4FA0-BB39-92BEDC8B69D9,PEDESTRIAN,Cross/Enter at Intersection,NO IMPROPER ACTIONS,ON ROADWAY AT CROSSWALK,No,SUSPECTED MINOR INJURY,NONE,39.10267833,-77.0732725,"(39.10267833, -77.0732725)"
MCP24690018,16047065,Montgomery County Police,Injury Crash,09/14/2016 07:30:00 AM,County,JACKSON RD,KERWOOD RD,,N/A,PEDESTRIAN,OTHER,N/A,DRY,DAYLIGHT,STOP SIGN,NONE DETECTED,NONE DETECTED,2D74D586-324C-47AD-96DA-BACB8EB32C4A,PEDESTRIAN,Cross/Enter at Intersection,NO IMPROPER ACTIONS,ON ROADWAY AT CROSSWALK,No,POSSIBLE INJURY,NONE,39.05556,-76.99408833,"(39.05556, -76.99408833)"
MCP2046007X,180006823,Montgomery County Police,Injury Crash,02/09/2018 08:59:00 AM,County,CAMERON ST,SECOND AVE,,N/A,PEDESTRIAN,SAME DIRECTION SIDESWIPE,CLEAR,DRY,DAYLIGHT,TRAFFIC SIGNAL,NONE DETECTED,NONE DETECTED,51515A9D-6D81-4479-B754-903FE177A431,PEDESTRIAN,Standing,OTHER,ON ROADWAY NOT AT CROSSWALK,No,SUSPECTED SERIOUS INJURY,OTHER,38.996235,-77.03155,"(38.996235, -77.03155)"
MCP31380025,200007705,Montgomery County Police,Injury Crash,02/15/2020 03:56:00 PM,,,,DRIVEWAY OF 16227 BATCHELLORS FOREST RD,,PEDESTRIAN,SINGLE VEHICLE,CLEAR,,DAYLIGHT,N/A,,N/A,06356F8E-6254-4D6A-BF1D-9C80D75B7C03,PEDESTRIAN,Getting off/on Vehicle,NO IMPROPER ACTIONS,CURB,Unknown,SUSPECTED MINOR INJURY,NONE,39.12212911,-77.06900082,"(39.12212911, -77.06900082)"
MCP29810015,17006783,Montgomery County Police,Injury Crash,02/07/2017 11:13:00 PM,Maryland (State),ROCKVILLE PIKE,SOUTHWOOD DR,,N/A,BICYCLIST,HEAD ON LEFT TURN,CLEAR,DRY,DARK LIGHTS ON,TRAFFIC SIGNAL,NONE DETECTED,NONE DETECTED,0EBAEACA-7EBD-458C-9786-97D2BA163527,BICYCLIST,Cross/Enter at Intersection,NOT VISIBLE,ON ROADWAY NOT AT CROSSWALK,Unknown,SUSPECTED MINOR INJURY,LIGHTING,38.99963,-77.09677833,"(38.99963, -77.09677833)"
MCP2739002Q,190050111,Montgomery County Police,Injury Crash,10/18/2019 11:30:00 PM,Maryland (State),UNIVERSITY BLVD W,LORAIN AVE,,N/A,PEDESTRIAN,OTHER,CLEAR,DRY,DARK LIGHTS ON,N/A,NONE DETECTED,ALCOHOL CONTRIBUTED,B5B4E8E3-EE20-4795-A421-476FA0669F31,PEDESTRIAN,Cross/Enter not at Intersection,FAILURE TO YIELD RIGHT OF WAY,ON ROADWAY NOT AT CROSSWALK,Yes,SUSPECTED MINOR INJURY,NONE,39.02178333,-77.01490167,"(39.02178333, -77.01490167)"
MCP12270019,200046895,Montgomery County Police,Fatal Crash,11/27/2020 10:10:00 PM,County,MONTROSE RD,EVELYN DR,,ROCKVILLE,OTHER CONVEYANCE,SINGLE VEHICLE,CLEAR,DRY,DARK LIGHTS ON,STOP SIGN,NONE DETECTED,NONE DETECTED,2C52E907-9A40-4234-B281-13D7402423D9,OTHER CONVEYANCE,Cross/Enter at Intersection,INATTENTIVE,AT INTERSECTION BUT NO CROSSWALK,Yes,FATAL INJURY,NONE,39.0534085,-77.13325147,"(39.0534085, -77.13325147)"
MCP24110006,15058987,MONTGOMERY,Injury Crash,11/18/2015 08:30:00 PM,Municipality,E JEFFERSON ST,ROLLINS AVE,,ROCKVILLE,PEDESTRIAN,OTHER,CLEAR,DRY,DARK -- UNKNOWN LIGHTING,TRAFFIC SIGNAL,N/A,N/A,F37F32F1-E8B8-42FE-9BF2-E923D41D927E,PEDESTRIAN,Cross/Enter not at Intersection,IN ROADWAY IMPROPERLY,ON ROADWAY NOT AT CROSSWALK,No,POSSIBLE INJURY,N/A,39.05850016,-77.12604046,"(39.05850016, -77.12604046)"
MCP28720014,15053386,MONTGOMERY,Injury Crash,10/21/2015 09:05:00 AM,County,CONTOUR RD,HORIZON RUN RD,,N/A,PEDESTRIAN,SINGLE VEHICLE,N/A,DRY,DAYLIGHT,N/A,NONE DETECTED,NONE DETECTED,9B5229AA-EB24-45BC-9392-E56D311F1BF5,PEDESTRIAN,Cross/Enter not at Intersection,FAILURE TO YIELD RIGHT OF WAY,ON ROADWAY NOT AT CROSSWALK,Yes,POSSIBLE INJURY,NONE,39.15546333,-77.19744,"(39.15546333, -77.19744)"
MCP27890050,180043679,Montgomery County Police,Injury Crash,09/01/2018 05:35:00 PM,Maryland (State),GEORGIA AVE,COLESVILLE RD,,N/A,PEDESTRIAN,SINGLE VEHICLE,CLEAR,DRY,DAYLIGHT,TRAFFIC SIGNAL,N/A,N/A,6A1362BB-6808-49D1-8357-AD17D4029552,PEDESTRIAN,Cross/Enter at Intersection,NO IMPROPER ACTIONS,AT INTERSECTION MARKED CROSSWALK,No,POSSIBLE INJURY,N/A,38.99581667,-77.02813,"(38.99581667, -77.02813)"
MCP2930001G,190016985,Montgomery County Police,Injury Crash,04/11/2019 10:49:00 PM,County,GLENALLAN AVE,RANDOLPH RD,,N/A,PEDESTRIAN,OTHER,CLEAR,DRY,DARK NO LIGHTS,TRAFFIC SIGNAL,NONE DETECTED,NONE DETECTED,35D8AE52-F1D9-4D0D-8241-D3DCEEEE0520,PEDESTRIAN,Cross/Enter at Intersection,UNKNOWN,ON ROADWAY AT CROSSWALK,No,SUSPECTED SERIOUS INJURY,N/A,39.06075333,-77.04502833,"(39.06075333, -77.04502833)"
MCP2881001X,17003428,Montgomery County Police,Property Damage Crash,01/20/2017 07:07:00 AM,Maryland (State),GERMANTOWN RD,MIDDLEBROOK RD,,N/A,PEDESTRIAN,OTHER,CLEAR,DRY,DARK LIGHTS ON,TRAFFIC SIGNAL,N/A,N/A,B1F05837-283C-407D-AFA4-C6C130C8AE9D,PEDESTRIAN,Cross/Enter at Intersection,N/A,ON ROADWAY AT CROSSWALK,Unknown,NO APPARENT INJURY,NONE,39.18467833,-77.26293833,"(39.18467833, -77.26293833)"
MCP26270012,17001038,Montgomery County Police,Injury Crash,01/06/2017 06:15:00 PM,Maryland (State),OLD GEORGETOWN RD,GREENTREE RD,,N/A,PEDESTRIAN,SINGLE VEHICLE,CLEAR,OTHER,DARK LIGHTS ON,TRAFFIC SIGNAL,NONE DETECTED,NONE DETECTED,E74C52AD-7C61-44AB-BBFC-100AAAEDB222,PEDESTRIAN,Cross/Enter at Intersection,NO IMPROPER ACTIONS,ON ROADWAY AT CROSSWALK,Unknown,SUSPECTED MINOR INJURY,NONE,39.00039483,-77.10948717,"(39.00039483, -77.10948717)"
DD5630000B,180035731,Rockville Police Departme,Injury Crash,07/19/2018 11:35:00 AM,Municipality,MONROE ST,FLEET ST,,ROCKVILLE,PEDESTRIAN,OTHER,CLEAR,DRY,DAYLIGHT,TRAFFIC SIGNAL,NONE DETECTED,NONE DETECTED,7CBC03F4-C555-4A5A-BC96-2707699892AE,PEDESTRIAN,Cross/Enter at Intersection,N/A,ON ROADWAY AT CROSSWALK,No,SUSPECTED MINOR INJURY,NONE,39.08073411,-77.14995772,"(39.08073411, -77.14995772)"
MCP3048002Z,180016053,Montgomery County Police,Injury Crash,04/03/2018 08:15:00 AM,,,,PARKING LOT IN FRONT OF 6920 ARLINGTON RD,,PEDESTRIAN,OTHER,CLEAR,,DAYLIGHT,NO CONTROLS,NONE DETECTED,NONE DETECTED,86956F6D-6596-401E-A8F1-501C3D9114B5,PEDESTRIAN,Other,NO IMPROPER ACTIONS,OTHER,No,POSSIBLE INJURY,N/A,38.97707667,-77.09704667,"(38.97707667, -77.09704667)"
DD55780004,220029330,Rockville Police Departme,Injury Crash,07/08/2022 03:19:00 PM,Maryland (State),HUNGERFORD DR,E MIDDLE LA,,ROCKVILLE,PEDESTRIAN,OTHER,CLEAR,DRY,DAYLIGHT,TRAFFIC SIGNAL,UNKNOWN,NONE DETECTED,71A04C71-6736-4AF7-92C9-E8A68ACF1C3F,PEDESTRIAN,Cross/Enter at Intersection,NO IMPROPER ACTIONS,ON ROADWAY AT CROSSWALK,No,POSSIBLE INJURY,NONE,39.0891809,-77.1516253,"(39.0891809, -77.1516253)"
MCP3010006D,210048874,Montgomery County Police,Injury Crash,12/02/2021 08:19:00 AM,Maryland (State),ROCKVILLE PIKE,SECURITY LA,,N/A,BICYCLIST,STRAIGHT MOVEMENT ANGLE,CLEAR,DRY,DAYLIGHT,TRAFFIC SIGNAL,N/A,N/A,976D4648-EFA0-4E2C-97C7-36BCEE7413AA,BICYCLIST,Cross/Enter at Intersection,NO IMPROPER ACTIONS,ON ROADWAY AT CROSSWALK,No,SUSPECTED MINOR INJURY,NONE,39.04192477,-77.11052965,"(39.04192477, -77.11052965)"
MCP2790000V,16002885,Montgomery County Police,Injury Crash,01/15/2016 08:40:00 PM,County,GERMANTOWN RD,SHAKESPEARE BLVD,,N/A,PEDESTRIAN,SINGLE VEHICLE,RAINING,WET,DARK NO LIGHTS,N/A,NONE DETECTED,NONE DETECTED,721001E5-A29D-42ED-A78A-15D03E5DE345,PEDESTRIAN,Cross/Enter at Intersection,NO IMPROPER ACTIONS,AT INTERSECTION MARKED CROSSWALK,No,SUSPECTED MINOR INJURY,NONE,39.183875,-77.26271833,"(39.183875, -77.26271833)"
MCP28810023,17015769,Montgomery County Police,Injury Crash,03/28/2017 12:05:00 PM,Maryland (State),GERMANTOWN RD,AIRCRAFT DR,,N/A,OTHER CONVEYANCE,STRAIGHT MOVEMENT ANGLE,N/A,N/A,DAYLIGHT,TRAFFIC SIGNAL,N/A,N/A,88565610-D3CF-4B30-97D5-BE0B77B2B33C,OTHER CONVEYANCE,Cross/Enter at Intersection,FAILURE TO OBEY TRAFFIC SIGNS SIGNALS OR OFFICER,ON ROADWAY AT CROSSWALK,Yes,POSSIBLE INJURY,N/A,39.00864833,-77.113435,"(39.00864833, -77.113435)"
MCP2637004P,220031709,Montgomery County Police,Injury Crash,07/23/2022 11:30:00 AM,County,GLEN RD,TRAVILAH RD,,N/A,BICYCLIST,OTHER,CLEAR,DRY,DAYLIGHT,N/A,NONE DETECTED,NONE DETECTED,117DA1B4-CC69-48D3-BAB8-47A4D6DC7BE3,BICYCLIST,Walking/Riding w/Traffic,NO IMPROPER ACTIONS,SHOULDER,No,POSSIBLE INJURY,MC/BIKE HELMET,39.06776667,-77.25899333,"(39.06776667, -77.25899333)"
MCP2516001Z,180034952,Montgomery County Police,Injury Crash,07/14/2018 10:30:00 AM,County,FIELDS RD,WASHINGTONIAN BLVD,,GAITHERSBURG,BICYCLIST,OTHER,CLEAR,DRY,DAYLIGHT,TRAFFIC SIGNAL,N/A,N/A,8C6C8049-76C6-4854-8D59-A73285835D0E,BICYCLIST,Cross/Enter at Intersection,N/A,ON ROADWAY AT CROSSWALK,No,SUSPECTED MINOR INJURY,NONE,39.11168588,-77.19284892,"(39.11168588, -77.19284892)"
MCP28460095,230065008,Montgomery County Police,Injury Crash,11/07/2023 06:30:00 PM,County,DAYTON ST,UNIVERSITY BLVD W,,N/A,PEDESTRIAN,SINGLE VEHICLE,CLEAR,DRY,DARK -- UNKNOWN LIGHTING,NO CONTROLS,UNKNOWN,NONE DETECTED,5E5F7C03-8994-4A48-82B7-3346FAEFB196,PEDESTRIAN,Cross/Enter at Intersection,UNKNOWN,ON ROADWAY AT CROSSWALK,No,SUSPECTED SERIOUS INJURY,NONE,39.03869667,-77.04172576,"(39.03869667, -77.04172576)"
MCP33390017,230002795,Montgomery County Police,Injury Crash,01/18/2023 08:02:00 AM,County,WELLER RD,GOODHILL RD,,N/A,BICYCLIST,OTHER,CLEAR,DRY,DAYLIGHT,STOP SIGN,NONE DETECTED,NONE DETECTED,FAA2C4ED-301B-4368-84C6-BE0501AFAB70,BICYCLIST,Cross/Enter at Intersection,NO IMPROPER ACTIONS,AT INTERSECTION BUT NO CROSSWALK,No,POSSIBLE INJURY,NONE,39.063475,-77.0725245,"(39.063475, -77.0725245)"
MCP2664005H,210048328,Montgomery County Police,Injury Crash,11/28/2021 07:11:00 PM,Maryland (State),GEORGIA AVE,NORTH HIGH ST,,N/A,PEDESTRIAN,SINGLE VEHICLE,CLEAR,DRY,DARK LIGHTS ON,NO CONTROLS,NONE DETECTED,NONE DETECTED,3432F00F-99F6-491C-9081-10D07084C64A,PEDESTRIAN,Cross/Enter at Intersection,NO IMPROPER ACTIONS,AT INTERSECTION BUT NO CROSSWALK,No,POSSIBLE INJURY,NONE,39.15130217,-77.06704267,"(39.15130217, -77.06704267)"
MCP28890038,180034317,Montgomery County Police,Property Damage Crash,07/11/2018 05:58:00 PM,County,DALEWOOD DR,BLUHILL RD,,N/A,BICYCLIST,ANGLE MEETS RIGHT TURN,N/A,DRY,DAYLIGHT,NO CONTROLS,NONE DETECTED,NONE DETECTED,837D0FE7-DD27-432C-A2B9-D4424DFF3B65,BICYCLIST,Cross/Enter at Intersection,IMPROPER TURN MERGE,ON ROADWAY NOT AT CROSSWALK,Yes,NO APPARENT INJURY,NONE,39.05203,-77.07313833,"(39.05203, -77.07313833)"
EJ7858002C,180038495,Gaithersburg Police Depar,Injury Crash,08/03/2018 11:50:00 AM,Municipality,CHRISTOPHER AVE,RUSSELL AVE,,GAITHERSBURG,PEDESTRIAN,SINGLE VEHICLE,CLOUDY,DRY,DAYLIGHT,STOP SIGN,NONE DETECTED,NONE DETECTED,FFF247AB-8494-4BDD-AD74-FA9BBF94F5A1,PEDESTRIAN,Cross/Enter not at Intersection,NO IMPROPER ACTIONS,OTHER,No,SUSPECTED MINOR INJURY,NONE,39.1583657,-77.21244514,"(39.1583657, -77.21244514)"
MCP2187001J,230028783,Montgomery County Police,Injury Crash,06/12/2023 11:00:00 AM,,,,"PRIVATE PARKING LOT, 457 N FREDERICK AVE, GAITHERSBURG, MD 20877",,PEDESTRIAN,OTHER,CLEAR,,DAYLIGHT,NO CONTROLS,NONE DETECTED,UNKNOWN,D3B32506-B391-4C9F-BFC1-C313FFD394CB,PEDESTRIAN,Standing,NO IMPROPER ACTIONS,SIDEWALK,No,SUSPECTED MINOR INJURY,NONE,39.13853167,-77.19218333,"(39.13853167, -77.19218333)"
EJ78090033,220012113,Gaithersburg Police Depar,Injury Crash,03/21/2022 10:15:00 AM,,,,"9811 WASHINGTONIAN BLVD. GAITHERSBURG, MD. 20878 (KOHLS PARKING LOT / DRIVEWAY)",,BICYCLIST,STRAIGHT MOVEMENT ANGLE,CLEAR,,DAYLIGHT,STOP SIGN,NONE DETECTED,N/A,51D69BB1-800F-43F4-AC95-E6D30FD217AE,BICYCLIST,Walking/Cycling on Sidewalk,N/A,SIDEWALK,Yes,SUSPECTED MINOR INJURY,NONE,39.11740876,-77.20402021,"(39.11740876, -77.20402021)"
MCP2094004W,15021686,Montgomery County Police,Injury Crash,05/07/2015 10:20:00 AM,,,,"PARKING LOT OF
 11820 PARKLAWN DR",,OTHER,SINGLE VEHICLE,CLEAR,,DAYLIGHT,N/A,NONE DETECTED,NONE DETECTED,1E454FC7-5217-4FF3-94E6-9CE8E538C37E,OTHER,Other,OTHER,INSIDE BUILDING,,SUSPECTED SERIOUS INJURY,N/A,39.27647167,-77.21262167,"(39.27647167, -77.21262167)"
MCP29710024,16062654,Montgomery County Police,Injury Crash,12/06/2016 05:47:00 PM,US (State),COLUMBIA PIKE,MUSGROVE RD,,N/A,PEDESTRIAN,OTHER,RAINING,WET,DARK LIGHTS ON,TRAFFIC SIGNAL,NONE DETECTED,NONE DETECTED,4B6B985C-CDFC-40CB-943B-49AC394085BE,PEDESTRIAN,Cross/Enter at Intersection,NO IMPROPER ACTIONS,ON ROADWAY AT CROSSWALK,No,POSSIBLE INJURY,N/A,39.06778598,-76.95953496,"(39.06778598, -76.95953496)"
DD5614002B,170502068,Rockville Police Departme,Property Damage Crash,04/14/2017 08:00:00 AM,Maryland (State),FREDERICK RD,ENT TO SHADY GROVE METRO STATION,,N/A,PEDESTRIAN,STRAIGHT MOVEMENT ANGLE,CLOUDY,DRY,N/A,NO CONTROLS,UNKNOWN,NONE DETECTED,713AABB8-9697-47B9-AE86-7EFA39BC61B1,PEDESTRIAN,Walking/Riding against Traffic,NO IMPROPER ACTIONS,SIDEWALK,No,NO APPARENT INJURY,NONE,39.11785837,-77.16986775,"(39.11785837, -77.16986775)"
MCP292300B5,230065919,Montgomery County Police,Injury Crash,11/11/2023 02:30:00 PM,,,,EXIT OF PARKING LOT AT 2307 UNIVERSITY BLVD WEST,,PEDESTRIAN,OTHER,N/A,,DAYLIGHT,NO CONTROLS,UNKNOWN,NONE DETECTED,B079C02B-3CD7-4100-AC9F-BD6040DE5C24,PEDESTRIAN,Cross/Enter at Intersection,NO IMPROPER ACTIONS,DRIVEWAY ACCESS MARKED CROSSWALK,No,SUSPECTED MINOR INJURY,N/A,39.03434367,-77.04861933,"(39.03434367, -77.04861933)"
MCP2961000P,15051482,MONTGOMERY,Injury Crash,10/10/2015 05:53:00 PM,,,,Lower parking garage located at 11160 Veirs Mill Road (in front of Ruby Tusdays),,PEDESTRIAN,OTHER,CLEAR,,DAYLIGHT,NO CONTROLS,NONE DETECTED,NONE DETECTED,892E886E-3ABB-4B77-9F64-A8EE3FB58125,PEDESTRIAN,Walking/Riding w/Traffic,UNKNOWN,N/A,Unknown,SUSPECTED MINOR INJURY,NONE,39.03732799,-77.0552516,"(39.03732799, -77.0552516)"
MCP106400B0,200011578,Montgomery County Police,Injury Crash,03/09/2020 11:23:00 AM,Maryland (State),UNIVERSITY BLVD E,PINEY BRANCH RD,,N/A,PEDESTRIAN,OTHER,CLEAR,DRY,DAYLIGHT,N/A,N/A,N/A,FB0A720F-B2C5-4550-A79C-16EA748AA212,PEDESTRIAN,Standing,NO IMPROPER ACTIONS,SIDEWALK,No,SUSPECTED SERIOUS INJURY,N/A,39.00060833,-76.99547833,"(39.00060833, -76.99547833)"
MCP229800YM,210039830,Montgomery County Police,Injury Crash,10/06/2021 02:11:00 PM,County,SNOUFFERS SCHOOL RD,BONANZA WAY,,N/A,PEDESTRIAN,OTHER,CLOUDY,WET,DAYLIGHT,NO CONTROLS,NONE DETECTED,NONE DETECTED,7BF6BAE3-FB96-4D2D-B4BB-F44AE37DF5B5,PEDESTRIAN,Cross/Enter at Intersection,NO IMPROPER ACTIONS,AT INTERSECTION BUT NO CROSSWALK,No,POSSIBLE INJURY,NONE,39.16635853,-77.17087379,"(39.16635853, -77.17087379)"
MCP30300058,230014639,Montgomery County Police,Injury Crash,03/26/2023 05:05:00 PM,County,PERSIMMON TREE RD,OAKLYN DR,,N/A,BICYCLIST,STRAIGHT MOVEMENT ANGLE,CLEAR,DRY,DAYLIGHT,STOP SIGN,N/A,N/A,0273BC1B-C5AC-4B04-9EC2-272870145681,BICYCLIST,Cross/Enter at Intersection,OTHER,OTHER,Yes,POSSIBLE INJURY,MC/BIKE HELMET,38.99770667,-77.18886933,"(38.99770667, -77.18886933)"
EJ78780052,230008282,Gaithersburg Police Depar,Injury Crash,02/18/2023 05:26:00 PM,,,,PARKING LOT OF 221 MUDDY BRANCH ROAD,,PEDESTRIAN,OTHER,CLEAR,,DUSK,NO CONTROLS,N/A,ALCOHOL PRESENT,A03DE61A-106D-46A2-8735-7E13E6591ACE,PEDESTRIAN,Cross/Enter not at Intersection,INATTENTIVE,ON ROADWAY NOT AT CROSSWALK,Yes,SUSPECTED MINOR INJURY,NONE,39.12809544,-77.20585604,"(39.12809544, -77.20585604)"
MCP2395001N,200040507,Montgomery County Police,Injury Crash,10/14/2020 02:25:00 PM,Maryland (State),FISHER AVE,FYFFE RD,,POOLESVILLE,BICYCLIST,SINGLE VEHICLE,CLEAR,DRY,DAYLIGHT,OTHER,NONE DETECTED,NONE DETECTED,EEA39DE7-EDE1-45FA-B072-393F372E0D1E,BICYCLIST,Cross/Enter at Intersection,NO IMPROPER ACTIONS,ON ROADWAY AT CROSSWALK,No,SUSPECTED MINOR INJURY,MC/BIKE HELMET,39.14494176,-77.41264201,"(39.14494176, -77.41264201)"