Report Number,Local Case Number,Agency Name,ACRS Report Type,Crash Date/Time,Route Type,Road Name,Cross-Street Name,Off-Road Description,Municipality,Related Non-Motorist,Collision Type,Weather,Surface Condition,Light,Traffic Control,Driver Substance Abuse,Non-Motorist Substance Abuse,Person ID,Pedestrian Type,Pedestrian Movement,Pedestrian Actions,Pedestrian Location,At Fault,Injury Severity,Safety Equipment,Latitude,Longitude,Location
MCP3029000C,17011842,Montgomery County Police,Injury Crash,03/06/2017 03:35:00 PM,County,HANNES ST,HANNES CT,,N/A,PEDESTRIAN,N/A,CLEAR,DRY,DAYLIGHT,NO CONTROLS,NONE DETECTED,NONE DETECTED,368DD248-0A1B-44E9-96B4-127D7DA23F11,PEDESTRIAN,Cross/Enter not at Intersection,DART DASH,ON ROADWAY NOT AT CROSSWALK,Yes,POSSIBLE INJURY,NONE,39.03252253,-77.01897204,"(39.03252253, -77.01897204)"
HA2449000L,19002876,Maryland-National Capital,Injury Crash,10/26/2019 09:48:00 AM,County,DENNIS AVE,SLIGO CREEK PKWY,,N/A,BICYCLIST,SINGLE VEHICLE,CLEAR,DRY,DAYLIGHT,WARNING SIGN,N/A,N/A,CE1C3A9F-50CA-4A0F-8D7D-C0B93E775C03,BICYCLIST,Other,NO IMPROPER ACTIONS,ON ROADWAY AT CROSSWALK,No,SUSPECTED MINOR INJURY,MC/BIKE HELMET,39.0242296,-77.03047455,"(39.0242296, -77.03047455)"
EJ78700020,190045638,Gaithersburg Police Depar,Injury Crash,09/23/2019 08:02:00 PM,County,FIELDS RD,RIO BLVD,,GAITHERSBURG,OTHER CONVEYANCE,STRAIGHT MOVEMENT ANGLE,CLEAR,DRY,DARK LIGHTS ON,NO CONTROLS,NONE DETECTED,NONE DETECTED,AFA9DE77-1C2F-4ABE-8055-0046E48913B4,OTHER CONVEYANCE,Cross/Enter not at Intersection,FAILURE TO YIELD RIGHT OF WAY,ON ROADWAY AT CROSSWALK,Yes,POSSIBLE INJURY,NONE,39.11428548,-77.20563496,"(39.11428548, -77.20563496)"
MCP30780040,210030682,Montgomery County Police,Injury Crash,08/07/2021 01:32:00 PM,County,TUCKER LA,ASTORIA LA,,N/A,BICYCLIST,STRAIGHT MOVEMENT ANGLE,CLEAR,DRY,DAYLIGHT,STOP SIGN,NONE DETECTED,NONE DETECTED,8B9F4941-67E6-43ED-89F3-23A75E3D0E65,BICYCLIST,Cross/Enter at Intersection,FAILURE TO YIELD RIGHT OF WAY,ON ROADWAY NOT AT CROSSWALK,Yes,SUSPECTED SERIOUS INJURY,NONE,39.14694,-76.98879833,"(39.14694, -76.98879833)"
MCP2944000K,15028419,Montgomery County Police,Injury Crash,06/11/2015 04:50:00 PM,,,,parking garage of Westfield Montgomery mall,,PEDESTRIAN,SINGLE VEHICLE,CLEAR,,DARK NO LIGHTS,NO CONTROLS,NONE DETECTED,NONE DETECTED,9947E136-4D44-41CF-87E4-B862FEEAEA7E,PEDESTRIAN,Other,UNKNOWN,ON ROADWAY NOT AT CROSSWALK,,SUSPECTED MINOR INJURY,NONE,39.02448494,-77.14679003,"(39.02448494, -77.14679003)"
MCP10220043,16007223,Montgomery County Police,Injury Crash,02/12/2016 08:55:00 AM,,,,"PARKING LOT- HI-TECH BUILDING MONTGOMERY COLLEGE-GERMANTOWN
20200 OBSERVATION DR
GERMANTOWN, MD",,PEDESTRIAN,SINGLE VEHICLE,CLEAR,,DAYLIGHT,NO CONTROLS,NONE DETECTED,NONE DETECTED,B104F531-5EAA-4F1C-A491-E9F1BCC8CF25,PEDESTRIAN,Walking to/from school,NO IMPROPER ACTIONS,OTHER,No,POSSIBLE INJURY,NONE,39.18599167,-77.24507333,"(39.18599167, -77.24507333)"
MCP22910015,15023665,Montgomery County Police,Injury Crash,05/17/2015 05:49:00 PM,,,,entrance/driveway to 4601 N.Park Avenue (The Elizabeth Apartments),,PEDESTRIAN,OTHER,CLEAR,,DAYLIGHT,N/A,NONE DETECTED,NONE DETECTED,C4D96C75-B143-4126-AC1F-305A9427F23A,PEDESTRIAN,Standing,OTHER,CURB,,POSSIBLE INJURY,N/A,38.96341667,-77.09098333,"(38.96341667, -77.09098333)"
MCP2846001M,16010641,MONTGOMERY,Injury Crash,03/03/2016 02:49:00 PM,,,,LOWER LEVEL PARKING LOT MACYS,,PEDESTRIAN,HEAD ON LEFT TURN,CLEAR,,DAYLIGHT,OTHER,NONE DETECTED,NONE DETECTED,2DD75FE3-4C78-4E71-8320-11B5BEDD234C,PEDESTRIAN,Cross/Enter at Intersection,NO IMPROPER ACTIONS,ON ROADWAY AT CROSSWALK,No,POSSIBLE INJURY,N/A,39.03802,-77.05494667,"(39.03802, -77.05494667)"
MCP2695000S,16037465,Montgomery County Police,Injury Crash,07/25/2016 12:02:00 PM,County,CALVERTON BLVD,PALERMO DR,,N/A,BICYCLIST,STRAIGHT MOVEMENT ANGLE,CLEAR,DRY,DAYLIGHT,OTHER,N/A,N/A,7D52E0F4-03FA-4D03-9499-0DEB2A96A805,BICYCLIST,Cross/Enter at Intersection,INATTENTIVE,ON ROADWAY AT CROSSWALK,Yes,SUSPECTED MINOR INJURY,NONE,39.05640073,-76.94581747,"(39.05640073, -76.94581747)"
EJ7886000T,210043401,Gaithersburg Police Depar,Injury Crash,10/27/2021 02:30:00 PM,,,,"87 BUREAU DRIVE, GAITHERSBURG, MD 20878",,OTHER,OTHER,CLEAR,,DAYLIGHT,N/A,N/A,N/A,45108DE0-CAB1-4206-A943-EE2FE9BA9960,OTHER,Push/Work on Vehicle,N/A,N/A,No,POSSIBLE INJURY,REFLECTIVE CLOTHING,39.14430513,-77.21514398,"(39.14430513, -77.21514398)"
MCP31210057,230010592,Montgomery County Police,Injury Crash,03/03/2023 12:30:00 PM,,,,IFO PARKING AREA OF 20002 HOB HILL WAY,,PEDESTRIAN,SINGLE VEHICLE,OTHER,,DAYLIGHT,NO CONTROLS,NONE DETECTED,NONE DETECTED,16FBEFDC-DC45-4ACD-9116-F13EC5EC2AFC,PEDESTRIAN,Other,NO IMPROPER ACTIONS,CURB,No,SUSPECTED MINOR INJURY,NONE,39.18562269,-77.19750359,"(39.18562269, -77.19750359)"
MCP2788001P,180065156,Montgomery County Police,Injury Crash,12/30/2018 01:00:00 AM,Maryland (State),VEIRS MILL RD,ENNALLS AVE,,N/A,PEDESTRIAN,OTHER,CLEAR,DRY,DARK LIGHTS ON,NO CONTROLS,UNKNOWN,NONE DETECTED,1DDC6E3B-04BC-409A-98DA-29FB9A3D7843,PEDESTRIAN,Cross/Enter at Intersection,NO IMPROPER ACTIONS,ON ROADWAY AT CROSSWALK,No,SUSPECTED MINOR INJURY,NONE,39.03937833,-77.054055,"(39.03937833, -77.054055)"
MCP2936004F,210012350,Montgomery County Police,Injury Crash,04/02/2021 04:17:00 PM,County,NICHOLSON LA,WOODGLEN DR,,N/A,PEDESTRIAN,OTHER,CLEAR,DRY,N/A,TRAFFIC SIGNAL,UNKNOWN,NONE DETECTED,9958476B-BA66-433F-8F2C-80FC04DDB68F,PEDESTRIAN,Cross/Enter at Intersection,NO IMPROPER ACTIONS,AT INTERSECTION MARKED CROSSWALK,No,SUSPECTED MINOR INJURY,NONE,39.045375,-77.118855,"(39.045375, -77.118855)"
MCP1575005H,170522067,Montgomery County Police,Injury Crash,07/31/2017 09:06:00 AM,Maryland (State),FREDERICK RD,REDLAND RD,,N/A,BICYCLIST,OTHER,CLEAR,DRY,DAYLIGHT,NO CONTROLS,NONE DETECTED,NONE DETECTED,26C5B1FE-CAFE-4B52-A8A1-BF8627917602,BICYCLIST,Other,NO IMPROPER ACTIONS,SIDEWALK,No,POSSIBLE INJURY,NONE,39.11558333,-77.16568667,"(39.11558333, -77.16568667)"
MCP2353001M,15051167,MONTGOMERY,Injury Crash,10/09/2015 07:02:00 AM,Maryland (State),EAST WEST HWY,GRUBB RD,,N/A,PEDESTRIAN,SINGLE VEHICLE,RAINING,WET,DARK NO LIGHTS,TRAFFIC SIGNAL,NONE DETECTED,NONE DETECTED,75A1726C-10A2-4153-A38B-878D60AA0C68,PEDESTRIAN,Cross/Enter at Intersection,NO IMPROPER ACTIONS,AT INTERSECTION MARKED CROSSWALK,No,POSSIBLE INJURY,NONE,38.98339833,-77.09288333,"(38.98339833, -77.09288333)"
DD5612003L,230017836,Rockville Police Departme,Property Damage Crash,04/13/2023 06:26:00 PM,,,,DRIVEWAY OF 801 ROCKVILLE PIKE,,OTHER CONVEYANCE,SINGLE VEHICLE,CLEAR,,DAYLIGHT,NO CONTROLS,UNKNOWN,UNKNOWN,8B51E094-ABF5-421F-95A2-E122A22BA3D3,OTHER CONVEYANCE,Walking/Riding against Traffic,NO IMPROPER ACTIONS,DRIVEWAY ACCESS MARKED CROSSWALK,No,NO APPARENT INJURY,N/A,39.07665858,-77.13902785,"(39.07665858, -77.13902785)"
DD56430029,220034122,Rockville Police Departme,Injury Crash,08/09/2022 03:52:00 AM,Municipality,VEIRS MILL SERV RD,BRADLEY AVE,,ROCKVILLE,BICYCLIST,OTHER,CLEAR,DRY,DARK LIGHTS ON,NO CONTROLS,UNKNOWN,NONE DETECTED,45554FE6-395F-439E-93EA-B6D12467D215,BICYCLIST,Walking/Riding w/Traffic,NO IMPROPER ACTIONS,ON ROADWAY NOT AT CROSSWALK,No,POSSIBLE INJURY,NONE,39.07600333,-77.116835,"(39.07600333, -77.116835)"
MCP1002000Y,200011326,Montgomery County Police,Injury Crash,03/07/2020 05:00:00 PM,,,,PARKING LOT IN FRONT OF 516 N FREDERICK RD,,PEDESTRIAN,SINGLE VEHICLE,CLEAR,,DAYLIGHT,NO CONTROLS,NONE DETECTED,NONE DETECTED,B98C6BC0-67E3-44D6-BC39-05CA5EE766C7,PEDESTRIAN,Cross/Enter at Intersection,NO IMPROPER ACTIONS,AT INTERSECTION MARKED CROSSWALK,No,POSSIBLE INJURY,NONE,39.14788,-77.2091,"(39.14788, -77.2091)"
MCP3169003Y,210017670,Montgomery County Police,Injury Crash,05/11/2021 09:00:00 AM,Maryland (State),GEORGIA AVE,RAMP 6 FR IS 495 EB TO MD 97 SB,,N/A,PEDESTRIAN,OTHER,CLEAR,DRY,DAYLIGHT,N/A,N/A,N/A,C00AD95C-4666-48AF-BE70-A456F966010E,PEDESTRIAN,Standing,NO IMPROPER ACTIONS,SHOULDER,No,POSSIBLE INJURY,N/A,39.01356542,-77.04205078,"(39.01356542, -77.04205078)"
MCP2617003J,170503941,Montgomery County Police,Injury Crash,05/03/2017 05:30:00 PM,County,WOODMONT AVE,ELM ST,,N/A,PEDESTRIAN,OTHER,CLEAR,DRY,DAYLIGHT,TRAFFIC SIGNAL,NONE DETECTED,NONE DETECTED,01A29EA0-EB12-48C7-8330-2722F6AE8F2A,PEDESTRIAN,Cross/Enter at Intersection,NO IMPROPER ACTIONS,AT INTERSECTION MARKED CROSSWALK,No,SUSPECTED MINOR INJURY,NONE,38.98214721,-77.09608555,"(38.98214721, -77.09608555)"
MCP2799003L,180003872,Montgomery County Police,Injury Crash,01/23/2018 04:00:00 PM,Maryland (State),NEW HAMPSHIRE AVE,NORWOOD RD,,N/A,BICYCLIST,SAME DIRECTION RIGHT TURN,CLEAR,DRY,DAYLIGHT,NO CONTROLS,UNKNOWN,NONE DETECTED,64C25598-4B73-4B4D-8224-1AC390D7DDC9,BICYCLIST,Walking/Riding w/Traffic,N/A,IN BIKEWAY,No,SUSPECTED MINOR INJURY,MC/BIKE HELMET,39.10604167,-77.001445,"(39.10604167, -77.001445)"
MCP23480047,180049336,Montgomery County Police,Injury Crash,10/02/2018 10:11:00 PM,,,,PARKING LOT OF KNIGHTS OF PYTHIAS LODGE AT 11011 GAME PRESERVE RD,,PEDESTRIAN,SINGLE VEHICLE,CLEAR,,DARK LIGHTS ON,NO CONTROLS,NONE DETECTED,NONE DETECTED,DDE9CE68-F148-4F5B-8D70-78D88BFA60EB,PEDESTRIAN,Other,NO IMPROPER ACTIONS,OTHER,No,SUSPECTED SERIOUS INJURY,N/A,39.16405734,-77.2294604,"(39.16405734, -77.2294604)"
MCP29690019,15062641,MONTGOMERY,Injury Crash,12/08/2015 10:30:00 AM,County,AMHERST AVE,REEDIE DR,,N/A,PEDESTRIAN,OTHER,CLEAR,DRY,DAYLIGHT,STOP SIGN,UNKNOWN,NONE DETECTED,B2EB067D-2E82-449B-A8E0-38A327B4DC35,PEDESTRIAN,Cross/Enter at Intersection,NO IMPROPER ACTIONS,ON ROADWAY AT CROSSWALK,No,SUSPECTED MINOR INJURY,NONE,39.03945667,-77.04855333,"(39.03945667, -77.04855333)"
MCP31560011,190048989,Montgomery County Police,Injury Crash,10/12/2019 01:03:00 AM,Maryland (State),16TH ST,EAST WEST HWY,,N/A,PEDESTRIAN,SINGLE VEHICLE,CLEAR,DRY,DARK LIGHTS ON,TRAFFIC SIGNAL,UNKNOWN,NONE DETECTED,2BA8C315-B7A3-49EE-8C45-FA01C96C839F,PEDESTRIAN,Cross/Enter at Intersection,FAILURE TO OBEY TRAFFIC SIGNS SIGNALS OR OFFICER,ON ROADWAY AT CROSSWALK,Yes,SUSPECTED MINOR INJURY,NONE,38.99460544,-77.03637746,"(38.99460544, -77.03637746)"
MCP2046006N,17014779,Montgomery County Police,Injury Crash,03/23/2017 06:32:00 AM,County,MT PISGAH RD,OAKVIEW DR,,N/A,PEDESTRIAN,OTHER,CLEAR,DRY,DARK LIGHTS ON,NO CONTROLS,NONE DETECTED,NONE DETECTED,3001CF27-168F-4ED9-9AF7-705C232E9CD0,PEDESTRIAN,Cross/Enter at Intersection,NO IMPROPER ACTIONS,ON ROADWAY AT CROSSWALK,No,SUSPECTED MINOR INJURY,NONE,39.01524833,-76.97705,"(39.01524833, -76.97705)"
MCP2162000V,15007508,Montgomery County Police,Injury Crash,02/14/2015 08:05:00 PM,Maryland (State),OLNEY SANDY SPRING RD,ENT TO SHARP ST UNITED METHODIST CHURCH,,N/A,PEDESTRIAN,OTHER,SNOW,ICE,DARK NO LIGHTS,NO CONTROLS,N/A,N/A,C5512A0B-0CB4-4BE8-A431-070EFA60E90D,PEDESTRIAN,Standing,DISABLED VEHICLE RELATED,ON ROADWAY NOT AT CROSSWALK,,SUSPECTED MINOR INJURY,NONE,39.14660833,-77.039365,"(39.14660833, -77.039365)"
MCP27450018,15058225,MONTGOMERY,Injury Crash,11/14/2015 09:50:00 PM,County,FLOWER HILL WAY,WOODFIELD RD,,N/A,PEDESTRIAN,OTHER,N/A,DRY,DARK LIGHTS ON,NO CONTROLS,UNKNOWN,N/A,B928E4E0-F6F9-4E53-A6B2-31F6E55F2F28,PEDESTRIAN,Cross/Enter not at Intersection,UNKNOWN,SIDEWALK,No,SUSPECTED SERIOUS INJURY,NONE,39.15570833,-77.16471833,"(39.15570833, -77.16471833)"
MCP2695000J,16024315,Montgomery County Police,Injury Crash,05/16/2016 02:43:00 PM,US (State),COLUMBIA PIKE,MUSGROVE RD,,N/A,PEDESTRIAN,SINGLE VEHICLE,CLEAR,DRY,DAYLIGHT,NO CONTROLS,UNKNOWN,N/A,301C1A61-5816-46F8-A25B-EE83F8A967C8,PEDESTRIAN,Standing,OTHER,DRIVEWAY ACCESS MARKED CROSSWALK,No,SUSPECTED MINOR INJURY,NONE,39.06766051,-76.95820525,"(39.06766051, -76.95820525)"
MCP2986000Z,16040906,Montgomery County Police,Injury Crash,08/12/2016 12:20:00 PM,County,CAMERON ST,FENTON ST,,N/A,PEDESTRIAN,SINGLE VEHICLE,CLEAR,DRY,DAYLIGHT,TRAFFIC SIGNAL,NONE DETECTED,NONE DETECTED,12313B9D-C120-4EEE-83AC-AFBDEF3E170A,PEDESTRIAN,Cross/Enter at Intersection,UNKNOWN,AT INTERSECTION MARKED CROSSWALK,Unknown,SUSPECTED MINOR INJURY,NONE,38.99834667,-77.02863167,"(38.99834667, -77.02863167)"
EJ7860002P,200033826,Gaithersburg Police Depar,Property Damage Crash,08/29/2020 08:03:00 PM,Municipality,MEEM AVE,CHESTNUT ST,,GAITHERSBURG,PEDESTRIAN,OTHER,CLEAR,DRY,DARK LIGHTS ON,STOP SIGN,NONE DETECTED,NONE DETECTED,33741E51-6FB2-41E7-B88E-609C5BCC2693,PEDESTRIAN,Cross/Enter at Intersection,UNKNOWN,AT INTERSECTION MARKED CROSSWALK,Unknown,NO APPARENT INJURY,NONE,39.14161835,-77.20369181,"(39.14161835, -77.20369181)"
DD5527001Z,180063320,Rockville Police Departme,Injury Crash,12/19/2018 08:33:00 AM,Municipality,SUNRISE DR,CRESTVIEW DR,,ROCKVILLE,PEDESTRIAN,OTHER,CLEAR,DRY,DAYLIGHT,NO CONTROLS,NONE DETECTED,NONE DETECTED,6C6F4640-E1F0-4ADE-8DA7-62E1B15F315C,PEDESTRIAN,Cross/Enter at Intersection,NO IMPROPER ACTIONS,N/A,No,SUSPECTED MINOR INJURY,NONE,39.09916,-77.15928333,"(39.09916, -77.15928333)"
MCP2563000N,170541530,Montgomery County Police,Injury Crash,11/07/2017 05:26:00 PM,Municipality,N WASHINGTON ST,DAWSON AVE,,ROCKVILLE,PEDESTRIAN,SINGLE VEHICLE,RAINING,WET,DARK LIGHTS ON,TRAFFIC SIGNAL,NONE DETECTED,UNKNOWN,0FD4F99F-8384-45E5-868F-F9F8CA3158F5,PEDESTRIAN,Unknown,UNKNOWN,UNKNOWN,Unknown,SUSPECTED SERIOUS INJURY,NONE,39.08860969,-77.15370074,"(39.08860969, -77.15370074)"
MCP2016006M,220052575,Montgomery County Police,Injury Crash,11/29/2022 06:30:00 AM,County,REDLAND RD,ENT SHADY GROVE METRO STATION,,N/A,PEDESTRIAN,OTHER,CLEAR,DRY,DAWN,TRAFFIC SIGNAL,NONE DETECTED,NONE DETECTED,BF321D26-77C9-46FC-A910-06E63C096B67,PEDESTRIAN,Cross/Enter at Intersection,NO IMPROPER ACTIONS,ON ROADWAY AT CROSSWALK,No,SUSPECTED MINOR INJURY,N/A,39.12837017,-77.16735683,"(39.12837017, -77.16735683)"
MCP2837000X,16017506,Montgomery County Police,Injury Crash,04/10/2016 12:10:00 PM,Maryland (State),DARNESTOWN RD,SENECA RD,,N/A,BICYCLIST,HEAD ON LEFT TURN,N/A,DRY,DAYLIGHT,NO CONTROLS,NONE DETECTED,NONE DETECTED,AD3701A4-C2C2-46FA-8607-49DEC5037B98,BICYCLIST,Cross/Enter not at Intersection,NO IMPROPER ACTIONS,ON ROADWAY NOT AT CROSSWALK,No,POSSIBLE INJURY,MC/BIKE HELMET,39.103765,-77.292745,"(39.103765, -77.292745)"
MCP26080012,15043981,MONTGOMERY,Injury Crash,09/01/2015 05:33:00 PM,Maryland (State),GEORGIA AVE,AUGUST DR,,N/A,PEDESTRIAN,STRAIGHT MOVEMENT ANGLE,CLEAR,DRY,DAYLIGHT,TRAFFIC SIGNAL,NONE DETECTED,NONE DETECTED,8C3A2386-E400-48E8-944D-C0D1611E0D13,PEDESTRIAN,Cross/Enter at Intersection,NO IMPROPER ACTIONS,ON ROADWAY AT CROSSWALK,No,POSSIBLE INJURY,N/A,39.02128167,-77.04459667,"(39.02128167, -77.04459667)"
MCP3329000R,220046123,Montgomery County Police,Injury Crash,10/20/2022 07:04:00 PM,County,AVENEL RD,CAMILLUS DR,,N/A,BICYCLIST,HEAD ON LEFT TURN,CLEAR,DRY,DARK -- UNKNOWN LIGHTING,N/A,NONE DETECTED,NONE DETECTED,F4350A95-415C-4FB9-BB47-1CB289C54F30,BICYCLIST,Cross/Enter at Intersection,NO IMPROPER ACTIONS,AT INTERSECTION BUT NO CROSSWALK,No,SUSPECTED MINOR INJURY,N/A,39.00969333,-76.98029,"(39.00969333, -76.98029)"
MCP2356002X,230022087,Montgomery County Police,Injury Crash,05/08/2023 09:00:00 PM,Municipality,KING FARM BLVD,CRESTFIELD DR,,N/A,PEDESTRIAN,SINGLE VEHICLE,CLEAR,DRY,DARK LIGHTS ON,NO CONTROLS,N/A,NONE DETECTED,3B6A634F-C107-42C7-B201-6E61D8210940,PEDESTRIAN,Cross/Enter at Intersection,NO IMPROPER ACTIONS,SIDEWALK,No,SUSPECTED MINOR INJURY,NONE,39.11353231,-77.17281194,"(39.11353231, -77.17281194)"
MCP25490048,15003663,Montgomery County Police,Injury Crash,01/23/2015 07:15:00 AM,Maryland (State),CONNECTICUT AVE,THORNAPPLE ST,,CHEVY CHASE #4,BICYCLIST,HEAD ON LEFT TURN,N/A,WET,DAWN,NO CONTROLS,NONE DETECTED,NONE DETECTED,622B15DA-2896-4E24-A7AA-712F986E3251,BICYCLIST,Walking/Riding w/Traffic,NO IMPROPER ACTIONS,OTHER,,SUSPECTED MINOR INJURY,MC/BIKE HELMET,39.21237333,-77.14266,"(39.21237333, -77.14266)"
MCP2796001Y,15031558,Montgomery County Police,Injury Crash,06/28/2015 11:20:00 AM,County,BEAVERWOOD LA,BEL PRE RD,,N/A,BICYCLIST,STRAIGHT MOVEMENT ANGLE,CLEAR,DRY,DAYLIGHT,TRAFFIC SIGNAL,NONE DETECTED,NONE DETECTED,66DE60E6-C70C-4031-AA14-0E095AD52ACA,BICYCLIST,Walking/Cycling on Sidewalk,FAILURE TO YIELD RIGHT OF WAY,ON ROADWAY AT CROSSWALK,,SUSPECTED MINOR INJURY,NONE,39.09046667,-77.05909,"(39.09046667, -77.05909)"
MCP27200013,15020637,Montgomery County Police,Injury Crash,05/01/2015 07:05:00 PM,Maryland (State),GEORGIA AVE,REEDIE DR,,N/A,PEDESTRIAN,STRAIGHT MOVEMENT ANGLE,CLEAR,DRY,DAYLIGHT,TRAFFIC SIGNAL,N/A,N/A,B0105DE1-B57D-42BD-B0ED-798DE63DB44E,PEDESTRIAN,Unknown,UNKNOWN,UNKNOWN,,POSSIBLE INJURY,N/A,39.03855333,-77.051755,"(39.03855333, -77.051755)"
MCP2046004Y,16009023,Montgomery County Police,Injury Crash,02/23/2016 09:24:00 AM,County,SLIGO AVE,FENTON ST,,N/A,PEDESTRIAN,ANGLE MEETS LEFT TURN,RAINING,WET,DAYLIGHT,TRAFFIC SIGNAL,NONE DETECTED,NONE DETECTED,A6921DDD-D69B-4D67-B614-913F0F222184,PEDESTRIAN,Cross/Enter at Intersection,NO IMPROPER ACTIONS,ON ROADWAY AT CROSSWALK,No,SUSPECTED MINOR INJURY,NONE,38.99017815,-77.02395558,"(38.99017815, -77.02395558)"
MCP2897000X,16036981,Montgomery County Police,Injury Crash,07/21/2016 05:43:00 PM,Other Public Roadway,HENDERSON CORNER RD,FREDERICK RD,,N/A,BICYCLIST,SINGLE VEHICLE,CLEAR,DRY,DAYLIGHT,NO CONTROLS,NONE DETECTED,NONE DETECTED,B518730B-B05D-4208-8B7D-FE08A53CE64A,BICYCLIST,Cross/Enter at Intersection,FAILURE TO YIELD RIGHT OF WAY,ON ROADWAY AT CROSSWALK,Yes,POSSIBLE INJURY,NONE,39.2015799,-77.25025222,"(39.2015799, -77.25025222)"
EJ7833002Z,170504343,Gaithersburg Police Depar,Injury Crash,04/26/2017 02:45:00 PM,County,N WESTLAND DR,S FREDERICK RD,,N/A,PEDESTRIAN,OTHER,CLEAR,DRY,DAYLIGHT,STOP SIGN,NONE DETECTED,NONE DETECTED,45530A02-DA22-417B-B963-5FC2EA343932,PEDESTRIAN,Cross/Enter at Intersection,NO IMPROPER ACTIONS,AT INTERSECTION MARKED CROSSWALK,No,POSSIBLE INJURY,N/A,39.12802119,-77.18507051,"(39.12802119, -77.18507051)"
MCP2676001F,15042691,MONTGOMERY,Injury Crash,08/25/2015 09:03:00 PM,County,STEDWICK RD,MONTGOMERY VILLAGE AVE,,N/A,BICYCLIST,OTHER,CLEAR,DRY,DARK LIGHTS ON,TRAFFIC SIGNAL,N/A,N/A,A3840532-34FE-4699-87A7-A68A291ED003,BICYCLIST,Cross/Enter at Intersection,NO IMPROPER ACTIONS,ON ROADWAY AT CROSSWALK,No,SUSPECTED MINOR INJURY,NONE,39.16959167,-77.20456,"(39.16959167, -77.20456)"
MCP2877009M,220012689,Montgomery County Police,Injury Crash,03/24/2022 01:35:00 PM,County,DUVALL DR,MASSACHUSETTS AVE,,N/A,PEDESTRIAN,STRAIGHT MOVEMENT ANGLE,CLOUDY,DRY,DAYLIGHT,STOP SIGN,NONE DETECTED,NONE DETECTED,6A9BF43C-8BF7-4B87-A8DB-7C8A0013E28C,PEDESTRIAN,Cross/Enter at Intersection,NO IMPROPER ACTIONS,ON ROADWAY AT CROSSWALK,No,SUSPECTED MINOR INJURY,NONE,38.95017787,-77.10169016,"(38.95017787, -77.10169016)"
MCP29170095,220013624,Montgomery County Police,Injury Crash,03/30/2022 08:11:00 PM,County,RANDOLPH RD,BUSHEY DR,,N/A,PEDESTRIAN,STRAIGHT MOVEMENT ANGLE,CLEAR,DRY,DARK NO LIGHTS,NO CONTROLS,NONE DETECTED,NONE DETECTED,FD51FF84-75F5-4031-9437-7F2B1D63AE52,PEDESTRIAN,Cross/Enter not at Intersection,DART DASH,ON ROADWAY NOT AT CROSSWALK,Yes,SUSPECTED SERIOUS INJURY,NONE,39.05748,-77.07754,"(39.05748, -77.07754)"
MCP2861005C,220019720,Montgomery County Police,Injury Crash,05/09/2022 05:05:00 PM,Maryland (State),OLD GEORGETOWN RD,CHESHIRE DR,,N/A,BICYCLIST,OTHER,CLEAR,DRY,DAYLIGHT,TRAFFIC SIGNAL,NONE DETECTED,NONE DETECTED,04EE3EF5-0363-43B0-ADBE-3DE5915B8B76,BICYCLIST,Cross/Enter not at Intersection,DART DASH,ON ROADWAY NOT AT CROSSWALK,Yes,SUSPECTED SERIOUS INJURY,MC/BIKE HELMET,39.02244667,-77.12369333,"(39.02244667, -77.12369333)"
MCP3122002R,200000844,Montgomery County Police,Injury Crash,01/06/2020 07:00:00 AM,Maryland (State),LAYHILL RD,ENT TO LAYHILL SHOPPING CENTER,,N/A,PEDESTRIAN,SINGLE VEHICLE,CLEAR,DRY,DARK -- UNKNOWN LIGHTING,NO CONTROLS,UNKNOWN,NONE DETECTED,F7E8AB3F-ACD1-434F-9FBA-8C6ED73104EE,PEDESTRIAN,Walking to/from school,NO IMPROPER ACTIONS,DRIVEWAY ACCESS MARKED CROSSWALK,No,POSSIBLE INJURY,N/A,39.092464,-77.045316,"(39.092464, -77.045316)"
MCP3085003M,220029820,Montgomery County Police,Injury Crash,07/11/2022 06:27:00 PM,County,NICHOLSON LA,NICHOLSON CT,,N/A,PEDESTRIAN,HEAD ON LEFT TURN,CLEAR,DRY,DAYLIGHT,TRAFFIC SIGNAL,NONE DETECTED,NONE DETECTED,5F07B41F-D652-45E3-9B5D-F876586704CD,PEDESTRIAN,Cross/Enter at Intersection,NO IMPROPER ACTIONS,ON ROADWAY AT CROSSWALK,No,SUSPECTED MINOR INJURY,N/A,39.0454131,-77.10500228,"(39.0454131, -77.10500228)"
MCP2981003V,210028136,Montgomery County Police,Injury Crash,07/20/2021 11:19:00 PM,County,LIVINGSTON ST,WEISMAN RD,,N/A,PEDESTRIAN,OTHER,CLEAR,DRY,DARK LIGHTS ON,STOP SIGN,UNKNOWN,N/A,78E916CE-BCB7-418B-B728-A64C37A17CD5,PEDESTRIAN,Standing,NO IMPROPER ACTIONS,SHOULDER,No,POSSIBLE INJURY,LIGHTING,39.05558827,-77.05852806,"(39.05558827, -77.05852806)"
MCP1379003Y,15021552,Montgomery County Police,Injury Crash,05/06/2015 02:15:00 PM,County,EXECUTIVE BLVD,OLD GEORGETOWN RD,,N/A,PEDESTRIAN,OTHER,CLEAR,DRY,DAYLIGHT,NO CONTROLS,NONE DETECTED,NONE DETECTED,04158147-305A-49D3-9D0E-5C671AA610F9,PEDESTRIAN,Other Working,NO IMPROPER ACTIONS,ON ROADWAY NOT AT CROSSWALK,,SUSPECTED SERIOUS INJURY,UNKNOWN,39.04871833,-77.123845,"(39.04871833, -77.123845)"