Report Number,Local Case Number,Agency Name,ACRS Report Type,Crash Date/Time,Route Type,Road Name,Cross-Street Name,Off-Road Description,Municipality,Related Non-Motorist,Collision Type,Weather,Surface Condition,Light,Traffic Control,Driver Substance Abuse,Non-Motorist Substance Abuse,Person ID,Pedestrian Type,Pedestrian Movement,Pedestrian Actions,Pedestrian Location,At Fault,Injury Severity,Safety Equipment,Latitude,Longitude,Location
MCP30330010,170508328,Montgomery County Police,Injury Crash,05/17/2017 04:00:00 PM,Maryland (State),UNIVERSITY BLVD E,COLESVILLE RD,,N/A,PEDESTRIAN,OTHER,CLEAR,DRY,DAYLIGHT,TRAFFIC SIGNAL,NONE DETECTED,NONE DETECTED,4C7617A1-8F9A-4B18-B41A-DBF232ACBE29,PEDESTRIAN,Cross/Enter not at Intersection,FAILURE TO OBEY TRAFFIC SIGNS SIGNALS OR OFFICER,ON ROADWAY AT CROSSWALK,Yes,POSSIBLE INJURY,NONE,39.01971092,-77.01315299,"(39.01971092, -77.01315299)"
MCP3150001L,200042420,Montgomery County Police,Injury Crash,10/27/2020 05:27:00 PM,,,,PARKING LOT OF 12304 FEATHERWOOD DR SILVER SPRING MD,,PEDESTRIAN,N/A,CLEAR,,DAYLIGHT,NO CONTROLS,NONE DETECTED,NONE DETECTED,EADA2DCA-2005-4BF5-AD30-E7557BA25DBD,PEDESTRIAN,Other,FAILURE TO YIELD RIGHT OF WAY,ON ROADWAY NOT AT CROSSWALK,Yes,SUSPECTED MINOR INJURY,NONE,39.05905521,-76.9718918,"(39.05905521, -76.9718918)"
MCP137800WG,210005062,Montgomery County Police,Injury Crash,02/08/2021 06:58:00 PM,County,CONTOUR RD,ODENDHAL AVE,,N/A,PEDESTRIAN,SINGLE VEHICLE,CLOUDY,DRY,DARK LIGHTS ON,TRAFFIC SIGNAL,UNKNOWN,NONE DETECTED,13591EB5-8BD6-480C-AD13-20EAC453C7D9,PEDESTRIAN,Cross/Enter at Intersection,NO IMPROPER ACTIONS,ON ROADWAY AT CROSSWALK,No,SUSPECTED MINOR INJURY,NONE,39.15243628,-77.19602164,"(39.15243628, -77.19602164)"
MCP3196000F,190041996,Montgomery County Police,Injury Crash,09/02/2019 03:16:00 PM,County,WALDORF DR,WYNNFIELD DR,,N/A,BICYCLIST,STRAIGHT MOVEMENT ANGLE,CLEAR,DRY,DAYLIGHT,NO CONTROLS,N/A,N/A,B504A6D3-ABA0-46F7-81C3-4DD3068A6C03,BICYCLIST,Walking/Riding w/Traffic,NO IMPROPER ACTIONS,ON ROADWAY NOT AT CROSSWALK,No,SUSPECTED MINOR INJURY,MC/BIKE HELMET,39.18594429,-77.27688125,"(39.18594429, -77.27688125)"
EJ7863000N,16066010,Gaithersburg Police Depar,Injury Crash,12/23/2016 04:24:00 PM,Municipality,PROFESSIONAL DR,FREDERICK RD,,N/A,PEDESTRIAN,N/A,CLEAR,DRY,DAYLIGHT,TRAFFIC SIGNAL,NONE DETECTED,NONE DETECTED,80A78B07-F7FC-4F9A-B9E5-DC7D2F58B471,PEDESTRIAN,Cross/Enter not at Intersection,DART DASH,ON ROADWAY NOT AT CROSSWALK,Yes,SUSPECTED MINOR INJURY,NONE,39.16337167,-77.22609,"(39.16337167, -77.22609)"
MCP30940029,220051881,Montgomery County Police,Injury Crash,11/23/2022 06:46:00 PM,,,,"PARKING LOT OF 19235 WATKINS MILL RD, MONTGOMERY VILLAGE, MD 20886",,PEDESTRIAN,OTHER,N/A,,DARK LIGHTS ON,N/A,"NONE DETECTED, UNKNOWN",NONE DETECTED,F0E7DF52-EE9B-4797-A293-E8BF59B56D2B,PEDESTRIAN,Other,IN ROADWAY IMPROPERLY,N/A,No,POSSIBLE INJURY,NONE,39.17233433,-77.20610483,"(39.17233433, -77.20610483)"
MCP2048003D,210039533,Montgomery County Police,Injury Crash,08/28/2021 12:00:00 PM,,AVENEL GARDEN LANE,ELTON RD,,N/A,PEDESTRIAN,OTHER,CLEAR,DRY,DAYLIGHT,NO CONTROLS,NONE DETECTED,NONE DETECTED,7431DC1A-65A6-40AD-9401-642B5271D660,PEDESTRIAN,Other,NO IMPROPER ACTIONS,SIDEWALK,No,SUSPECTED MINOR INJURY,N/A,39.01944365,-76.97196495,"(39.01944365, -76.97196495)"
MCP94280045,220007951,Montgomery County Police,Injury Crash,02/23/2022 02:14:00 PM,Maryland (State),RIDGE RD,DAMASCUS MANOR RD,,N/A,PEDESTRIAN,STRAIGHT MOVEMENT ANGLE,CLEAR,DRY,DAYLIGHT,NO CONTROLS,NONE DETECTED,NONE DETECTED,94AD48CB-BEDB-4584-8A10-F3983C352176,PEDESTRIAN,Cross/Enter not at Intersection,DART DASH,ON ROADWAY NOT AT CROSSWALK,Yes,SUSPECTED MINOR INJURY,NONE,39.28011119,-77.21175433,"(39.28011119, -77.21175433)"
MCP28180022,16041124,Montgomery County Police,Injury Crash,08/13/2016 05:37:00 PM,County,FENTON ST,COLESVILLE RD,,N/A,PEDESTRIAN,OTHER,CLEAR,DRY,N/A,TRAFFIC SIGNAL,NONE DETECTED,NONE DETECTED,DAE2F9D7-3E9E-4983-AA6B-FEB3A35895BE,PEDESTRIAN,Cross/Enter at Intersection,NO IMPROPER ACTIONS,AT INTERSECTION MARKED CROSSWALK,No,SUSPECTED MINOR INJURY,N/A,38.99752833,-77.02718167,"(38.99752833, -77.02718167)"
MCP3163002J,200003614,Montgomery County Police,Injury Crash,01/22/2020 03:30:00 PM,County,WESTBARD AVE,RIDGEFIELD RD,,N/A,PEDESTRIAN,HEAD ON LEFT TURN,N/A,DRY,DAYLIGHT,TRAFFIC SIGNAL,NONE DETECTED,N/A,7D721C70-8453-454C-957A-E67F5B548A46,PEDESTRIAN,Cross/Enter at Intersection,N/A,ON ROADWAY AT CROSSWALK,No,POSSIBLE INJURY,N/A,38.961452,-77.106857,"(38.961452, -77.106857)"
MCP29730031,170507704,Montgomery County Police,Injury Crash,05/14/2017 12:12:00 PM,,,,ASPEN HILL SHOPPING CENTER - CAPITAL ONE BANK - 13601 CONNECTICUT AVE SILVER SPRING MD 20906,,PEDESTRIAN,OTHER,CLEAR,,DAYLIGHT,NO CONTROLS,NONE DETECTED,NONE DETECTED,5356F370-20A6-4E57-A59A-8D67183D57D3,PEDESTRIAN,Other,NO IMPROPER ACTIONS,OTHER,No,POSSIBLE INJURY,N/A,39.07822411,-77.07972005,"(39.07822411, -77.07972005)"
MCP3121002G,190048939,Montgomery County Police,Property Damage Crash,10/11/2019 07:50:00 PM,County,WALKERS CHOICE RD,LAKE LANDING RD,,N/A,PEDESTRIAN,SINGLE VEHICLE,CLEAR,DRY,DARK LIGHTS ON,TRAFFIC SIGNAL,UNKNOWN,NONE DETECTED,1AE34311-0563-4631-A417-BA827EDBD59A,PEDESTRIAN,Cross/Enter at Intersection,NO IMPROPER ACTIONS,ON ROADWAY AT CROSSWALK,No,NO APPARENT INJURY,NONE,39.16144578,-77.20209489,"(39.16144578, -77.20209489)"
MCP23960036,190010789,Montgomery County Police,Injury Crash,03/08/2019 04:30:00 PM,Maryland (State),HUNGERFORD DR,BEALL AVE #2,,ROCKVILLE,PEDESTRIAN,STRAIGHT MOVEMENT ANGLE,CLEAR,DRY,DAYLIGHT,TRAFFIC SIGNAL,N/A,N/A,3648A6A3-E25B-4434-8283-0CC6BD53A3FF,PEDESTRIAN,Cross/Enter at Intersection,NO IMPROPER ACTIONS,ON ROADWAY AT CROSSWALK,No,SUSPECTED MINOR INJURY,UNKNOWN,39.08742277,-77.15015525,"(39.08742277, -77.15015525)"
MCP289200CN,220033164,Montgomery County Police,Injury Crash,08/02/2022 03:45:00 PM,US (State),COLESVILLE RD,UNIVERSITY BLVD E,,N/A,PEDESTRIAN,SINGLE VEHICLE,CLEAR,DRY,DAYLIGHT,TRAFFIC SIGNAL,NONE DETECTED,NONE DETECTED,E59834BA-AEFD-4E2E-AA70-A175C117E119,PEDESTRIAN,Cross/Enter at Intersection,NO IMPROPER ACTIONS,ON ROADWAY AT CROSSWALK,No,POSSIBLE INJURY,NONE,39.019485,-77.01374,"(39.019485, -77.01374)"
MCP25120028,16049778,Montgomery County Police,Injury Crash,09/27/2016 07:51:00 PM,Maryland (State),CLOPPER RD,FIRSTFIELD RD,,GAITHERSBURG,PEDESTRIAN,STRAIGHT MOVEMENT ANGLE,CLEAR,DRY,DARK LIGHTS ON,NO CONTROLS,NONE DETECTED,NONE DETECTED,9B127A44-90F9-472C-BCA6-6728479AACEA,PEDESTRIAN,Cross/Enter not at Intersection,FAILURE TO YIELD RIGHT OF WAY,ON ROADWAY NOT AT CROSSWALK,Yes,POSSIBLE INJURY,NONE,39.144595,-77.22561167,"(39.144595, -77.22561167)"
MCP2788000Z,16049262,Montgomery County Police,Injury Crash,09/25/2016 02:51:00 AM,Maryland (State),GEORGIA AVE,PRICE AVE,,N/A,PEDESTRIAN,SINGLE VEHICLE,CLEAR,DRY,DARK LIGHTS ON,WARNING SIGN,NONE DETECTED,ALCOHOL PRESENT,78AE1651-C2A8-484A-8BED-2A2C761F83CE,PEDESTRIAN,Cross/Enter at Intersection,INATTENTIVE,ON ROADWAY AT CROSSWALK,No,POSSIBLE INJURY,N/A,39.03997,-77.05110667,"(39.03997, -77.05110667)"
MCP2963001Q,180031057,Montgomery County Police,Injury Crash,06/24/2018 12:13:00 AM,US (State),GEORGIA AVE,SILVER SPRING AVE,,N/A,PEDESTRIAN,SINGLE VEHICLE,N/A,DRY,DARK LIGHTS ON,TRAFFIC SIGNAL,NONE DETECTED,NONE DETECTED,AA572C01-92EA-407F-B0EB-EA8371A85AE6,PEDESTRIAN,Cross/Enter at Intersection,NO IMPROPER ACTIONS,ON ROADWAY AT CROSSWALK,No,POSSIBLE INJURY,NONE,38.99150833,-77.02672833,"(38.99150833, -77.02672833)"
MCP291400B3,200030582,Montgomery County Police,Injury Crash,07/12/2020 03:40:00 AM,US (State),GEORGIA AVE,CROSSOVER,,N/A,PEDESTRIAN,OTHER,CLEAR,N/A,DARK LIGHTS ON,NO CONTROLS,N/A,N/A,0CB16293-85C5-4909-A8B1-6341DA452CC1,PEDESTRIAN,Standing,IN ROADWAY IMPROPERLY,N/A,Yes,POSSIBLE INJURY,NONE,38.99105471,-77.02640648,"(38.99105471, -77.02640648)"
MCP24360087,190040357,Montgomery County Police,Injury Crash,08/23/2019 12:50:00 PM,Maryland (State),PINEY BRANCH RD,ARLISS ST,,N/A,PEDESTRIAN,OTHER,RAINING,WET,DAYLIGHT,TRAFFIC SIGNAL,NONE DETECTED,NONE DETECTED,D9B00D3F-CC88-4344-B85C-D319920CDF00,PEDESTRIAN,Cross/Enter at Intersection,NO IMPROPER ACTIONS,ON ROADWAY AT CROSSWALK,No,SUSPECTED MINOR INJURY,N/A,38.99846833,-77.00145667,"(38.99846833, -77.00145667)"
MCP1465005S,220025349,Montgomery County Police,Injury Crash,06/13/2022 11:01:00 AM,County,NORWOOD RD,ATTLEBORO RD,,N/A,PEDESTRIAN,SINGLE VEHICLE,CLEAR,DRY,DAYLIGHT,OTHER,NONE DETECTED,NONE DETECTED,65CFE011-284E-41AB-9F6A-162EBD498663,PEDESTRIAN,Other Working,NO IMPROPER ACTIONS,OTHER,No,SUSPECTED MINOR INJURY,N/A,39.11543667,-77.01710667,"(39.11543667, -77.01710667)"
MCP3050000N,170502919,Montgomery County Police,Injury Crash,04/19/2017 08:41:00 AM,,,,DUNKIN DONUTS 13810 CONNECTICUT AVE SILVER SPRING 20906,,OTHER,SINGLE VEHICLE,CLEAR,,DAYLIGHT,N/A,NONE DETECTED,NONE DETECTED,4024C966-4958-407F-AF20-E9D67DE126F9,OTHER,Other,N/A,INSIDE BUILDING,No,SUSPECTED MINOR INJURY,N/A,39.08526833,-77.07725333,"(39.08526833, -77.07725333)"
MCP1174000Y,15036273,MONTGOMERY,Injury Crash,07/23/2015 09:56:00 AM,Maryland (State),OLD GEORGETOWN RD,CORDELL AVE,,N/A,PEDESTRIAN,SINGLE VEHICLE,CLEAR,DRY,DAYLIGHT,OTHER,NONE DETECTED,N/A,C81C50F9-5C55-42D8-8697-E50BFF21CF6E,PEDESTRIAN,Cross/Enter at Intersection,NO IMPROPER ACTIONS,ON ROADWAY AT CROSSWALK,No,SUSPECTED MINOR INJURY,NONE,38.98785167,-77.09937333,"(38.98785167, -77.09937333)"
MCP9130006K,180060238,Montgomery County Police,Injury Crash,12/02/2018 02:28:00 PM,,,,"PARKING LOT OF 807 DALEVIEW DRIVE
MONTGOMERY KNOLLS ELEMENTARY SCHOOL",,PEDESTRIAN,OTHER,CLOUDY,,DAYLIGHT,N/A,NONE DETECTED,NONE DETECTED,F1E3C5A3-21D1-4AED-AABD-4FDFAC07B2DF,PEDESTRIAN,Other,OTHER,OTHER,No,POSSIBLE INJURY,NONE,39.0056,-76.99393333,"(39.0056, -76.99393333)"
MCP1389001K,180015217,Montgomery County Police,Injury Crash,03/28/2018 07:55:00 PM,,,,PARKING LOT OF 7200 MUNCASTER MILL RD (MCDONALD'S),,PEDESTRIAN,SINGLE VEHICLE,RAINING,,DARK LIGHTS ON,N/A,N/A,NONE DETECTED,67BA1FEC-CE1F-48A8-9BA8-70738C361A44,PEDESTRIAN,Other Working,NO IMPROPER ACTIONS,OTHER,No,SUSPECTED MINOR INJURY,N/A,39.14563667,-77.14467333,"(39.14563667, -77.14467333)"
MCP284800BQ,210051102,Montgomery County Police,Injury Crash,12/16/2021 08:08:00 AM,Maryland (State),ROCKVILLE PIKE,NORTH DR,,N/A,BICYCLIST,OTHER,CLEAR,DRY,DAYLIGHT,TRAFFIC SIGNAL,NONE DETECTED,NONE DETECTED,E65355DC-180E-4B72-99EC-0BF75FD19A66,BICYCLIST,Walking/Cycling on Sidewalk,NO IMPROPER ACTIONS,AT INTERSECTION MARKED CROSSWALK,No,POSSIBLE INJURY,MC/BIKE HELMET,39.00445333,-77.09722833,"(39.00445333, -77.09722833)"
MCP2869003W,190047272,Montgomery County Police,Injury Crash,10/02/2019 02:40:00 PM,County,KERWIN RD,UNIVERSITY BLVD W,,N/A,BICYCLIST,OTHER,N/A,DRY,DAYLIGHT,STOP SIGN,UNKNOWN,NONE DETECTED,FFEC9862-6481-4B52-A6AD-31537C818010,BICYCLIST,Cross/Enter at Intersection,NO IMPROPER ACTIONS,AT INTERSECTION BUT NO CROSSWALK,No,SUSPECTED MINOR INJURY,MC/BIKE HELMET,39.02979358,-77.02100592,"(39.02979358, -77.02100592)"
EJ78530024,17007184,Gaithersburg Police Depar,Injury Crash,02/12/2017 06:30:00 AM,,,,"408 N. FREDERICK AVE. GAITHERSBURG, MARYLAND 20877",,PEDESTRIAN,OTHER,N/A,,N/A,NO CONTROLS,N/A,NONE DETECTED,666DEC13-F939-4F91-B1C1-7F1C5B0701F3,PEDESTRIAN,Standing,OTHER,OTHER,No,POSSIBLE INJURY,NONE,39.139945,-77.19556833,"(39.139945, -77.19556833)"
EJ78850035,230032394,Gaithersburg Police Depar,Injury Crash,07/07/2023 02:55:00 PM,,,,PARKING LOT OF 880 RUSSELL AVE,,PEDESTRIAN,N/A,CLEAR,,DAYLIGHT,NO CONTROLS,NONE DETECTED,NONE DETECTED,5FB966A6-5440-4489-BF8F-2D88032C8063,PEDESTRIAN,Other,NO IMPROPER ACTIONS,OTHER,No,POSSIBLE INJURY,N/A,39.1563985,-77.21339017,"(39.1563985, -77.21339017)"
MCP2965004N,200018691,Montgomery County Police,Injury Crash,05/08/2020 10:10:00 AM,County,HERITAGE HILLS DR,HERITAGE HILLS CT,,N/A,OTHER CONVEYANCE,OTHER,CLOUDY,DRY,DAYLIGHT,NO CONTROLS,NONE DETECTED,NONE DETECTED,090619CD-AB50-4CAA-8706-1B28EB0A24E4,OTHER CONVEYANCE,Cross/Enter not at Intersection,NOT VISIBLE,ON ROADWAY NOT AT CROSSWALK,Yes,POSSIBLE INJURY,REFLECTIVE CLOTHING,39.169105,-77.06162333,"(39.169105, -77.06162333)"
MCP27910022,16012504,MONTGOMERY,Injury Crash,03/13/2016 08:55:00 PM,,,,PARKING LOT AT 13820 OLD COLUMBIA PIKE,,PEDESTRIAN,SINGLE VEHICLE,RAINING,,DARK LIGHTS ON,NO CONTROLS,NONE DETECTED,ALCOHOL PRESENT,19E161CF-5C1E-45B5-B69A-DFB59B9AD61D,PEDESTRIAN,Other,INATTENTIVE,OTHER,Yes,POSSIBLE INJURY,NONE,39.083745,-76.95171167,"(39.083745, -76.95171167)"
MCP2039001J,16018390,Montgomery County Police,Property Damage Crash,04/15/2016 06:12:00 AM,Maryland (State),CONNECTICUT AVE,KAYSON ST,,N/A,OTHER,STRAIGHT MOVEMENT ANGLE,CLEAR,DRY,DARK NO LIGHTS,STOP SIGN,N/A,N/A,3693B532-251E-4BEF-856F-C68D3FF4C778,OTHER,N/A,N/A,INSIDE BUILDING,No,NO APPARENT INJURY,N/A,39.06792499,-77.07523137,"(39.06792499, -77.07523137)"
MCP2187000G,200025035,Montgomery County Police,Injury Crash,06/27/2020 12:06:00 PM,Maryland (State),QUINCE ORCHARD RD,ENT TO PARK & RIDE,,N/A,BICYCLIST,STRAIGHT MOVEMENT ANGLE,CLEAR,DRY,DAYLIGHT,TRAFFIC SIGNAL,NONE DETECTED,NONE DETECTED,97ADC450-E92E-4CDA-BFA2-EC1D90141872,BICYCLIST,Cross/Enter not at Intersection,FAILURE TO OBEY TRAFFIC SIGNS SIGNALS OR OFFICER,ON ROADWAY NOT AT CROSSWALK,Yes,SUSPECTED MINOR INJURY,NONE,39.02994667,-77.12695333,"(39.02994667, -77.12695333)"
MCP3039005Y,220019946,Montgomery County Police,Injury Crash,05/10/2022 10:00:00 PM,US (State),GEORGIA AVE,THAYER AVE,,N/A,PEDESTRIAN,STRAIGHT MOVEMENT ANGLE,CLEAR,DRY,DARK LIGHTS ON,TRAFFIC SIGNAL,NONE DETECTED,N/A,A18D68AF-E35A-4573-8603-43749067B9C2,PEDESTRIAN,Cross/Enter at Intersection,NO IMPROPER ACTIONS,AT INTERSECTION MARKED CROSSWALK,No,SUSPECTED MINOR INJURY,REFLECTIVE CLOTHING,38.99291668,-77.02660492,"(38.99291668, -77.02660492)"
MCP2384000T,15008804,Montgomery County Police,Injury Crash,02/24/2015 06:45:00 PM,County,SANGAMORE RD,SENTINEL RD,,N/A,PEDESTRIAN,OTHER,CLEAR,DRY,DARK LIGHTS ON,STOP SIGN,UNKNOWN,NONE DETECTED,D8F82FF1-CCE2-4891-8992-EBF43F8F6B87,PEDESTRIAN,Cross/Enter at Intersection,NO IMPROPER ACTIONS,ON ROADWAY AT CROSSWALK,,SUSPECTED MINOR INJURY,N/A,38.95055333,-77.12055167,"(38.95055333, -77.12055167)"
MCP29910013,16047934,Montgomery County Police,Injury Crash,09/18/2016 12:45:00 PM,,,,CHURCH PARKING LOT OFF OF 17615 OLD BALTIMORE RD.,,PEDESTRIAN,SINGLE VEHICLE,CLEAR,,DAYLIGHT,NO CONTROLS,NONE DETECTED,NONE DETECTED,51EE3148-3B80-4843-8C9C-FEFD82F1918A,PEDESTRIAN,Other,NO IMPROPER ACTIONS,OTHER,No,POSSIBLE INJURY,N/A,39.14461333,-77.050775,"(39.14461333, -77.050775)"
MCP2054000K,190058955,Montgomery County Police,Injury Crash,12/06/2019 09:15:00 PM,Maryland (State),16TH ST,EAST WEST HWY,,N/A,PEDESTRIAN,STRAIGHT MOVEMENT ANGLE,CLEAR,DRY,DARK LIGHTS ON,TRAFFIC SIGNAL,UNKNOWN,NONE DETECTED,2FD4974C-DC42-44DB-8FED-EC3C88493B23,PEDESTRIAN,Cross/Enter at Intersection,NO IMPROPER ACTIONS,AT INTERSECTION MARKED CROSSWALK,No,SUSPECTED MINOR INJURY,N/A,38.99464661,-77.03620287,"(38.99464661, -77.03620287)"
MCP30700015,190055317,Montgomery County Police,Injury Crash,11/16/2019 01:10:00 PM,County,BATTERY LA,OLD GEORGETOWN RD,,N/A,PEDESTRIAN,SINGLE VEHICLE,CLEAR,DRY,DAYLIGHT,TRAFFIC SIGNAL,N/A,N/A,6BFDD7FE-00F3-4D3D-BE61-3EF6ADAA4395,PEDESTRIAN,Cross/Enter at Intersection,NO IMPROPER ACTIONS,AT INTERSECTION MARKED CROSSWALK,No,SUSPECTED MINOR INJURY,N/A,38.99080167,-77.10278167,"(38.99080167, -77.10278167)"
MCP33020008,210031516,Montgomery County Police,Injury Crash,08/13/2021 05:51:00 PM,County,RANDOLPH RD,SHERWOOD FOREST DR,,N/A,PEDESTRIAN,SINGLE VEHICLE,RAINING,WET,DAYLIGHT,N/A,NONE DETECTED,NONE DETECTED,6B5D8E0F-5244-443A-ACCB-0F40790E0819,PEDESTRIAN,Cross/Enter at Intersection,DART DASH,AT INTERSECTION BUT NO CROSSWALK,Yes,SUSPECTED SERIOUS INJURY,NONE,39.07321171,-77.00832942,"(39.07321171, -77.00832942)"
DD5643002V,230030322,Rockville Police Departme,Injury Crash,06/24/2023 10:50:00 PM,Municipality,MONROE ST,E JEFFERSON ST,,N/A,"OTHER, PEDESTRIAN",OTHER,CLEAR,DRY,DARK LIGHTS ON,TRAFFIC SIGNAL,NONE DETECTED,N/A,A2AB0E6C-AD55-49E1-A114-1B86B5285AC8,OTHER,N/A,N/A,N/A,No,NO APPARENT INJURY,N/A,39.08198033,-77.14913469,"(39.08198033, -77.14913469)"
DD5593001W,16004967,Rockville Police Departme,Injury Crash,01/30/2016 07:15:00 PM,,,,"PARKING LOT OF 15136 FREDERICK RD (ADVANCE AUTO), ROCKVILLE, MD",,PEDESTRIAN,HEAD ON LEFT TURN,CLEAR,,DARK LIGHTS ON,N/A,UNKNOWN,NONE DETECTED,85943060-F96A-446D-BD1C-E4C02AE4D87B,PEDESTRIAN,Other,NO IMPROPER ACTIONS,OTHER,No,POSSIBLE INJURY,NONE,39.10419167,-77.15767333,"(39.10419167, -77.15767333)"
MCP2752001P,170506457,Montgomery County Police,Injury Crash,05/07/2017 04:10:00 PM,County,MARYLAND AVE,MACARTHUR BLVD,,N/A,BICYCLIST,STRAIGHT MOVEMENT ANGLE,CLEAR,DRY,DAYLIGHT,STOP SIGN,N/A,N/A,7A8BC406-D329-4BD4-9AF0-60906DA5E386,BICYCLIST,Cross/Enter at Intersection,NO IMPROPER ACTIONS,ON ROADWAY AT CROSSWALK,No,SUSPECTED MINOR INJURY,MC/BIKE HELMET,38.96556133,-77.13695267,"(38.96556133, -77.13695267)"
MCP3029000N,170500472,Montgomery County Police,Injury Crash,04/05/2017 08:15:00 AM,County,HEWITT AVE,GEORGIA AVE,,N/A,PEDESTRIAN,OTHER,CLEAR,DRY,DAYLIGHT,NO CONTROLS,UNKNOWN,N/A,45EBF403-7E71-49BC-AE53-9DB968368749,PEDESTRIAN,Standing,NO IMPROPER ACTIONS,OTHER,No,SUSPECTED MINOR INJURY,N/A,39.07924957,-77.06777215,"(39.07924957, -77.06777215)"
DM8456000V,170514397,Takoma Park Police Depart,Injury Crash,06/18/2017 01:00:00 PM,Maryland (State),NEW HAMPSHIRE AVE,UNIVERSITY BLVD,,N/A,PEDESTRIAN,N/A,CLEAR,DRY,DAYLIGHT,TRAFFIC SIGNAL,N/A,NONE DETECTED,FA0BCDC3-971A-4350-90F0-C687F2A519DE,PEDESTRIAN,Cross/Enter not at Intersection,DART DASH,ON ROADWAY NOT AT CROSSWALK,Yes,POSSIBLE INJURY,NONE,38.98634,-76.98856167,"(38.98634, -76.98856167)"
MCP30390069,230024261,Montgomery County Police,Property Damage Crash,05/20/2023 06:16:00 PM,County,DENNIS AVE,INWOOD AVE,,N/A,BICYCLIST,STRAIGHT MOVEMENT ANGLE,CLEAR,DRY,DAYLIGHT,TRAFFIC SIGNAL,UNKNOWN,NONE DETECTED,5D9D708B-0019-4125-B58C-6EE8F7E336E7,BICYCLIST,Cross/Enter at Intersection,NO IMPROPER ACTIONS,AT INTERSECTION BUT NO CROSSWALK,No,NO APPARENT INJURY,MC/BIKE HELMET,39.02623569,-77.03543627,"(39.02623569, -77.03543627)"
MCP2973002W,170501570,Montgomery County Police,Injury Crash,03/27/2017 04:00:00 PM,,,,"HOME DEPOT PARKING LOT - 14000 GEORGIA AVE SILVER SPRING, MD 20906",,PEDESTRIAN,OTHER,CLEAR,,DAYLIGHT,NO CONTROLS,NONE DETECTED,NONE DETECTED,03E95798-F810-4970-9971-7BDF0A6FD7A4,PEDESTRIAN,Standing,NO IMPROPER ACTIONS,OTHER,No,POSSIBLE INJURY,N/A,39.0836115,-77.08112955,"(39.0836115, -77.08112955)"
MCP2651003J,190050853,Montgomery County Police,Injury Crash,10/23/2019 06:49:00 AM,County,NORTHAMPTON DR,BEACON RD,,N/A,PEDESTRIAN,OTHER,CLEAR,DRY,DARK LIGHTS ON,STOP SIGN,N/A,N/A,54D336CB-DB44-4EB8-857D-18B8A33E8476,PEDESTRIAN,Cross/Enter at Intersection,FAILURE TO YIELD RIGHT OF WAY,ON ROADWAY NOT AT CROSSWALK,Yes,POSSIBLE INJURY,NONE,39.00762,-76.98374,"(39.00762, -76.98374)"
MCP3017000G,170542868,Montgomery County Police,Injury Crash,11/14/2017 11:00:00 PM,Maryland (State),ROCKVILLE PIKE,TEMPLETON PL,,ROCKVILLE,PEDESTRIAN,OTHER,CLEAR,DRY,UNKNOWN,UNKNOWN,UNKNOWN,NONE DETECTED,7F4C7327-7DE1-4F2D-BB99-5F67800B11B7,PEDESTRIAN,Cross/Enter at Intersection,UNKNOWN,ON ROADWAY AT CROSSWALK,Unknown,SUSPECTED MINOR INJURY,NONE,39.06699568,-77.12818623,"(39.06699568, -77.12818623)"
MCP2586006S,230062730,Montgomery County Police,Injury Crash,10/26/2023 04:27:00 PM,Maryland (State),GERMANTOWN RD,BOWMAN MILL RD,,N/A,BICYCLIST,STRAIGHT MOVEMENT ANGLE,N/A,DRY,DAYLIGHT,TRAFFIC SIGNAL,NONE DETECTED,NONE DETECTED,171D2F85-7EE6-4006-87D8-373EF60BD2DB,BICYCLIST,Cross/Enter at Intersection,FAILURE TO YIELD RIGHT OF WAY,MIDBLOCK MARKED CROSSWALK,Yes,POSSIBLE INJURY,NONE,39.17524245,-77.27203661,"(39.17524245, -77.27203661)"
MCP29950048,190009228,Montgomery County Police,Injury Crash,02/26/2019 06:26:00 PM,County,BEL PRE RD,NORTH GATE DR,,N/A,PEDESTRIAN,OTHER,CLEAR,N/A,DARK LIGHTS ON,OTHER,UNKNOWN,NONE DETECTED,E8A46667-1F78-4D82-88BD-1ED2028EEDA5,PEDESTRIAN,Cross/Enter not at Intersection,NO IMPROPER ACTIONS,ON ROADWAY AT CROSSWALK,No,SUSPECTED SERIOUS INJURY,NONE,39.09190667,-77.06920667,"(39.09190667, -77.06920667)"
DM84470016,16056965,Takoma Park Police Depart,Injury Crash,11/04/2016 07:40:00 PM,Maryland (State),NEW HAMPSHIRE AVE,HOLTON LA,,TAKOMA PARK,PEDESTRIAN,SINGLE VEHICLE,CLEAR,DRY,DARK LIGHTS ON,TRAFFIC SIGNAL,NONE DETECTED,NONE DETECTED,4222D904-8AF2-4B72-A3CA-7FA7B8873C29,PEDESTRIAN,Cross/Enter at Intersection,FAILURE TO OBEY TRAFFIC SIGNS SIGNALS OR OFFICER,ON ROADWAY NOT AT CROSSWALK,Yes,POSSIBLE INJURY,NONE,38.985899,-76.988181,"(38.985899, -76.988181)"
MCP3148000S,180058223,Montgomery County Police,Injury Crash,11/20/2018 02:08:00 PM,County,EXECUTIVE BLVD,MARINELLI RD,,N/A,PEDESTRIAN,HEAD ON,CLEAR,DRY,DAYLIGHT,TRAFFIC SIGNAL,N/A,N/A,2F07F928-FDA2-4527-8D86-2CC04FC215D4,PEDESTRIAN,Cross/Enter at Intersection,NO IMPROPER ACTIONS,ON ROADWAY AT CROSSWALK,No,POSSIBLE INJURY,N/A,39.04627333,-77.11695833,"(39.04627333, -77.11695833)"
MCP3109008S,230065376,Montgomery County Police,Injury Crash,11/09/2023 06:29:00 AM,County,AVENEL RD,NORTHAMPTON DR,,N/A,PEDESTRIAN,OTHER,CLEAR,DRY,DAWN,STOP SIGN,UNKNOWN,NONE DETECTED,3079BC78-190B-41E8-9A9E-C4C34EFBE067,PEDESTRIAN,Cross/Enter at Intersection,NO IMPROPER ACTIONS,ON ROADWAY AT CROSSWALK,No,SUSPECTED MINOR INJURY,NONE,39.00706072,-76.98051033,"(39.00706072, -76.98051033)"