Report Number,Local Case Number,Agency Name,ACRS Report Type,Crash Date/Time,Route Type,Road Name,Cross-Street Name,Off-Road Description,Municipality,Related Non-Motorist,Collision Type,Weather,Surface Condition,Light,Traffic Control,Driver Substance Abuse,Non-Motorist Substance Abuse,Person ID,Pedestrian Type,Pedestrian Movement,Pedestrian Actions,Pedestrian Location,At Fault,Injury Severity,Safety Equipment,Latitude,Longitude,Location
MCP242500GL,210005127,Montgomery County Police,Injury Crash,02/09/2021 10:50:00 AM,Maryland (State),GEORGIA AVE,COLESVILLE RD,,N/A,PEDESTRIAN,OTHER,N/A,DRY,DAYLIGHT,TRAFFIC SIGNAL,NONE DETECTED,NONE DETECTED,BC8BD9F9-4378-4788-B8C3-FA23F779CD54,PEDESTRIAN,Cross/Enter at Intersection,NO IMPROPER ACTIONS,ON ROADWAY AT CROSSWALK,No,SUSPECTED MINOR INJURY,NONE,38.99574167,-77.02811167,"(38.99574167, -77.02811167)"
MCP229800Y9,210036286,Montgomery County Police,Injury Crash,09/14/2021 08:04:00 PM,Maryland (State),GERMANTOWN RD,FREDERICK RD,,N/A,PEDESTRIAN,SINGLE VEHICLE,CLOUDY,DRY,DARK LIGHTS ON,TRAFFIC SIGNAL,NONE DETECTED,NONE DETECTED,A1322CCB-7F52-4DF2-BEED-65D1B18AEE58,PEDESTRIAN,Cross/Enter at Intersection,NO IMPROPER ACTIONS,AT INTERSECTION MARKED CROSSWALK,No,SUSPECTED SERIOUS INJURY,N/A,39.19234028,-77.2429752,"(39.19234028, -77.2429752)"
MCP21070011,17000332,Montgomery County Police,Injury Crash,01/03/2017 07:32:00 AM,Maryland (State),CLOPPER RD,CINNAMON DR,,N/A,PEDESTRIAN,SINGLE VEHICLE,RAINING,WET,DARK LIGHTS ON,STOP SIGN,NONE DETECTED,NONE DETECTED,0E54D9D5-0899-4BBB-9C15-2878FB03B8DD,PEDESTRIAN,Cross/Enter not at Intersection,DART DASH,ON ROADWAY NOT AT CROSSWALK,Yes,SUSPECTED SERIOUS INJURY,NONE,39.15610804,-77.26451889,"(39.15610804, -77.26451889)"
MCP2378000P,16041783,Montgomery County Police,Property Damage Crash,08/17/2016 05:23:00 PM,Municipality,DORSET AVE,WARWICK PL,,SOMERSET,BICYCLIST,HEAD ON LEFT TURN,CLEAR,DRY,DAYLIGHT,STOP SIGN,NONE DETECTED,NONE DETECTED,BB349278-7CA9-4DC8-A632-1FE317B6C6FA,BICYCLIST,Walking/Riding w/Traffic,FAILURE TO YIELD RIGHT OF WAY,AT INTERSECTION MARKED CROSSWALK,Yes,NO APPARENT INJURY,NONE,38.96773219,-77.09322497,"(38.96773219, -77.09322497)"
MCP15190041,220036336,Montgomery County Police,Injury Crash,08/23/2022 08:47:00 AM,Maryland (State),GREAT SENECA HWY,MATENY RD,,N/A,BICYCLIST,SINGLE VEHICLE,CLEAR,DRY,DAYLIGHT,TRAFFIC SIGNAL,NONE DETECTED,NONE DETECTED,513257FD-2883-4CC5-B82F-A7393676CAD0,BICYCLIST,Cross/Enter at Intersection,NO IMPROPER ACTIONS,ON ROADWAY AT CROSSWALK,No,SUSPECTED MINOR INJURY,MC/BIKE HELMET,39.14615,-77.27454,"(39.14615, -77.27454)"
MCP2656003C,180044582,Montgomery County Police,Property Damage Crash,09/06/2018 07:13:00 PM,County,BRANTFORD AVE,NEW HAMPSHIRE AVE,,N/A,BICYCLIST,STRAIGHT MOVEMENT ANGLE,N/A,DRY,DARK LIGHTS ON,N/A,N/A,N/A,34F4DA45-1672-470C-AF15-449A7CFC313A,BICYCLIST,Cross/Enter at Intersection,NO IMPROPER ACTIONS,AT INTERSECTION MARKED CROSSWALK,No,NO APPARENT INJURY,MC/BIKE HELMET,39.05920833,-76.99764,"(39.05920833, -76.99764)"
MCP29870025,170527293,Montgomery County Police,Injury Crash,08/28/2017 10:15:00 AM,Maryland (State),PINEY BRANCH RD,UNIVERSITY BLVD E,,N/A,PEDESTRIAN,STRAIGHT MOVEMENT ANGLE,CLEAR,DRY,DAYLIGHT,TRAFFIC SIGNAL,NONE DETECTED,NONE DETECTED,C36BE405-9965-4065-A823-44C1E95C4AB9,PEDESTRIAN,Cross/Enter at Intersection,NO IMPROPER ACTIONS,ON ROADWAY AT CROSSWALK,No,SUSPECTED MINOR INJURY,NONE,39.00000833,-76.99481667,"(39.00000833, -76.99481667)"
DD5643002S,230026189,Rockville Police Departme,Injury Crash,05/31/2023 05:00:00 PM,Municipality,W MONTGOMERY AVE,N VAN BUREN ST,,ROCKVILLE,BICYCLIST,OTHER,CLEAR,DRY,DAYLIGHT,STOP SIGN,UNKNOWN,NONE DETECTED,B11E2CDA-6385-410B-9051-D177CACBFEE7,BICYCLIST,Cross/Enter at Intersection,OTHER,AT INTERSECTION MARKED CROSSWALK,Unknown,SUSPECTED MINOR INJURY,NONE,39.08412648,-77.15685182,"(39.08412648, -77.15685182)"
MCP1417003N,15034903,MONTGOMERY,Injury Crash,07/16/2015 08:16:00 AM,Municipality,FIRSTFIELD RD,CLOPPER RD,,N/A,BICYCLIST,SAME DIRECTION LEFT TURN,CLEAR,DRY,DAYLIGHT,TRAFFIC SIGNAL,NONE DETECTED,NONE DETECTED,73AA8147-5ADD-4063-9B9A-EC1982967930,BICYCLIST,Cross/Enter at Intersection,NO IMPROPER ACTIONS,AT INTERSECTION MARKED CROSSWALK,No,SUSPECTED MINOR INJURY,NONE,39.14369746,-77.22373188,"(39.14369746, -77.22373188)"
MCP2871005Y,190017115,Montgomery County Police,Property Damage Crash,04/11/2019 05:15:00 PM,Maryland (State),ROCKVILLE PIKE,CEDAR LA,,N/A,BICYCLIST,SINGLE VEHICLE,N/A,DRY,DAYLIGHT,NO CONTROLS,NONE DETECTED,NONE DETECTED,C490DBA4-EF10-4011-B5AB-1CF5D351CDBD,BICYCLIST,Walking/Riding w/Traffic,NO IMPROPER ACTIONS,ON ROADWAY NOT AT CROSSWALK,No,NO APPARENT INJURY,MC/BIKE HELMET,39.00567386,-77.09762297,"(39.00567386, -77.09762297)"
MCP28860016,16002214,Montgomery County Police,Injury Crash,01/12/2016 05:36:00 PM,Maryland (State),GEORGIA AVE,ENT TO APTS,,N/A,PEDESTRIAN,SINGLE VEHICLE,CLOUDY,N/A,DARK NO LIGHTS,NO CONTROLS,NONE DETECTED,NONE DETECTED,A9C80955-0B94-42BB-88E2-406EDC20B00F,PEDESTRIAN,Cross/Enter at Intersection,DART DASH,ON ROADWAY NOT AT CROSSWALK,Yes,POSSIBLE INJURY,NONE,39.08771167,-77.07945667,"(39.08771167, -77.07945667)"
DD56280055,210050819,Rockville Police Departme,Injury Crash,12/14/2021 12:56:00 PM,,,,PARKING LOT OF 838 ROCKVILLE PK,,PEDESTRIAN,OTHER,CLEAR,,DAYLIGHT,N/A,,NONE DETECTED,1060C3AB-7E23-4D56-AED8-DB17A6CF4527,PEDESTRIAN,Getting off/on Vehicle,OTHER,OTHER,Yes,SUSPECTED SERIOUS INJURY,N/A,39.07605098,-77.13702113,"(39.07605098, -77.13702113)"
MCP1366002D,15005713,Montgomery County Police,Injury Crash,02/04/2015 04:24:00 PM,County,BEDFORDSHIRE AVE,GLEN RD,,N/A,PEDESTRIAN,OTHER,N/A,DRY,DAYLIGHT,STOP SIGN,NONE DETECTED,NONE DETECTED,46A8DB8E-75FD-4F7F-8A4E-A462706CF286,PEDESTRIAN,Standing,ENTERING EXITING PARKED STANDING VEHICLE,OTHER,,SUSPECTED SERIOUS INJURY,N/A,39.04685833,-77.20383667,"(39.04685833, -77.20383667)"
MCP3018002Y,180052587,Montgomery County Police,Injury Crash,10/20/2018 04:05:00 PM,,,,DRIVEWAY OF 2827 ABBEY MANOR CR,,PEDESTRIAN,SINGLE VEHICLE,CLEAR,,DAYLIGHT,NO CONTROLS,NONE DETECTED,NONE DETECTED,EC4F9345-7DF5-4E97-9E23-903F0BABBB91,PEDESTRIAN,Other,INATTENTIVE,OTHER,No,SUSPECTED MINOR INJURY,NONE,39.16578068,-77.0593187,"(39.16578068, -77.0593187)"
MCP29340017,15062309,MONTGOMERY,Injury Crash,12/06/2015 11:40:00 AM,County,MACARTHUR BLVD,WILSON LA,,N/A,BICYCLIST,OTHER,CLEAR,DRY,DAYLIGHT,NO CONTROLS,NONE DETECTED,NONE DETECTED,BC06799B-20C3-460D-929C-A764C619F901,BICYCLIST,Walking/Riding w/Traffic,NO IMPROPER ACTIONS,SHOULDER,No,POSSIBLE INJURY,MC/BIKE HELMET,38.972745,-77.14698667,"(38.972745, -77.14698667)"
MCP2658001M,17007893,Montgomery County Police,Injury Crash,02/13/2017 04:45:00 PM,County,APRIL LA,CUL DE SAC,,N/A,PEDESTRIAN,STRAIGHT MOVEMENT ANGLE,N/A,N/A,DAYLIGHT,N/A,,N/A,8305E55A-8674-42BD-B609-679E27D320F9,PEDESTRIAN,Playing,IN ROADWAY IMPROPERLY,AT INTERSECTION BUT NO CROSSWALK,Unknown,SUSPECTED SERIOUS INJURY,N/A,39.04603593,-76.97854042,"(39.04603593, -76.97854042)"
MCP003600DB,200035356,Montgomery County Police,Injury Crash,09/09/2020 02:10:00 PM,County,DIXIE RIDGE TERR,ROLLING FORK WAY,,N/A,BICYCLIST,SINGLE VEHICLE,CLOUDY,DRY,DAYLIGHT,NO CONTROLS,NONE DETECTED,NONE DETECTED,9F04B0F6-12B2-473E-A370-E83ABAE3561D,BICYCLIST,Cross/Enter not at Intersection,FAILURE TO YIELD RIGHT OF WAY,SHARED USE PATH OR TRAILS,Yes,SUSPECTED SERIOUS INJURY,NONE,39.24751433,-77.20027017,"(39.24751433, -77.20027017)"
MCP3050001K,170534971,Montgomery County Police,Injury Crash,10/05/2017 03:45:00 PM,,,,"IN PARKING LOT IFO 14231 GEORGIA AVE SILVER SPRING, MD 20906.",,PEDESTRIAN,SINGLE VEHICLE,CLEAR,,DAYLIGHT,N/A,NONE DETECTED,NONE DETECTED,0732F410-0983-4FD5-9E49-83F339701475,PEDESTRIAN,Other,DART DASH,OTHER,Yes,SUSPECTED MINOR INJURY,N/A,39.09211,-77.06884,"(39.09211, -77.06884)"
MCP32530022,220052964,Montgomery County Police,Injury Crash,12/01/2022 06:30:00 AM,County,ARROWHEAD RD,ROTHBURY DR,,N/A,PEDESTRIAN,SINGLE VEHICLE,CLEAR,DRY,DARK LIGHTS ON,STOP SIGN,NONE DETECTED,NONE DETECTED,3B910328-188F-456B-B0C9-228516843CFF,PEDESTRIAN,Cross/Enter at Intersection,NO IMPROPER ACTIONS,ON ROADWAY AT CROSSWALK,No,SUSPECTED MINOR INJURY,NONE,39.18524,-77.19402667,"(39.18524, -77.19402667)"
MCP2043001T,200004897,Montgomery County Police,Injury Crash,01/29/2020 11:05:00 PM,County,INDUSTRIAL DR,GAITHER RD,,N/A,PEDESTRIAN,OTHER,CLEAR,N/A,DARK LIGHTS ON,STOP SIGN,NONE DETECTED,NONE DETECTED,D6421E80-7020-4F69-89A4-C82E71932651,PEDESTRIAN,Cross/Enter at Intersection,NO IMPROPER ACTIONS,AT INTERSECTION MARKED CROSSWALK,No,SUSPECTED MINOR INJURY,NONE,39.11771333,-77.18986167,"(39.11771333, -77.18986167)"
MCP3205000M,190060261,Montgomery County Police,Injury Crash,12/14/2019 09:56:00 AM,Maryland (State),GEORGIA AVE,PLYERS MILL RD,,N/A,PEDESTRIAN,SINGLE VEHICLE,RAINING,WET,DAYLIGHT,TRAFFIC SIGNAL,NONE DETECTED,NONE DETECTED,5DF12AC4-8D4A-4022-8C6F-FC400F122A50,PEDESTRIAN,Cross/Enter at Intersection,NO IMPROPER ACTIONS,ON ROADWAY AT CROSSWALK,No,SUSPECTED SERIOUS INJURY,N/A,39.03006429,-77.04760872,"(39.03006429, -77.04760872)"
EJ7847001T,16028832,Gaithersburg Police Depar,Injury Crash,06/08/2016 05:59:00 PM,Maryland (State),DARNESTOWN RD,TREWORTHY RD,,GAITHERSBURG,BICYCLIST,SAME DIR REAR END,CLEAR,DRY,DAYLIGHT,N/A,NONE DETECTED,NONE DETECTED,DFA08DFA-C8DC-46CA-8994-01397D1F2751,BICYCLIST,Walking/Riding w/Traffic,NO IMPROPER ACTIONS,IN BIKEWAY,No,SUSPECTED MINOR INJURY,MC/BIKE HELMET,39.103445,-77.2243,"(39.103445, -77.2243)"
DD5583003D,170539999,Rockville Police Departme,Injury Crash,10/31/2017 02:45:00 PM,Maryland (State),ROCKVILLE PIKE,RICHARD MONTGOMERY DR,,ROCKVILLE,PEDESTRIAN,SINGLE VEHICLE,CLEAR,DRY,DAYLIGHT,TRAFFIC SIGNAL,UNKNOWN,NONE DETECTED,2B8EF060-2650-4557-A106-05513B07DFE2,PEDESTRIAN,Cross/Enter at Intersection,NO IMPROPER ACTIONS,AT INTERSECTION MARKED CROSSWALK,No,SUSPECTED MINOR INJURY,N/A,39.08033071,-77.14409441,"(39.08033071, -77.14409441)"
MCP2789005B,180058992,Montgomery County Police,Injury Crash,11/25/2018 06:39:00 PM,Maryland (State),COLESVILLE RD,EAST WEST HWY,,N/A,PEDESTRIAN,SINGLE VEHICLE,CLEAR,DRY,DARK LIGHTS ON,TRAFFIC SIGNAL,N/A,N/A,68DFD821-06C2-4A9D-89CD-275920E6A41D,PEDESTRIAN,Cross/Enter at Intersection,INATTENTIVE,AT INTERSECTION MARKED CROSSWALK,Yes,POSSIBLE INJURY,NONE,38.99607833,-77.02777333,"(38.99607833, -77.02777333)"
MCP30730049,190050370,Montgomery County Police,Injury Crash,10/20/2019 05:30:00 PM,Maryland (State),CONNECTICUT AVE,INDEPENDENCE ST,,N/A,PEDESTRIAN,OTHER,N/A,WET,DAYLIGHT,TRAFFIC SIGNAL,NONE DETECTED,NONE DETECTED,9859D317-D018-40FD-A4EE-FC840B748BE0,PEDESTRIAN,Cross/Enter at Intersection,N/A,AT INTERSECTION MARKED CROSSWALK,No,SUSPECTED MINOR INJURY,NONE,39.07645167,-77.08045167,"(39.07645167, -77.08045167)"
MCP2940006J,230026252,Montgomery County Police,Injury Crash,06/01/2023 09:15:00 AM,County,WESTLAKE DR,TUCKERMAN LA,,N/A,PEDESTRIAN,OTHER,CLEAR,DRY,DAYLIGHT,STOP SIGN,NONE DETECTED,NONE DETECTED,1E2899B1-3807-481F-A03F-37293899E7A7,PEDESTRIAN,Cross/Enter at Intersection,IN ROADWAY IMPROPERLY,ON ROADWAY NOT AT CROSSWALK,Yes,SUSPECTED MINOR INJURY,NONE,39.03465162,-77.14700081,"(39.03465162, -77.14700081)"
MCP2291004K,200019601,Montgomery County Police,Injury Crash,05/15/2020 05:12:00 PM,,,,PARKING LOT OF 8816 LANIER DR,,BICYCLIST,SINGLE VEHICLE,CLEAR,,DAYLIGHT,N/A,NONE DETECTED,NONE DETECTED,2AA55AF4-0580-4A9D-8B97-6A6E0747E4C9,BICYCLIST,Other,OTHER,OTHER,Yes,SUSPECTED MINOR INJURY,NONE,39.00012417,-77.049093,"(39.00012417, -77.049093)"
MCP2440001H,230055687,Montgomery County Police,Injury Crash,09/19/2023 08:20:00 AM,County,CLUB HOUSE RD,CENTERWAY RD,,N/A,BICYCLIST,OPPOSITE DIRECTION SIDESWIPE,CLEAR,DRY,DAYLIGHT,TRAFFIC SIGNAL,UNKNOWN,NONE DETECTED,2939FAF3-5379-4380-AC45-A23DCC9FA36B,BICYCLIST,Cross/Enter at Intersection,NO IMPROPER ACTIONS,AT INTERSECTION MARKED CROSSWALK,No,POSSIBLE INJURY,MC/BIKE HELMET,39.17282733,-77.20144167,"(39.17282733, -77.20144167)"
MCP2736002C,15022048,Montgomery County Police,Property Damage Crash,05/08/2015 11:17:00 PM,,,,Cheltnham Parking Garage,,BICYCLIST,SAME DIRECTION SIDESWIPE,N/A,,DARK LIGHTS ON,N/A,N/A,N/A,E15DDF14-0510-4040-933D-FA86B875E9E5,BICYCLIST,Walking/Riding w/Traffic,OTHER,OTHER,,NO APPARENT INJURY,NONE,38.98834354,-77.09422946,"(38.98834354, -77.09422946)"
MCP29650061,220031212,Montgomery County Police,Injury Crash,07/20/2022 10:49:00 AM,,,,"18040 GEORGIA AVE, OLNEY, MD 20832",,PEDESTRIAN,SINGLE VEHICLE,CLEAR,,DAYLIGHT,N/A,NONE DETECTED,NONE DETECTED,C696642E-2277-456D-AEA1-544C3188E8B0,PEDESTRIAN,Walking/Cycling on Sidewalk,NO IMPROPER ACTIONS,SIDEWALK,No,POSSIBLE INJURY,NONE,39.14917333,-77.06629833,"(39.14917333, -77.06629833)"
MCP94120003,170532808,Montgomery County Police,Injury Crash,09/24/2017 10:47:00 AM,Maryland (State),BRADLEY BLVD,OLD CHESTER RD,,N/A,OTHER,SINGLE VEHICLE,CLEAR,DRY,DAYLIGHT,N/A,NONE DETECTED,N/A,CD736706-E64A-42C1-AD8A-C092296465F2,OTHER,N/A,N/A,N/A,No,NO APPARENT INJURY,N/A,38.984815,-77.11512167,"(38.984815, -77.11512167)"
MCP2335000Y,17510298,Montgomery County Police,Injury Crash,05/27/2017 09:45:00 PM,Maryland (State),GREAT SENECA HWY,DAIRYMAID DR,,N/A,PEDESTRIAN,SINGLE VEHICLE,CLEAR,DRY,DARK LIGHTS ON,NO CONTROLS,NONE DETECTED,NONE DETECTED,DE7151F9-7CAD-4519-9DE0-FE8885C93A65,PEDESTRIAN,Cross/Enter at Intersection,FAILURE TO YIELD RIGHT OF WAY,ON ROADWAY AT CROSSWALK,No,SUSPECTED MINOR INJURY,N/A,39.157865,-77.27576167,"(39.157865, -77.27576167)"
DM8500000X,220027533,Takoma Park Police Depart,Injury Crash,06/26/2022 05:52:00 PM,,,,"7611 PINEY BRANCH RD, MIDDLE SCHOOL PARKING LOT.",,PEDESTRIAN,OTHER,CLEAR,,DAYLIGHT,NO CONTROLS,N/A,N/A,7C38972F-0B89-4283-8367-9FD89810BE88,PEDESTRIAN,Standing,UNKNOWN,OTHER,No,SUSPECTED MINOR INJURY,N/A,38.98549165,-77.01284714,"(38.98549165, -77.01284714)"
MCP9442000X,170510900,Montgomery County Police,Injury Crash,05/31/2017 02:06:00 PM,County,REDLAND RD,MUNCASTER MILL RD,,N/A,PEDESTRIAN,OTHER,CLEAR,DRY,DAYLIGHT,NO CONTROLS,NONE DETECTED,NONE DETECTED,A9C17BD1-E070-418D-A149-7358DC3AEF0F,PEDESTRIAN,Other,IN ROADWAY IMPROPERLY,ON ROADWAY NOT AT CROSSWALK,Yes,POSSIBLE INJURY,N/A,39.167925,-77.20516333,"(39.167925, -77.20516333)"
MCP26370015,16058857,Montgomery County Police,Injury Crash,11/15/2016 02:33:00 PM,County,OWENS GLEN WAY,OWENS GLEN TERR,,N/A,OTHER,SINGLE VEHICLE,N/A,DRY,DAYLIGHT,NO CONTROLS,,NONE DETECTED,51CF42EB-0614-4E4C-918A-D61E2E0CAD8C,OTHER,Other,OTHER,OTHER,Yes,POSSIBLE INJURY,NONE,39.11015333,-77.24271333,"(39.11015333, -77.24271333)"
MCP21590018,230054665,Montgomery County Police,Injury Crash,09/13/2023 04:34:00 PM,County,KINGSVIEW VILLAGE AVE,CLOPPER RD,,N/A,PEDESTRIAN,OTHER,CLEAR,DRY,DAYLIGHT,TRAFFIC SIGNAL,NONE DETECTED,NONE DETECTED,8E161E3E-9B9F-4AAB-8CAD-F7341E3218F0,PEDESTRIAN,Cross/Enter at Intersection,NO IMPROPER ACTIONS,AT INTERSECTION MARKED CROSSWALK,No,SUSPECTED MINOR INJURY,NONE,39.16070217,-77.27941167,"(39.16070217, -77.27941167)"
MCP2456001P,17016557,Montgomery County Police,Property Damage Crash,04/01/2017 10:49:00 AM,,,,PARKING LOT OF 8703 PINEY BRANCH RD,,OTHER,UNKNOWN,CLEAR,,DAYLIGHT,NO CONTROLS,UNKNOWN,N/A,C753ECF5-3590-4E99-9183-2C9CD230F607,OTHER,Unknown,UNKNOWN,UNKNOWN,No,NO APPARENT INJURY,N/A,38.99861167,-77.00399667,"(38.99861167, -77.00399667)"
MCP2563001M,230022301,Montgomery County Police,Fatal Crash,05/09/2023 08:53:00 PM,County,WISTERIA DR,GREAT SENECA HWY,,N/A,PEDESTRIAN,SINGLE VEHICLE,CLEAR,DRY,DARK LIGHTS ON,NO CONTROLS,NONE DETECTED,UNKNOWN,9EA094C1-DA2A-45B4-95FD-7EF87F0CCAED,PEDESTRIAN,Cross/Enter not at Intersection,DART DASH,ON ROADWAY NOT AT CROSSWALK,Yes,FATAL INJURY,NONE,39.17123833,-77.26280833,"(39.17123833, -77.26280833)"
DD55930022,16015181,Rockville Police Departme,Injury Crash,03/28/2016 03:23:00 PM,Maryland (State),ROCKVILLE PIKE,EDMONSTON DR,,ROCKVILLE,BICYCLIST,ANGLE MEETS RIGHT TURN,SEVERE WINDS,DRY,DAYLIGHT,NO CONTROLS,NONE DETECTED,NONE DETECTED,767519DF-8A12-42C5-886C-AD555FA6430D,BICYCLIST,Cross/Enter at Intersection,NO IMPROPER ACTIONS,SIDEWALK,No,SUSPECTED MINOR INJURY,NONE,39.07397667,-77.13543333,"(39.07397667, -77.13543333)"
MCP29050041,180031484,Montgomery County Police,Injury Crash,06/26/2018 04:54:00 PM,County,ROOSEVELT ST,OLD GEORGETOWN RD,,N/A,BICYCLIST,STRAIGHT MOVEMENT ANGLE,CLEAR,DRY,DAYLIGHT,STOP SIGN,N/A,N/A,B4B54EF5-492F-4E44-B469-19C9D99EA34D,BICYCLIST,Cross/Enter at Intersection,NOT VISIBLE,AT INTERSECTION BUT NO CROSSWALK,No,SUSPECTED MINOR INJURY,MC/BIKE HELMET,38.99580667,-77.10918667,"(38.99580667, -77.10918667)"
MCP0613001Y,200044166,Montgomery County Police,Injury Crash,11/09/2020 09:36:00 AM,Maryland (State),NEW HAMPSHIRE AVE,CLOVERLY ST,,N/A,BICYCLIST,OTHER,CLEAR,DRY,DAYLIGHT,NO CONTROLS,NONE DETECTED,NONE DETECTED,A9A01828-690E-4330-AF24-C683D3B3CAF0,BICYCLIST,Walking/Riding w/Traffic,NO IMPROPER ACTIONS,AT INTERSECTION BUT NO CROSSWALK,No,SUSPECTED MINOR INJURY,MC/BIKE HELMET,39.109595,-76.99651333,"(39.109595, -76.99651333)"
MCP28270038,170527032,Montgomery County Police,Injury Crash,08/26/2017 04:06:00 PM,Maryland (State),GEORGIA AVE,GREGG RD,,N/A,BICYCLIST,SAME DIR REND LEFT TURN,CLEAR,DRY,DAYLIGHT,NO CONTROLS,NONE DETECTED,NONE DETECTED,6B1E8157-3E29-4966-A1EB-A3AA55D7398C,BICYCLIST,Walking/Riding w/Traffic,NO IMPROPER ACTIONS,SHOULDER,No,POSSIBLE INJURY,MC/BIKE HELMET,39.19945833,-77.06591,"(39.19945833, -77.06591)"
MCP2969007J,190053293,Montgomery County Police,Injury Crash,11/05/2019 02:39:00 PM,,,,PARKING LOT OF 3305 NORTH LEISURE WORLD BLVD,,PEDESTRIAN,SINGLE VEHICLE,CLEAR,,DAYLIGHT,NO CONTROLS,NONE DETECTED,NONE DETECTED,E09132AA-3049-4B33-B44B-1D188B386816,PEDESTRIAN,Other,NO IMPROPER ACTIONS,OTHER,No,SUSPECTED MINOR INJURY,LIGHTING,39.10942167,-77.06457833,"(39.10942167, -77.06457833)"
MCP30840018,180015790,Montgomery County Police,Injury Crash,04/01/2018 02:29:00 PM,Maryland (State),OLD GEORGETOWN RD,BEECH AVE,,N/A,PEDESTRIAN,OTHER,CLEAR,DRY,DAYLIGHT,N/A,NONE DETECTED,NONE DETECTED,340DEE90-79E9-4AE6-9EF9-E69452B4681B,PEDESTRIAN,Other,IN ROADWAY IMPROPERLY,ON ROADWAY NOT AT CROSSWALK,Yes,POSSIBLE INJURY,NONE,39.01048417,-77.11502183,"(39.01048417, -77.11502183)"
MCP1519003J,210034390,Montgomery County Police,Injury Crash,09/02/2021 01:36:00 PM,County,MATENY RD,GREAT SENECA HWY,,N/A,BICYCLIST,SINGLE VEHICLE,CLEAR,DRY,DAYLIGHT,TRAFFIC SIGNAL,NONE DETECTED,NONE DETECTED,E8A0442D-1AF8-471A-8D11-54E2F7B55485,BICYCLIST,Cross/Enter at Intersection,NO IMPROPER ACTIONS,AT INTERSECTION MARKED CROSSWALK,No,SUSPECTED MINOR INJURY,NONE,39.14625167,-77.27472833,"(39.14625167, -77.27472833)"
MCP2504001J,16035727,Montgomery County Police,Injury Crash,07/14/2016 07:25:00 PM,,,,PARKING LOT OF 9745 TRAVILLE GATEWAY DRIVE,,PEDESTRIAN,STRAIGHT MOVEMENT ANGLE,CLEAR,,DAYLIGHT,N/A,NONE DETECTED,NONE DETECTED,3FF60469-D052-4FE7-B62D-DE7C1C84103F,PEDESTRIAN,Other,NO IMPROPER ACTIONS,OTHER,No,POSSIBLE INJURY,N/A,39.091765,-77.20330833,"(39.091765, -77.20330833)"
MCP28210022,200028843,Montgomery County Police,Injury Crash,07/25/2020 05:38:00 AM,Maryland (State),WOODFIELD RD,BRENISH DR,,N/A,PEDESTRIAN,OTHER,CLEAR,DRY,DAWN,STOP SIGN,NONE DETECTED,NONE DETECTED,383E82DD-56C8-49D4-A53B-A8999E96C3FE,PEDESTRIAN,Cross/Enter at Intersection,UNKNOWN,UNKNOWN,Unknown,POSSIBLE INJURY,N/A,39.17833833,-77.150825,"(39.17833833, -77.150825)"
MCP3033001M,170544787,Montgomery County Police,Injury Crash,11/25/2017 10:10:00 AM,County,OLD COLUMBIA PIKE,AVONSHIRE DR,,N/A,PEDESTRIAN,OTHER,CLEAR,DRY,DAYLIGHT,NO CONTROLS,NONE DETECTED,NONE DETECTED,DDF6721F-7D40-44A7-B6DD-4E215005E337,PEDESTRIAN,Cross/Enter at Intersection,NO IMPROPER ACTIONS,AT INTERSECTION BUT NO CROSSWALK,No,POSSIBLE INJURY,NONE,39.083835,-76.95193667,"(39.083835, -76.95193667)"
MCP2940002X,180034009,Montgomery County Police,Injury Crash,07/10/2018 09:35:00 AM,,,,DRIVEWAY OF 11530 ROCKVILLE PIKE,,BICYCLIST,STRAIGHT MOVEMENT ANGLE,CLEAR,,DAYLIGHT,NO CONTROLS,NONE DETECTED,NONE DETECTED,40FC3627-AB52-4D6E-BD7D-96C7F3117E55,BICYCLIST,Cross/Enter not at Intersection,FAILURE TO YIELD RIGHT OF WAY,OTHER,Yes,SUSPECTED MINOR INJURY,MC/BIKE HELMET,39.04622861,-77.11257711,"(39.04622861, -77.11257711)"
MCP31110046,210039107,Montgomery County Police,Injury Crash,10/02/2021 09:13:00 AM,County,MACARTHUR BLVD,79TH ST,,N/A,BICYCLIST,SINGLE VEHICLE,CLEAR,DRY,DAYLIGHT,NO CONTROLS,NONE DETECTED,NONE DETECTED,4EBCF51A-CFFD-490E-90A0-5BC2148508EE,BICYCLIST,Walking/Riding w/Traffic,NO IMPROPER ACTIONS,SHOULDER,No,POSSIBLE INJURY,MC/BIKE HELMET,38.97496403,-77.16327455,"(38.97496403, -77.16327455)"
MCP2966003R,180004324,Montgomery County Police,Injury Crash,01/25/2018 06:39:00 PM,Maryland (State),VEIRS MILL RD,ARBUTUS AVE,,N/A,PEDESTRIAN,OTHER,CLEAR,DRY,DARK NO LIGHTS,NO CONTROLS,N/A,NONE DETECTED,45D1C1A4-5365-40C0-AE6C-C10AB6084446,PEDESTRIAN,Cross/Enter not at Intersection,OTHER,OTHER,No,POSSIBLE INJURY,NONE,39.06672131,-77.10066877,"(39.06672131, -77.10066877)"
MCP22550002,170514349,Montgomery County Police,Injury Crash,06/18/2017 02:09:00 AM,Maryland (State),FREDERICK RD,DALAMAR ST,,GAITHERSBURG,PEDESTRIAN,N/A,CLEAR,DRY,DARK LIGHTS ON,N/A,N/A,UNKNOWN,0D9771EA-7FD7-4587-8C57-15A886ADB8B9,PEDESTRIAN,Cross/Enter not at Intersection,IN ROADWAY IMPROPERLY,ON ROADWAY NOT AT CROSSWALK,Yes,SUSPECTED SERIOUS INJURY,N/A,39.146945,-77.20524667,"(39.146945, -77.20524667)"