Report Number,Local Case Number,Agency Name,ACRS Report Type,Crash Date/Time,Route Type,Road Name,Cross-Street Name,Off-Road Description,Municipality,Related Non-Motorist,Collision Type,Weather,Surface Condition,Light,Traffic Control,Driver Substance Abuse,Non-Motorist Substance Abuse,Person ID,Pedestrian Type,Pedestrian Movement,Pedestrian Actions,Pedestrian Location,At Fault,Injury Severity,Safety Equipment,Latitude,Longitude,Location
DM8339000J,16044435,Takoma Park Police Depart,Injury Crash,08/31/2016 01:55:00 PM,Maryland (State),UNIVERSITY BLVD,ENT TO BUSINESS,,N/A,PEDESTRIAN,SINGLE VEHICLE,CLEAR,DRY,DAYLIGHT,TRAFFIC SIGNAL,NONE DETECTED,NONE DETECTED,3CAC4982-4C1F-457F-8EE2-514274909C68,PEDESTRIAN,Cross/Enter not at Intersection,IN ROADWAY IMPROPERLY,ON ROADWAY NOT AT CROSSWALK,Yes,SUSPECTED MINOR INJURY,N/A,38.99062116,-76.98955894,"(38.99062116, -76.98955894)"
MCP2789001R,15056617,MONTGOMERY,Injury Crash,11/06/2015 06:00:00 PM,Maryland (State),GEORGIA AVE,16TH ST,,N/A,PEDESTRIAN,SINGLE VEHICLE,N/A,DRY,DARK LIGHTS ON,TRAFFIC SIGNAL,UNKNOWN,N/A,9EC04718-153F-4465-826C-930469470117,PEDESTRIAN,Cross/Enter at Intersection,NO IMPROPER ACTIONS,ON ROADWAY AT CROSSWALK,Unknown,SUSPECTED MINOR INJURY,N/A,39.00546667,-77.02337667,"(39.00546667, -77.02337667)"
DD55830022,16064028,Rockville Police Departme,Injury Crash,12/15/2016 05:16:00 PM,Municipality,FLEET ST,JEFFERSON PLAZA,,ROCKVILLE,PEDESTRIAN,SINGLE VEHICLE,CLEAR,DRY,DARK LIGHTS ON,STOP SIGN,UNKNOWN,NONE DETECTED,B4011BB5-0C35-434F-91C3-C893B162E160,PEDESTRIAN,Walking to/from school,NO IMPROPER ACTIONS,AT INTERSECTION MARKED CROSSWALK,No,POSSIBLE INJURY,N/A,39.08044886,-77.1461302,"(39.08044886, -77.1461302)"
MCP25390029,230006310,Montgomery County Police,Injury Crash,02/07/2023 10:06:00 PM,Maryland (State),16TH ST,SPRING ST,,N/A,PEDESTRIAN,OTHER,CLEAR,DRY,DARK LIGHTS ON,OTHER,NONE DETECTED,NONE DETECTED,ED6E6D64-E807-41C7-AF2C-C8D4A7F2DE43,PEDESTRIAN,Cross/Enter not at Intersection,NO IMPROPER ACTIONS,ON ROADWAY AT CROSSWALK,No,SUSPECTED SERIOUS INJURY,N/A,38.99510224,-77.036345,"(38.99510224, -77.036345)"
MCP32400023,210020989,Montgomery County Police,Injury Crash,06/02/2021 09:25:00 PM,,,,PARKING LOT OF 1 OBSERVATION CT,,PEDESTRIAN,OTHER,CLEAR,,DARK LIGHTS ON,NO CONTROLS,N/A,N/A,5A1DBE8B-F345-4D5A-9D70-A4C25E60AD77,PEDESTRIAN,Other,OTHER,OTHER,Unknown,POSSIBLE INJURY,NONE,39.19215117,-77.24754972,"(39.19215117, -77.24754972)"
MCP1151009Y,190045030,Montgomery County Police,Injury Crash,09/20/2019 06:25:00 AM,County,CLARKSBURG RD,MOXLEY RD,,N/A,PEDESTRIAN,SAME DIRECTION SIDESWIPE,CLEAR,DRY,DARK NO LIGHTS,N/A,UNKNOWN,NONE DETECTED,C909767E-8F52-42CA-9D0A-A157AB00603E,PEDESTRIAN,Walking/Riding w/Traffic,NOT VISIBLE,ON ROADWAY NOT AT CROSSWALK,Yes,SUSPECTED SERIOUS INJURY,N/A,39.31167578,-77.23862919,"(39.31167578, -77.23862919)"
MCP2820003R,190055640,Montgomery County Police,Injury Crash,11/18/2019 01:24:00 PM,County,CONNECTICUT AVE,GRAND PRE RD,,N/A,BICYCLIST,STRAIGHT MOVEMENT ANGLE,CLOUDY,DRY,DAYLIGHT,OTHER,NONE DETECTED,NONE DETECTED,6A9BE211-C987-4BB1-BF87-B77674A418BC,BICYCLIST,Cross/Enter at Intersection,NO IMPROPER ACTIONS,ON ROADWAY AT CROSSWALK,No,POSSIBLE INJURY,NONE,39.08694667,-77.074185,"(39.08694667, -77.074185)"
MCP1301001S,220014595,Montgomery County Police,Fatal Crash,04/06/2022 08:22:00 AM,County,GROSVENOR LA,KING CHARLES WAY,,N/A,PEDESTRIAN,SINGLE VEHICLE,RAINING,WET,DAYLIGHT,NO CONTROLS,N/A,N/A,AE738545-2603-4B32-A623-996EDBBFECA5,PEDESTRIAN,Other,NO IMPROPER ACTIONS,OTHER,No,NO APPARENT INJURY,N/A,39.02236167,-77.10515,"(39.02236167, -77.10515)"
MCP12050050,190018148,Montgomery County Police,Injury Crash,04/18/2019 01:16:00 PM,County,BETHESDA AVE,ARLINGTON RD,,N/A,PEDESTRIAN,OTHER,CLOUDY,DRY,DAYLIGHT,NO CONTROLS,NONE DETECTED,NONE DETECTED,7AF1F7CC-3753-41FF-BAA8-947667C96D6F,PEDESTRIAN,Cross/Enter not at Intersection,IN ROADWAY IMPROPERLY,ON ROADWAY NOT AT CROSSWALK,Yes,SUSPECTED MINOR INJURY,NONE,38.98081479,-77.09732498,"(38.98081479, -77.09732498)"
MCP2455004P,220002544,Montgomery County Police,Injury Crash,01/20/2022 03:40:00 PM,,,,PARKING LOT OF 12051 ROCKVILLE PIKE,,PEDESTRIAN,OTHER,CLEAR,,DAYLIGHT,N/A,NONE DETECTED,NONE DETECTED,9A3FFC8F-03E9-47A5-907C-0FA7DB010C08,PEDESTRIAN,Standing,NO IMPROPER ACTIONS,OTHER,No,POSSIBLE INJURY,UNKNOWN,39.05514725,-77.11523823,"(39.05514725, -77.11523823)"
MCP3051006G,230010623,Montgomery County Police,Injury Crash,03/03/2023 08:25:00 PM,Maryland (State),WISCONSIN AVE,BRADLEY LA,,N/A,PEDESTRIAN,OTHER,RAINING,WET,DARK LIGHTS ON,OTHER,ALCOHOL PRESENT,NONE DETECTED,A915F1C4-9C72-45FC-8674-4062734F33BF,PEDESTRIAN,Cross/Enter at Intersection,NO IMPROPER ACTIONS,ON ROADWAY AT CROSSWALK,No,SUSPECTED MINOR INJURY,NONE,38.977025,-77.09094833,"(38.977025, -77.09094833)"
MCP2438002J,200019314,Montgomery County Police,Injury Crash,05/13/2020 02:42:00 PM,,,,PARKING LOT OF 12056 CHERRY HILL ROAD,,PEDESTRIAN,OTHER,N/A,,N/A,N/A,UNKNOWN,N/A,7E667A92-44B9-4441-85A2-0B3A97794304,PEDESTRIAN,Other,DART DASH,OTHER,No,POSSIBLE INJURY,N/A,39.05542924,-76.95435716,"(39.05542924, -76.95435716)"
MCP3325000D,220004915,Montgomery County Police,Injury Crash,02/04/2022 05:56:00 PM,,,,"PARKING LOT  OF 15660 OLD COLUMBIA PIKE BURTONSVILLE MD, INFRONT OF THE  GREEN TURTLE",,PEDESTRIAN,OTHER,RAINING,,DARK LIGHTS ON,NO CONTROLS,N/A,N/A,A8A7976C-EA8A-460F-B51E-B7CD6A58C6C4,PEDESTRIAN,Other,NO IMPROPER ACTIONS,OTHER,No,POSSIBLE INJURY,N/A,39.11191899,-76.93350961,"(39.11191899, -76.93350961)"
MCP30480089,220029908,Montgomery County Police,Injury Crash,07/12/2022 11:45:00 AM,Maryland (State),CONNECTICUT AVE,DUNLOP ST,,N/A,BICYCLIST,STRAIGHT MOVEMENT ANGLE,CLEAR,DRY,DAYLIGHT,STOP SIGN,N/A,N/A,88A2C1EB-ACA3-4116-9801-99F92B251507,BICYCLIST,Cross/Enter at Intersection,NO IMPROPER ACTIONS,SIDEWALK,No,SUSPECTED MINOR INJURY,MC/BIKE HELMET,38.991765,-77.07699833,"(38.991765, -77.07699833)"
MCP28120044,180053321,Montgomery County Police,Injury Crash,10/24/2018 03:45:00 PM,Maryland (State),GEORGIA AVE,DENNIS AVE,,N/A,PEDESTRIAN,SINGLE VEHICLE,CLEAR,N/A,DAYLIGHT,TRAFFIC SIGNAL,N/A,N/A,F1C43B96-6527-4296-8ECB-8871B8544F43,PEDESTRIAN,Cross/Enter at Intersection,DART DASH,N/A,Unknown,POSSIBLE INJURY,N/A,39.02542497,-77.04619521,"(39.02542497, -77.04619521)"
MCP12100061,230026845,Montgomery County Police,Injury Crash,06/04/2023 05:19:00 PM,Municipality,E DIAMOND AVE,N SUMMIT AVE,,GAITHERSBURG,PEDESTRIAN,OTHER,CLEAR,DRY,DAYLIGHT,NO CONTROLS,NONE DETECTED,UNKNOWN,EA038A69-5947-4319-9A6F-641A1702CF85,PEDESTRIAN,Cross/Enter not at Intersection,DART DASH,ON ROADWAY NOT AT CROSSWALK,Yes,SUSPECTED SERIOUS INJURY,NONE,39.14215623,-77.19398908,"(39.14215623, -77.19398908)"
MCP28890030,180001031,Montgomery County Police,Injury Crash,01/07/2018 06:50:00 PM,County,ANDREW ST,VEIRS MILL RD,,N/A,PEDESTRIAN,SINGLE VEHICLE,N/A,DRY,DARK LIGHTS ON,N/A,NONE DETECTED,NONE DETECTED,C8211FC8-607A-486B-A1B0-7AE6C9AED9A9,PEDESTRIAN,Cross/Enter not at Intersection,ENTERING EXITING PARKED STANDING VEHICLE,ON ROADWAY NOT AT CROSSWALK,No,POSSIBLE INJURY,N/A,39.05079333,-77.07105,"(39.05079333, -77.07105)"
MCP2466003F,200010139,Montgomery County Police,Injury Crash,02/29/2020 05:00:00 PM,Maryland (State),NEW HAMPSHIRE AVE,E RANDOLPH RD,,N/A,BICYCLIST,STRAIGHT MOVEMENT ANGLE,CLEAR,DRY,DAYLIGHT,NO CONTROLS,NONE DETECTED,NONE DETECTED,37E21522-7F0F-47C2-80A5-7A149CCC1DB4,BICYCLIST,Walking/Riding against Traffic,UNKNOWN,SIDEWALK,Unknown,POSSIBLE INJURY,NONE,39.07640488,-77.00166139,"(39.07640488, -77.00166139)"
MCP2353009R,220008992,Montgomery County Police,Injury Crash,03/02/2022 11:50:00 AM,County,CHESHIRE DR,OLD GEORGETOWN RD,,N/A,PEDESTRIAN,SINGLE VEHICLE,CLOUDY,DRY,DAYLIGHT,PERSON,NONE DETECTED,NONE DETECTED,0C01E97D-0186-4594-B17A-CAE59F067250,PEDESTRIAN,Cross/Enter at Intersection,NO IMPROPER ACTIONS,ON ROADWAY AT CROSSWALK,No,SUSPECTED MINOR INJURY,NONE,39.0225,-77.12341833,"(39.0225, -77.12341833)"
DD5630001D,190022958,Rockville Police Departme,Injury Crash,05/15/2019 04:35:00 PM,County,HALPINE RD,PIER DR,,N/A,PEDESTRIAN,OTHER,CLEAR,DRY,DAYLIGHT,NO CONTROLS,NONE DETECTED,NONE DETECTED,7B495280-DE72-491A-A09A-9C81AA2C05D2,PEDESTRIAN,Cross/Enter at Intersection,NO IMPROPER ACTIONS,AT INTERSECTION BUT NO CROSSWALK,No,SUSPECTED MINOR INJURY,NONE,39.0663,-77.11594833,"(39.0663, -77.11594833)"
MCP2369000P,16021573,Montgomery County Police,Property Damage Crash,05/02/2016 08:48:00 AM,County,EDEN RD,KATHRYN RD,,N/A,OTHER,OTHER,RAINING,N/A,DAYLIGHT,STOP SIGN,NONE DETECTED,N/A,06B985E2-B9D4-49E2-BA2A-D8690E430D74,OTHER,N/A,N/A,N/A,No,NO APPARENT INJURY,N/A,39.04995,-76.98717833,"(39.04995, -76.98717833)"
MCP2722003D,190048511,Montgomery County Police,Injury Crash,10/09/2019 04:18:00 PM,,N LEISURE WORLD BLV,ROSSMOOR BLV,,N/A,PEDESTRIAN,SINGLE VEHICLE,CLEAR,DRY,DAYLIGHT,STOP SIGN,NONE DETECTED,NONE DETECTED,DE091680-ED7E-47F6-BC3A-A3A09B3D563E,PEDESTRIAN,Cross/Enter at Intersection,IN ROADWAY IMPROPERLY,ON ROADWAY NOT AT CROSSWALK,Yes,SUSPECTED MINOR INJURY,NONE,39.10100167,-77.07414667,"(39.10100167, -77.07414667)"
MCP27770037,16064027,Montgomery County Police,Injury Crash,12/13/2016 06:29:00 PM,Maryland (State),ROCKVILLE PIKE,MARINELLI RD,,N/A,PEDESTRIAN,OTHER,CLEAR,DRY,DARK LIGHTS ON,TRAFFIC SIGNAL,NONE DETECTED,NONE DETECTED,986BCF81-526F-4FCF-B059-640579442BF3,PEDESTRIAN,Cross/Enter at Intersection,IN ROADWAY IMPROPERLY,ON ROADWAY NOT AT CROSSWALK,Yes,SUSPECTED SERIOUS INJURY,NONE,39.04712,-77.112839,"(39.04712, -77.112839)"
MCP3182000C,190020960,Montgomery County Police,Injury Crash,05/04/2019 02:37:00 AM,,,,"FENTON ST VILLAGE GARAGE 
8110 FENTON ST SILVER SPRING MD 20910",,PEDESTRIAN,SINGLE VEHICLE,N/A,,DARK LIGHTS ON,N/A,UNKNOWN,ALCOHOL PRESENT,2B4B0035-8FB3-49F3-AE27-14D42AF50F5B,PEDESTRIAN,Standing,NO IMPROPER ACTIONS,OTHER,No,POSSIBLE INJURY,N/A,38.99098465,-77.02515243,"(38.99098465, -77.02515243)"
MCP2594001X,16045933,Montgomery County Police,Injury Crash,09/08/2016 06:47:00 AM,Maryland (State),NEW HAMPSHIRE AVE,NOTLEY RD,,N/A,BICYCLIST,STRAIGHT MOVEMENT ANGLE,CLEAR,N/A,DAYLIGHT,NO CONTROLS,NONE DETECTED,NONE DETECTED,67E73867-C89A-4021-9128-EDAD19D5DE8E,BICYCLIST,Walking/Riding w/Traffic,NO IMPROPER ACTIONS,IN BIKEWAY,No,SUSPECTED MINOR INJURY,MC/BIKE HELMET,39.08048218,-77.00139284,"(39.08048218, -77.00139284)"
MCP2531000D,15065828,MONTGOMERY,Injury Crash,12/23/2015 07:01:00 PM,County,CROWN FARM DR,STORY DR,,GAITHERSBURG,PEDESTRIAN,SINGLE VEHICLE,RAINING,WET,DARK -- UNKNOWN LIGHTING,STOP SIGN,N/A,N/A,0589AEB2-5354-48E0-9AD7-825EB693BD1E,PEDESTRIAN,Cross/Enter at Intersection,NO IMPROPER ACTIONS,ON ROADWAY AT CROSSWALK,No,SUSPECTED SERIOUS INJURY,NONE,39.11576833,-77.21183,"(39.11576833, -77.21183)"
MCP2975000D,15029460,Montgomery County Police,Injury Crash,06/17/2015 07:01:00 AM,Maryland (State),GEORGIA AVE,SHOREFIELD RD,,N/A,PEDESTRIAN,OTHER,CLEAR,DRY,DAYLIGHT,TRAFFIC SIGNAL,NONE DETECTED,NONE DETECTED,C0390AAE-3C52-4E14-B653-C6FFF9176BA7,PEDESTRIAN,Cross/Enter not at Intersection,IN ROADWAY IMPROPERLY,ON ROADWAY NOT AT CROSSWALK,,SUSPECTED SERIOUS INJURY,N/A,39.05252,-77.05076,"(39.05252, -77.05076)"
MCP1174003Y,190050635,Montgomery County Police,Injury Crash,10/22/2019 07:35:00 AM,,,,PARKING LOT OF 10400 OLD GEORGETOWN RD. GIANT FOOD,,BICYCLIST,SINGLE VEHICLE,CLOUDY,,DAWN,NO CONTROLS,N/A,NONE DETECTED,BB4A11CC-B724-4E54-8A43-56C84120E4A2,BICYCLIST,Walking/Cycling on Sidewalk,NO IMPROPER ACTIONS,SIDEWALK,No,SUSPECTED MINOR INJURY,MC/BIKE HELMET,39.02632698,-77.12785589,"(39.02632698, -77.12785589)"
MCP2353003K,17005729,Montgomery County Police,Injury Crash,02/02/2017 09:01:00 AM,Maryland (State),ROCKVILLE PIKE,CEDAR CROFT DR,,N/A,BICYCLIST,STRAIGHT MOVEMENT ANGLE,CLOUDY,DRY,DAYLIGHT,NO CONTROLS,NONE DETECTED,NONE DETECTED,39A5D048-7C40-4343-BA4A-68BF23FD524F,BICYCLIST,Cross/Enter at Intersection,FAILURE TO YIELD RIGHT OF WAY,AT INTERSECTION BUT NO CROSSWALK,Yes,POSSIBLE INJURY,MC/BIKE HELMET,39.00850167,-77.09802833,"(39.00850167, -77.09802833)"
MCP3071001W,210000758,Montgomery County Police,Injury Crash,01/06/2021 10:23:00 PM,Maryland (State),FREDERICK RD,GUNNERS BRANCH RD,,N/A,PEDESTRIAN,SINGLE VEHICLE,CLEAR,DRY,DARK LIGHTS ON,PERSON,NONE DETECTED,ALCOHOL CONTRIBUTED,38336BA3-4C9F-42E3-8C46-92C58C9236DC,PEDESTRIAN,Cross/Enter not at Intersection,DART DASH,AT INTERSECTION BUT NO CROSSWALK,Yes,POSSIBLE INJURY,NONE,39.179145,-77.23843,"(39.179145, -77.23843)"
MCP27850028,17002220,Montgomery County Police,Injury Crash,01/13/2017 12:14:00 PM,Maryland (State),INTERCOUNTY CONNECTOR,RAMP 2 FR MD 200 WB TO BRIGGS CHANEY RD,,N/A,PEDESTRIAN,OTHER,CLEAR,DRY,DAYLIGHT,TRAFFIC SIGNAL,N/A,N/A,C8A2915E-91B2-46F0-96B7-519ADA5BDBE8,PEDESTRIAN,Cross/Enter at Intersection,NO IMPROPER ACTIONS,ON ROADWAY AT CROSSWALK,No,POSSIBLE INJURY,N/A,39.07437721,-76.93990588,"(39.07437721, -76.93990588)"
MCP31680063,230069182,Montgomery County Police,Injury Crash,11/30/2023 06:13:00 PM,County,SHADY GROVE RD,BRIARDALE RD,,N/A,OTHER,SAME DIRECTION SIDESWIPE,CLEAR,DRY,DARK LIGHTS ON,TRAFFIC SIGNAL,NONE DETECTED,N/A,6B8020BD-4DDD-448F-97E6-B52485BD45B3,OTHER,Other,NO IMPROPER ACTIONS,OTHER,No,NO APPARENT INJURY,N/A,39.13361819,-77.15808041,"(39.13361819, -77.15808041)"
MCP30850013,190010007,Montgomery County Police,Injury Crash,03/03/2019 06:50:00 PM,County,CANDLELIGHT LA,TUCKERMAN LA,,N/A,PEDESTRIAN,SINGLE VEHICLE,RAINING,WET,DARK LIGHTS ON,N/A,UNKNOWN,NONE DETECTED,3C0F4C8D-5FE2-4CA0-BC2F-E87CE9812393,PEDESTRIAN,Cross/Enter at Intersection,NO IMPROPER ACTIONS,AT INTERSECTION BUT NO CROSSWALK,No,POSSIBLE INJURY,N/A,39.04152562,-77.16875628,"(39.04152562, -77.16875628)"
MCP2016004J,190042095,Montgomery County Police,Injury Crash,09/03/2019 08:48:00 AM,Municipality,BLANDFORD ST,CABIN JOHN PKWY,,ROCKVILLE,PEDESTRIAN,SINGLE VEHICLE,CLEAR,DRY,DAYLIGHT,STOP SIGN,NONE DETECTED,N/A,F6EA38D5-456B-4B08-9D6A-55A286F540EC,PEDESTRIAN,Cross/Enter at Intersection,NO IMPROPER ACTIONS,AT INTERSECTION MARKED CROSSWALK,No,SUSPECTED MINOR INJURY,NONE,39.07553667,-77.15192333,"(39.07553667, -77.15192333)"
MCP2565001M,15011123,Montgomery County Police,Injury Crash,03/10/2015 07:45:00 PM,County,MARINELLI RD,ROCKVILLE PIKE,,N/A,PEDESTRIAN,OTHER,RAINING,WET,DARK LIGHTS ON,TRAFFIC SIGNAL,NONE DETECTED,NONE DETECTED,E9AC37AA-BCEB-4819-9FF8-B327E2FC3A72,PEDESTRIAN,Cross/Enter at Intersection,IN ROADWAY IMPROPERLY,ON ROADWAY NOT AT CROSSWALK,,SUSPECTED MINOR INJURY,N/A,39.04713,-77.11299667,"(39.04713, -77.11299667)"
MCP3130000W,180057950,Montgomery County Police,Injury Crash,11/19/2018 06:15:00 AM,,,,PARKING LOT LOCATED AT 3740 BEL PRE ROAD,,PEDESTRIAN,OTHER,CLEAR,,DARK NO LIGHTS,N/A,NONE DETECTED,NONE DETECTED,9CFFFC15-01E9-4238-A99E-67FE45135041,PEDESTRIAN,Cross/Enter at Intersection,NO IMPROPER ACTIONS,OTHER,No,SUSPECTED MINOR INJURY,NONE,39.092615,-77.07494,"(39.092615, -77.07494)"
MCP2546002S,190060041,Montgomery County Police,Injury Crash,12/13/2019 07:18:00 AM,County,MONTROSE RD,BARGATE CT,,N/A,PEDESTRIAN,SINGLE VEHICLE,CLOUDY,DRY,DAYLIGHT,NO CONTROLS,NONE DETECTED,NONE DETECTED,C929EB04-39F3-418D-97BE-52D03F1687C7,PEDESTRIAN,Approach/Leaving Schoolbus,UNKNOWN,ON ROADWAY AT CROSSWALK,Yes,SUSPECTED SERIOUS INJURY,N/A,39.05325548,-77.13208247,"(39.05325548, -77.13208247)"
MCP2738002B,170508751,Montgomery County Police,Injury Crash,05/19/2017 06:55:00 PM,,,,PARKING LOT OF 12028 CHERRY HILL RD,,PEDESTRIAN,N/A,N/A,,DAYLIGHT,NO CONTROLS,N/A,N/A,01950E4E-4B10-4FE0-A117-85B90DA219EC,PEDESTRIAN,Cross/Enter not at Intersection,INATTENTIVE,ON ROADWAY NOT AT CROSSWALK,Unknown,SUSPECTED MINOR INJURY,N/A,39.05500003,-76.95592538,"(39.05500003, -76.95592538)"
MCP2347004G,230066410,Montgomery County Police,Injury Crash,11/15/2023 06:29:00 AM,Maryland (State),SANDY SPRING RD,RIDING STABLE RD,,N/A,BICYCLIST,STRAIGHT MOVEMENT ANGLE,CLEAR,DRY,DARK NO LIGHTS,STOP SIGN,NONE DETECTED,NONE DETECTED,C7DAF4E6-9ECB-46AA-8F7B-EA2A56327913,BICYCLIST,Walking/Riding w/Traffic,NO IMPROPER ACTIONS,IN BIKEWAY,No,SUSPECTED MINOR INJURY,NONE,39.10559616,-76.91067981,"(39.10559616, -76.91067981)"
EJ7894002R,230019019,Gaithersburg Police Depar,Injury Crash,04/21/2023 10:25:00 AM,,,,"880 RUSSELL AVE, GAITHERSBURG, MD, 20879",,PEDESTRIAN,OTHER,CLEAR,,DAYLIGHT,N/A,NONE DETECTED,NONE DETECTED,89548A72-3770-465A-B0FA-F5DBA68E3E52,PEDESTRIAN,Unknown,UNKNOWN,OTHER,No,POSSIBLE INJURY,NONE,39.1568452,-77.21297352,"(39.1568452, -77.21297352)"
MCP263900D6,210044096,Montgomery County Police,Injury Crash,11/01/2021 01:59:00 PM,Maryland (State),LAYTONSVILLE RD,SUNDOWN RD,,N/A,PEDESTRIAN,SAME DIRECTION SIDESWIPE,CLEAR,DRY,DAYLIGHT,PERSON,NONE DETECTED,NONE DETECTED,C8E25C34-B0F5-4010-8CCE-A84FCC2BEC9D,PEDESTRIAN,Standing,DART DASH,OTHER,No,POSSIBLE INJURY,REFLECTIVE CLOTHING,39.21172,-77.14255833,"(39.21172, -77.14255833)"
DM8476004Q,230010764,Takoma Park Police Depart,Property Damage Crash,03/04/2023 03:00:00 PM,Maryland (State),NEW HAMPSHIRE AVE,EAST WEST HWY (PG CO),,N/A,PEDESTRIAN,OTHER,CLEAR,DRY,DAYLIGHT,TRAFFIC SIGNAL,N/A,N/A,2CD8B3CB-DFBD-47BB-9001-6C877EE33D49,PEDESTRIAN,Cross/Enter at Intersection,DART DASH,ON ROADWAY NOT AT CROSSWALK,Yes,NO APPARENT INJURY,N/A,38.97536398,-76.99407758,"(38.97536398, -76.99407758)"
MCP23570029,170512262,Montgomery County Police,Injury Crash,06/07/2017 10:12:00 AM,US (State),GEORGIA AVE,BONIFANT ST,,N/A,PEDESTRIAN,HEAD ON LEFT TURN,CLEAR,DRY,DAYLIGHT,TRAFFIC SIGNAL,NONE DETECTED,NONE DETECTED,375929CB-1480-433C-AF55-99F607C77CD1,PEDESTRIAN,Cross/Enter at Intersection,N/A,ON ROADWAY AT CROSSWALK,No,SUSPECTED MINOR INJURY,NONE,38.99361833,-77.02660833,"(38.99361833, -77.02660833)"
MCP137800N0,180050552,Montgomery County Police,Injury Crash,10/09/2018 07:02:00 PM,,,,PARKING LOT OF 422 GIRARD ST,,BICYCLIST,STRAIGHT MOVEMENT ANGLE,CLOUDY,,DUSK,STOP SIGN,NONE DETECTED,NONE DETECTED,A2D70306-CC28-4FEA-B632-30843D4EC9F5,BICYCLIST,Walking/Riding w/Traffic,FAILURE TO OBEY TRAFFIC SIGNS SIGNALS OR OFFICER,ON ROADWAY NOT AT CROSSWALK,Yes,SUSPECTED MINOR INJURY,NONE,39.14838833,-77.186675,"(39.14838833, -77.186675)"
MCP2001000Y,180055959,Montgomery County Police,Fatal Crash,11/07/2018 06:26:00 PM,County,RANDOLPH RD,GOODHILL RD,,N/A,BICYCLIST,SINGLE VEHICLE,CLEAR,DRY,DARK NO LIGHTS,NO CONTROLS,NONE DETECTED,UNKNOWN,A427B853-012B-496B-9019-F3B2BFD95FBE,BICYCLIST,Unknown,IN ROADWAY IMPROPERLY,ON ROADWAY NOT AT CROSSWALK,Unknown,FATAL INJURY,NONE,39.05834631,-77.0711911,"(39.05834631, -77.0711911)"
MCP3122001Q,180063065,Montgomery County Police,Injury Crash,12/17/2018 09:08:00 AM,County,RANDOLPH RD,GEORGIA AVE,,N/A,PEDESTRIAN,SINGLE VEHICLE,CLEAR,DRY,DARK LIGHTS ON,TRAFFIC SIGNAL,NONE DETECTED,NONE DETECTED,A62C3D06-157D-47A7-B3C4-75ED4A4CBD1B,PEDESTRIAN,Cross/Enter at Intersection,NO IMPROPER ACTIONS,ON ROADWAY AT CROSSWALK,No,POSSIBLE INJURY,N/A,39.05863167,-77.04986333,"(39.05863167, -77.04986333)"
MCP3084005N,220011965,Montgomery County Police,Injury Crash,03/20/2022 08:27:00 AM,Maryland (State),ROCKVILLE PIKE,NORTH DR,,N/A,BICYCLIST,OTHER,CLEAR,DRY,DAYLIGHT,TRAFFIC SIGNAL,NONE DETECTED,NONE DETECTED,B2D0B4E9-94A8-4F15-A116-FF82E331806D,BICYCLIST,Cross/Enter at Intersection,NO IMPROPER ACTIONS,ON ROADWAY AT CROSSWALK,No,POSSIBLE INJURY,MC/BIKE HELMET,39.00444667,-77.09720167,"(39.00444667, -77.09720167)"
MCP2348000Y,15035640,MONTGOMERY,Injury Crash,07/20/2015 10:21:00 PM,Maryland (State),GERMANTOWN RD,CIDER BARRELL DR,,N/A,PEDESTRIAN,SINGLE VEHICLE,CLEAR,DRY,DARK LIGHTS ON,N/A,NONE DETECTED,UNKNOWN,BBDF8567-99EF-41E5-B32B-B42CD60FA061,PEDESTRIAN,Cross/Enter not at Intersection,IN ROADWAY IMPROPERLY,ON ROADWAY NOT AT CROSSWALK,Yes,SUSPECTED SERIOUS INJURY,N/A,39.19160335,-77.24471211,"(39.19160335, -77.24471211)"
MCP30860062,210046772,Montgomery County Police,Injury Crash,11/18/2021 08:30:00 AM,County,WATKINS MILL RD,CLUB HOUSE RD,,N/A,PEDESTRIAN,OTHER,CLEAR,DRY,DAYLIGHT,TRAFFIC SIGNAL,NONE DETECTED,NONE DETECTED,02B96D01-1174-4371-8712-620254F0FDAE,PEDESTRIAN,Cross/Enter at Intersection,IN ROADWAY IMPROPERLY,ON ROADWAY AT CROSSWALK,Yes,SUSPECTED MINOR INJURY,NONE,39.17437333,-77.20837167,"(39.17437333, -77.20837167)"
MCP26370013,16056842,Montgomery County Police,Injury Crash,11/04/2016 08:49:00 AM,County,CAVANAUGH DR,PINEY MEETINGHOUSE RD,,N/A,PEDESTRIAN,OTHER,CLEAR,DRY,DAYLIGHT,NO CONTROLS,NONE DETECTED,NONE DETECTED,A5B7931D-8B7C-4DDC-BAA7-C46DE49A1624,PEDESTRIAN,Unknown,UNKNOWN,ON ROADWAY NOT AT CROSSWALK,Yes,POSSIBLE INJURY,NONE,39.08221,-77.216605,"(39.08221, -77.216605)"
DM83390013,180002657,Takoma Park Police Depart,Injury Crash,01/17/2018 09:33:00 AM,,,,PARKING LOT OF 7676 NEW HAMPSHIRE AVE,,PEDESTRIAN,OTHER,CLOUDY,,DAYLIGHT,NO CONTROLS,NONE DETECTED,NONE DETECTED,68376CD2-980B-4267-94CB-DEBCB914D5D2,PEDESTRIAN,Getting off/on Vehicle,ENTERING EXITING PARKED STANDING VEHICLE,N/A,Unknown,POSSIBLE INJURY,N/A,38.98684667,-76.98909333,"(38.98684667, -76.98909333)"
MCP9419002P,200030826,Montgomery County Police,Injury Crash,08/08/2020 01:53:00 PM,County,BRIARDALE RD,SHADY GROVE RD,,N/A,BICYCLIST,SINGLE VEHICLE,CLOUDY,DRY,DAYLIGHT,TRAFFIC SIGNAL,NONE DETECTED,NONE DETECTED,D2C977C4-FE1B-4D3F-AF10-FFF9558FFE71,BICYCLIST,Walking/Cycling on Sidewalk,NO IMPROPER ACTIONS,AT INTERSECTION MARKED CROSSWALK,No,SUSPECTED MINOR INJURY,NONE,39.133515,-77.15805833,"(39.133515, -77.15805833)"