Report Number,Local Case Number,Agency Name,ACRS Report Type,Crash Date/Time,Route Type,Road Name,Cross-Street Name,Off-Road Description,Municipality,Related Non-Motorist,Collision Type,Weather,Surface Condition,Light,Traffic Control,Driver Substance Abuse,Non-Motorist Substance Abuse,Person ID,Pedestrian Type,Pedestrian Movement,Pedestrian Actions,Pedestrian Location,At Fault,Injury Severity,Safety Equipment,Latitude,Longitude,Location
MCP3168005C,230014350,Montgomery County Police,Injury Crash,03/03/2023 07:30:00 PM,County,RANDOLPH RD,GEORGIA AVE,,N/A,PEDESTRIAN,OTHER,RAINING,WET,DARK NO LIGHTS,TRAFFIC SIGNAL,NONE DETECTED,NONE DETECTED,7B828038-486A-4F56-89F3-C3DDB4833D41,PEDESTRIAN,Cross/Enter not at Intersection,NO IMPROPER ACTIONS,ON ROADWAY AT CROSSWALK,No,POSSIBLE INJURY,NONE,39.0582115,-77.05016422,"(39.0582115, -77.05016422)"
MCP2496001M,200028264,Montgomery County Police,Injury Crash,07/20/2020 06:30:00 PM,Maryland (State),GEORGIA AVE,RAMP 4 FR MD 97 NB TO IS 495 EB,,N/A,BICYCLIST,SINGLE VEHICLE,CLEAR,DRY,DUSK,NO CONTROLS,UNKNOWN,N/A,FC2777CE-9249-4B27-80FC-EACA788661E9,BICYCLIST,Cross/Enter at Intersection,NO IMPROPER ACTIONS,ON ROADWAY AT CROSSWALK,No,POSSIBLE INJURY,NONE,39.00069167,-77.02761833,"(39.00069167, -77.02761833)"
DD55080040,170536479,Rockville Police Departme,Injury Crash,10/13/2017 04:22:00 PM,Maryland (State),ROCKVILLE PIKE,HALPINE RD,,ROCKVILLE,OTHER CONVEYANCE,OTHER,CLOUDY,DRY,DAYLIGHT,NO CONTROLS,NONE DETECTED,NONE DETECTED,FABBE64A-9DD1-470B-8669-638B2634390B,OTHER CONVEYANCE,Other,FAILURE TO YIELD RIGHT OF WAY,SIDEWALK,Yes,POSSIBLE INJURY,N/A,39.06152833,-77.12358167,"(39.06152833, -77.12358167)"
MCP27670080,200011863,Montgomery County Police,Injury Crash,03/09/2020 02:00:00 PM,,,,"DRIVEWAY TO RANDOLPH ROAD FROM PARKING LOT OF 17 RANDOLPH ROAD, SILVER SPRING MD 20904",,PEDESTRIAN,SINGLE VEHICLE,CLEAR,,DAYLIGHT,NO CONTROLS,UNKNOWN,UNKNOWN,928B3D98-FC73-4EE2-B2DC-9D8FCC8C47A0,PEDESTRIAN,Cross/Enter at Intersection,NO IMPROPER ACTIONS,DRIVEWAY ACCESS MARKED CROSSWALK,No,SUSPECTED MINOR INJURY,NONE,39.07585768,-77.00238284,"(39.07585768, -77.00238284)"
MCP219800CX,230010609,Montgomery County Police,Injury Crash,03/03/2023 06:30:00 PM,,ELLINGTON BLVD.,CROWN PARK AVE.,,N/A,PEDESTRIAN,SINGLE VEHICLE,RAINING,WET,DARK LIGHTS ON,STOP SIGN,N/A,N/A,C2340E22-063A-40AB-A4B3-0156765D1C14,PEDESTRIAN,Cross/Enter at Intersection,N/A,ON ROADWAY AT CROSSWALK,No,NO APPARENT INJURY,N/A,39.11439167,-77.20553,"(39.11439167, -77.20553)"
MCP32640037,220043194,Montgomery County Police,Injury Crash,10/04/2022 06:30:00 AM,Maryland (State),COLESVILLE RD,GEORGIA AVE,,N/A,BICYCLIST,STRAIGHT MOVEMENT ANGLE,RAINING,WET,DAWN,TRAFFIC SIGNAL,NONE DETECTED,NONE DETECTED,8C71F1C3-F549-49BC-9F44-85AABE49F73F,BICYCLIST,Cross/Enter at Intersection,IN ROADWAY IMPROPERLY,AT INTERSECTION MARKED CROSSWALK,Yes,POSSIBLE INJURY,NONE,38.99462333,-77.0359,"(38.99462333, -77.0359)"
MCP2935001G,170545545,Montgomery County Police,Injury Crash,11/28/2017 08:18:00 PM,County,FENTON ST,COLESVILLE RD,,N/A,PEDESTRIAN,SINGLE VEHICLE,CLEAR,DRY,DARK LIGHTS ON,TRAFFIC SIGNAL,NONE DETECTED,NONE DETECTED,A879CB6B-7134-4C1F-8EEF-1C8F17F2A833,PEDESTRIAN,Cross/Enter at Intersection,NO IMPROPER ACTIONS,AT INTERSECTION MARKED CROSSWALK,No,SUSPECTED MINOR INJURY,NONE,38.98209667,-77.02003833,"(38.98209667, -77.02003833)"
MCP3148002Z,210014145,Montgomery County Police,Injury Crash,04/15/2021 08:13:00 PM,Maryland (State),RIVER RD,POTOMAC MANORS DR,,N/A,PEDESTRIAN,OTHER,CLEAR,N/A,DARK LIGHTS ON,OTHER,NONE DETECTED,NONE DETECTED,6ED5FB6D-0648-478E-997B-487EF41B3E2D,PEDESTRIAN,Cross/Enter at Intersection,NO IMPROPER ACTIONS,ON ROADWAY AT CROSSWALK,No,SUSPECTED MINOR INJURY,NONE,39.02023667,-77.21232,"(39.02023667, -77.21232)"
DD56140045,180052503,Rockville Police Departme,Injury Crash,10/20/2018 04:53:00 PM,Municipality,N WASHINGTON ST,BEALL AVE #2,,ROCKVILLE,PEDESTRIAN,HEAD ON LEFT TURN,CLEAR,DRY,DAYLIGHT,TRAFFIC SIGNAL,NONE DETECTED,NONE DETECTED,057C41B7-57D0-4A8D-A5DA-0440DF1B6F74,PEDESTRIAN,Cross/Enter at Intersection,NO IMPROPER ACTIONS,ON ROADWAY AT CROSSWALK,No,POSSIBLE INJURY,NONE,39.08719883,-77.15308633,"(39.08719883, -77.15308633)"
MCP2401001Q,230019346,Montgomery County Police,Injury Crash,04/23/2023 03:05:00 AM,Interstate (State),EISENHOWER MEMORIAL HWY,W MONTGOMERY AVE,,N/A,PEDESTRIAN,SAME DIR REAR END,CLEAR,DRY,DARK LIGHTS ON,N/A,"N/A, NONE DETECTED",N/A,6A046E88-A720-4841-BD4A-6EB5A5560BF2,PEDESTRIAN,Push/Work on Vehicle,DISABLED VEHICLE RELATED,OTHER,No,SUSPECTED MINOR INJURY,NONE,39.08079833,-77.17058167,"(39.08079833, -77.17058167)"
MCP30400029,180025149,Montgomery County Police,Injury Crash,05/22/2018 06:00:00 PM,Maryland (State),NEW HAMPSHIRE AVE,SAPLING RIDGE LA,,N/A,PEDESTRIAN,SINGLE VEHICLE,RAINING,WET,DAYLIGHT,N/A,N/A,N/A,F915ADB7-8748-4201-8C8E-EB93DB4F1DB1,PEDESTRIAN,Cross/Enter at Intersection,DART DASH,AT INTERSECTION BUT NO CROSSWALK,Yes,SUSPECTED MINOR INJURY,NONE,39.217985,-77.054195,"(39.217985, -77.054195)"
MCP2992001H,170538604,Montgomery County Police,Injury Crash,10/24/2017 07:15:00 PM,County,HOMECREST RD,LONGMEAD CROSSING DR,,N/A,PEDESTRIAN,OTHER,CLEAR,DRY,DARK NO LIGHTS,STOP SIGN,NONE DETECTED,N/A,DAF8B730-5DFC-4A2E-B92E-9FDECF481761,PEDESTRIAN,Cross/Enter at Intersection,UNKNOWN,AT INTERSECTION MARKED CROSSWALK,No,SUSPECTED MINOR INJURY,NONE,39.10351633,-77.05449033,"(39.10351633, -77.05449033)"
MCP2969004G,180006100,Montgomery County Police,Injury Crash,02/05/2018 07:25:00 AM,County,TUCKER LA,STRILEY DR,,N/A,PEDESTRIAN,SAME DIRECTION SIDESWIPE,SLEET,ICE,DAYLIGHT,NO CONTROLS,NONE DETECTED,NONE DETECTED,75666C6A-CDE6-467C-8638-304A4AE3507E,PEDESTRIAN,Getting off/on Vehicle,NO IMPROPER ACTIONS,ON ROADWAY NOT AT CROSSWALK,No,SUSPECTED SERIOUS INJURY,NONE,39.145495,-76.99159167,"(39.145495, -76.99159167)"
MCP27520053,230013065,Montgomery County Police,Injury Crash,03/17/2023 07:56:00 PM,,,,"9718 PLEASANT GATE LANE, POTOMAC, MD",,PEDESTRIAN,SINGLE VEHICLE,CLEAR,,DARK LIGHTS ON,NO CONTROLS,NONE DETECTED,N/A,5D8B0780-A550-4D92-B967-3984A4493014,PEDESTRIAN,Playing,DART DASH,OTHER,Yes,SUSPECTED MINOR INJURY,NONE,38.99953537,-77.20114463,"(38.99953537, -77.20114463)"
MCP2639004K,180049160,Montgomery County Police,Injury Crash,10/02/2018 06:53:00 AM,County,JONES MILL RD,COQUELIN TERR,,N/A,PEDESTRIAN,STRAIGHT MOVEMENT ANGLE,CLEAR,DRY,DAWN,NO CONTROLS,NONE DETECTED,NONE DETECTED,E864C5A1-8F0B-4320-A018-D7C3838E2F77,PEDESTRIAN,Cross/Enter at Intersection,DART DASH,ON ROADWAY NOT AT CROSSWALK,Yes,SUSPECTED MINOR INJURY,NONE,38.99734333,-77.06558833,"(38.99734333, -77.06558833)"
MCP2656000P,15038518,MONTGOMERY,Injury Crash,08/03/2015 06:13:00 PM,County,CASTLE BLVD,TEAGARDEN CIR,,N/A,PEDESTRIAN,OTHER,N/A,DRY,DAYLIGHT,NO CONTROLS,N/A,NONE DETECTED,2165E869-7993-4B45-8C3D-6F6BD0C2F841,PEDESTRIAN,Cross/Enter not at Intersection,INATTENTIVE,OTHER,Yes,NO APPARENT INJURY,NONE,39.10616167,-76.91625667,"(39.10616167, -76.91625667)"
MCP2339006S,220008272,Montgomery County Police,Injury Crash,02/25/2022 04:06:00 PM,Municipality,PICCARD DR,GAITHER RD,,ROCKVILLE,"OTHER, PEDESTRIAN",OTHER,CLEAR,DRY,DAYLIGHT,TRAFFIC SIGNAL,NONE DETECTED,NONE DETECTED,B32F79DC-2C2A-4423-9000-DA4AB954CD01,OTHER,Cross/Enter at Intersection,NO IMPROPER ACTIONS,ON ROADWAY AT CROSSWALK,No,POSSIBLE INJURY,NONE,39.115235,-77.17854167,"(39.115235, -77.17854167)"
MCP3004001P,170518567,Montgomery County Police,Property Damage Crash,07/11/2017 09:19:00 PM,Municipality,ROSEMARY ST #2,CONNECTICUT AVE,,N/A,BICYCLIST,OTHER,CLEAR,DRY,DARK LIGHTS ON,TRAFFIC SIGNAL,UNKNOWN,NONE DETECTED,D72A766C-5E81-4AB6-B02D-3AF84C7106C9,BICYCLIST,Cross/Enter at Intersection,NO IMPROPER ACTIONS,AT INTERSECTION MARKED CROSSWALK,No,NO APPARENT INJURY,NONE,38.97785721,-77.07724303,"(38.97785721, -77.07724303)"
MCP2008008Z,210049574,Montgomery County Police,Injury Crash,12/06/2021 05:08:00 PM,Other Public Roadway,MONTROSE PKWY,HOYA ST,,N/A,PEDESTRIAN,OTHER,CLOUDY,DRY,DARK LIGHTS ON,TRAFFIC SIGNAL,NONE DETECTED,NONE DETECTED,D4DEB07B-CA3C-4FE7-8CA5-C791D8B8A6B4,PEDESTRIAN,Cross/Enter at Intersection,NO IMPROPER ACTIONS,ON ROADWAY AT CROSSWALK,No,SUSPECTED MINOR INJURY,NONE,39.05206667,-77.11865333,"(39.05206667, -77.11865333)"
MCP2796002C,15056537,MONTGOMERY,Injury Crash,11/06/2015 11:15:00 AM,,,,"Parking lot in front of entrance to Best Buy located at 10901 Georgia Avenue, Silver Spring",,PEDESTRIAN,SINGLE VEHICLE,CLEAR,,DAYLIGHT,N/A,UNKNOWN,NONE DETECTED,83ABAFF8-23B0-45CC-819C-6D05504C3CE6,PEDESTRIAN,Other,NO IMPROPER ACTIONS,OTHER,No,SUSPECTED MINOR INJURY,N/A,39.03438333,-77.04835667,"(39.03438333, -77.04835667)"
MCP2059004P,170549514,Montgomery County Police,Injury Crash,12/19/2017 02:01:00 PM,Maryland (State),CONNECTICUT AVE,MANOR RD,,N/A,PEDESTRIAN,HEAD ON LEFT TURN,CLEAR,DRY,DAYLIGHT,TRAFFIC SIGNAL,NONE DETECTED,NONE DETECTED,4D240233-CF7D-4807-BCFA-DE0894F8CB66,PEDESTRIAN,Cross/Enter at Intersection,NO IMPROPER ACTIONS,ON ROADWAY AT CROSSWALK,No,POSSIBLE INJURY,N/A,38.99609445,-77.07726851,"(38.99609445, -77.07726851)"
MCP33560018,230073488,Montgomery County Police,Injury Crash,12/24/2023 06:31:00 PM,,,,PARKING LOT OF SAFEWAY GAS (26300 RIDGE RD),,PEDESTRIAN,OTHER,CLEAR,,DARK LIGHTS ON,NO CONTROLS,NONE DETECTED,NONE DETECTED,7DBDE760-AE1A-44FA-90B8-457E0D345A7E,PEDESTRIAN,Other,NOT VISIBLE,OTHER,No,POSSIBLE INJURY,REFLECTIVE CLOTHING,39.28861683,-77.20493983,"(39.28861683, -77.20493983)"
EJ7885002Z,230014800,Gaithersburg Police Depar,Injury Crash,03/27/2023 03:55:00 PM,,,,PARKING LOT OF 331 WEST SIDE DR,,OTHER,OTHER,N/A,,DAYLIGHT,NO CONTROLS,NONE DETECTED,NONE DETECTED,382CA7BC-2B6F-41DA-BF46-ED3E168EA364,OTHER,Other,NO IMPROPER ACTIONS,INSIDE BUILDING,No,POSSIBLE INJURY,N/A,39.12581733,-77.2050295,"(39.12581733, -77.2050295)"
MCP27500043,190028809,Montgomery County Police,Injury Crash,06/16/2019 10:00:00 PM,,,,PARKING LOT OF 12600 VEIRS MILL RD,,PEDESTRIAN,STRAIGHT MOVEMENT ANGLE,CLEAR,,DARK LIGHTS ON,NO CONTROLS,NONE DETECTED,NONE DETECTED,657439AC-1F00-4691-AC1F-2F83D6FE487A,PEDESTRIAN,Cross/Enter not at Intersection,NO IMPROPER ACTIONS,ON ROADWAY AT CROSSWALK,No,SUSPECTED MINOR INJURY,NONE,39.06246167,-77.09525833,"(39.06246167, -77.09525833)"
DM8336003H,200044888,Takoma Park Police Depart,Injury Crash,11/13/2020 06:40:00 PM,Municipality,CHESTNUT AVE,PHILADELPHIA AVE,,N/A,BICYCLIST,OTHER,CLEAR,DRY,DARK LIGHTS ON,N/A,NONE DETECTED,NONE DETECTED,574073C5-3DC4-4221-9D91-6F3F535D7A9A,BICYCLIST,Cross/Enter at Intersection,UNKNOWN,ON ROADWAY AT CROSSWALK,No,POSSIBLE INJURY,NONE,38.98325833,-77.01492833,"(38.98325833, -77.01492833)"
MCP2348002M,170511431,Montgomery County Police,Injury Crash,06/02/2017 08:22:00 PM,County,AMHERST AVE,BLUERIDGE AVE,,N/A,PEDESTRIAN,SINGLE VEHICLE,CLEAR,DRY,DAYLIGHT,N/A,NONE DETECTED,NONE DETECTED,82F8860B-BBDF-4F28-8136-63B84C08B567,PEDESTRIAN,Cross/Enter at Intersection,NO IMPROPER ACTIONS,ON ROADWAY AT CROSSWALK,No,SUSPECTED MINOR INJURY,N/A,39.04333616,-77.0478715,"(39.04333616, -77.0478715)"
MCP3019004G,220004192,Montgomery County Police,Injury Crash,01/31/2022 04:30:00 PM,,,,4310 MONTGOMERY AVENUE,,PEDESTRIAN,OTHER,CLEAR,,DAYLIGHT,NO CONTROLS,N/A,N/A,130F5AEA-F409-4463-9EF7-EA53207FCBF7,PEDESTRIAN,Other,N/A,SIDEWALK,No,POSSIBLE INJURY,NONE,38.98498,-77.08728333,"(38.98498, -77.08728333)"
MCP3129006B,230007320,Montgomery County Police,Injury Crash,02/13/2023 03:49:00 PM,County,RANDOLPH RD,VEIRS MILL RD,,N/A,PEDESTRIAN,SINGLE VEHICLE,CLEAR,DRY,DAYLIGHT,TRAFFIC SIGNAL,NONE DETECTED,NONE DETECTED,F891A954-344C-4048-8F39-3F2447D00440,PEDESTRIAN,Cross/Enter at Intersection,NO IMPROPER ACTIONS,ON ROADWAY AT CROSSWALK,No,SUSPECTED MINOR INJURY,N/A,39.05625874,-77.0825617,"(39.05625874, -77.0825617)"
MCP2939001P,170504228,Montgomery County Police,Property Damage Crash,04/25/2017 10:32:00 AM,Maryland (State),GERMANTOWN RD,MIDDLEBROOK RD,,N/A,PEDESTRIAN,STRAIGHT MOVEMENT ANGLE,RAINING,WET,DARK LIGHTS ON,NO CONTROLS,NONE DETECTED,N/A,A9D66F17-F637-4089-9548-0AA9C4567CBC,PEDESTRIAN,Walking/Riding against Traffic,IN ROADWAY IMPROPERLY,ON ROADWAY NOT AT CROSSWALK,Yes,NO APPARENT INJURY,NONE,39.17996167,-77.26466167,"(39.17996167, -77.26466167)"
MCP29420012,15040254,MONTGOMERY,Injury Crash,08/12/2015 08:17:00 PM,Maryland (State),OLD GEORGETOWN RD,CENTER DR,,N/A,BICYCLIST,STRAIGHT MOVEMENT ANGLE,CLEAR,DRY,DUSK,TRAFFIC SIGNAL,NONE DETECTED,NONE DETECTED,A7C62070-4AF1-4A55-AB09-3378744720AB,BICYCLIST,Cross/Enter at Intersection,NO IMPROPER ACTIONS,ON ROADWAY AT CROSSWALK,No,SUSPECTED MINOR INJURY,MC/BIKE HELMET,39.00292738,-77.10989356,"(39.00292738, -77.10989356)"
DM8437000Y,16036778,Takoma Park Police Depart,Injury Crash,07/20/2016 06:20:00 PM,Maryland (State),UNIVERSITY BLVD E,MERRIMAC DR,,TAKOMA PARK,PEDESTRIAN,OTHER,CLEAR,DRY,DAYLIGHT,TRAFFIC SIGNAL,NONE DETECTED,NONE DETECTED,07B1EC1C-4308-4B65-8B3E-83EACE51D570,PEDESTRIAN,Cross/Enter at Intersection,DART DASH,ON ROADWAY AT CROSSWALK,Yes,SUSPECTED SERIOUS INJURY,NONE,38.98154833,-77.0095,"(38.98154833, -77.0095)"
MCP2983003R,190022761,Montgomery County Police,Injury Crash,05/14/2019 02:14:00 PM,,,,PARKING LOT OF WHEATON PARK SHOPPING CENTER,,PEDESTRIAN,OTHER,CLEAR,,DAYLIGHT,N/A,NONE DETECTED,NONE DETECTED,E8143F74-10B3-47E7-AFCD-5CF5DB8D30A9,PEDESTRIAN,Cross/Enter at Intersection,NO IMPROPER ACTIONS,ON ROADWAY AT CROSSWALK,No,SUSPECTED MINOR INJURY,NONE,39.05208846,-77.05003182,"(39.05208846, -77.05003182)"
MCP2710001C,16059651,Montgomery County Police,Injury Crash,11/19/2016 05:40:00 PM,County,GOSHEN RD,MIDCOUNTY HWY,,N/A,PEDESTRIAN,OTHER,RAINING,WET,DARK NO LIGHTS,N/A,NONE DETECTED,NONE DETECTED,758B50BC-C9F1-40E7-877D-0A8B506732E8,PEDESTRIAN,Cross/Enter not at Intersection,DART DASH,ON ROADWAY NOT AT CROSSWALK,Yes,POSSIBLE INJURY,NONE,39.15700667,-77.19197167,"(39.15700667, -77.19197167)"
MCP3010001C,16041940,Montgomery County Police,Injury Crash,08/18/2016 02:04:00 PM,County,TUCKERMAN LA,KINGS RIDING WAY,,N/A,BICYCLIST,OTHER,CLEAR,DRY,DAYLIGHT,OTHER,NONE DETECTED,NONE DETECTED,671F286B-347B-44BF-9371-F0A8565BA65C,BICYCLIST,Cross/Enter at Intersection,NO IMPROPER ACTIONS,ON ROADWAY AT CROSSWALK,No,SUSPECTED MINOR INJURY,MC/BIKE HELMET,39.02982167,-77.112625,"(39.02982167, -77.112625)"
MCP9318002B,220036779,Montgomery County Police,Injury Crash,08/30/2022 04:40:00 PM,,,,PARKING LOT OF 10131 COLESVILLE RD,,PEDESTRIAN,OTHER,CLEAR,,DAYLIGHT,N/A,NONE DETECTED,NONE DETECTED,D431999F-EFBF-4F9A-88B4-CAC5B420F5D3,PEDESTRIAN,Other,NO IMPROPER ACTIONS,OTHER,No,POSSIBLE INJURY,N/A,39.0204235,-77.00826271,"(39.0204235, -77.00826271)"
MCP263900BY,210014685,Montgomery County Police,Injury Crash,04/20/2021 09:57:00 AM,,,,PARKING LOT OF 2201 RANDOLPH RD,,PEDESTRIAN,OTHER,CLEAR,,DAYLIGHT,NO CONTROLS,NONE DETECTED,NONE DETECTED,3931ECCD-BE70-412E-BDAB-CECDFE3D72C1,PEDESTRIAN,Other,NO IMPROPER ACTIONS,OTHER,No,POSSIBLE INJURY,NONE,39.05984667,-77.047215,"(39.05984667, -77.047215)"
MCP32220025,220054508,Montgomery County Police,Injury Crash,12/09/2022 01:30:00 PM,County,NICHOLSON LA,ROCKVILLE PIKE,,N/A,PEDESTRIAN,N/A,CLOUDY,DRY,DAYLIGHT,TRAFFIC SIGNAL,UNKNOWN,NONE DETECTED,C6DE599C-A31E-42AD-8416-BCA3C91BA5D3,PEDESTRIAN,Cross/Enter at Intersection,NO IMPROPER ACTIONS,CURB,No,POSSIBLE INJURY,NONE,39.04454395,-77.11195198,"(39.04454395, -77.11195198)"
MCP3118001L,190003322,Montgomery County Police,Property Damage Crash,01/22/2019 07:57:00 AM,,,,UNIT 1 RAN INTO A TREE ON PRIVATE PROPERTY AT 309 DENNIS AVENUE.,,OTHER,SINGLE VEHICLE,CLEAR,,DAYLIGHT,N/A,NONE DETECTED,N/A,50645790-3227-4B9E-A708-E5E9EEDDC3EF,OTHER,N/A,N/A,N/A,No,NO APPARENT INJURY,N/A,39.028095,-77.01497333,"(39.028095, -77.01497333)"
MCP2546001T,16044530,Montgomery County Police,Fatal Crash,08/31/2016 08:56:00 PM,County,BELLS MILL RD,WINDSOR VIEW DR,,N/A,PEDESTRIAN,SINGLE VEHICLE,CLEAR,DRY,DARK LIGHTS ON,NO CONTROLS,NONE DETECTED,NONE DETECTED,55E8013F-BBD5-47C9-92F4-271155DC776D,PEDESTRIAN,Walking/Riding against Traffic,IN ROADWAY IMPROPERLY,ON ROADWAY NOT AT CROSSWALK,Unknown,FATAL INJURY,NONE,39.030582,-77.174473,"(39.030582, -77.174473)"
MCP3328001P,230013578,Montgomery County Police,Injury Crash,03/20/2023 08:04:00 PM,County,LAMBERTON DR,ROCKBRIDGE RD,,N/A,OTHER CONVEYANCE,OTHER,CLEAR,DRY,DARK LIGHTS ON,N/A,NONE DETECTED,NONE DETECTED,E26D69E2-B57E-45DF-A5B2-D49B01548EC1,OTHER CONVEYANCE,Cross/Enter not at Intersection,IN ROADWAY IMPROPERLY,ON ROADWAY NOT AT CROSSWALK,Yes,SUSPECTED MINOR INJURY,NONE,39.04451936,-77.02255646,"(39.04451936, -77.02255646)"
DD559500DG,230026985,Rockville Police Departme,Injury Crash,06/05/2023 02:38:00 PM,Maryland (State),ROCKVILLE PIKE,W EDMONSTON DR,,ROCKVILLE,OTHER PEDALCYCLIST,OTHER,CLEAR,DRY,DAYLIGHT,TRAFFIC SIGNAL,NONE DETECTED,NONE DETECTED,E68E02A8-EC32-4A0A-893F-A4E688C4E8EB,OTHER PEDALCYCLIST,Cross/Enter at Intersection,NO IMPROPER ACTIONS,AT INTERSECTION MARKED CROSSWALK,No,SUSPECTED MINOR INJURY,NONE,39.07437833,-77.1358035,"(39.07437833, -77.1358035)"
MCP2730001P,200002998,Montgomery County Police,Injury Crash,01/18/2020 02:19:00 PM,County,WARING STATION RD,STONEY BOTTOM RD,,N/A,PEDESTRIAN,OTHER,RAINING,WET,DAYLIGHT,YIELD SIGN,N/A,N/A,F25DCA34-7B40-42A1-AB50-86E093C1AE51,PEDESTRIAN,Cross/Enter at Intersection,NO IMPROPER ACTIONS,ON ROADWAY AT CROSSWALK,No,POSSIBLE INJURY,N/A,39.17195667,-77.25201167,"(39.17195667, -77.25201167)"
MCP30160018,170517188,Montgomery County Police,Injury Crash,07/03/2017 10:13:00 PM,Maryland (State),GREAT SENECA HWY,CLOPPER RD,,N/A,PEDESTRIAN,SINGLE VEHICLE,CLEAR,DRY,DARK LIGHTS ON,TRAFFIC SIGNAL,NONE DETECTED,NONE DETECTED,C735DF1B-EBE4-4BA6-95C5-524DC7105534,PEDESTRIAN,Cross/Enter at Intersection,NO IMPROPER ACTIONS,AT INTERSECTION MARKED CROSSWALK,No,SUSPECTED MINOR INJURY,N/A,39.15955467,-77.27509717,"(39.15955467, -77.27509717)"
MCP3129004V,220032884,Montgomery County Police,Injury Crash,07/31/2022 04:33:00 PM,Maryland (State),OLNEY SANDY SPRING RD,ENT TO SCHOOL,,N/A,OTHER,SINGLE VEHICLE,RAINING,WET,DAYLIGHT,NO CONTROLS,NONE DETECTED,N/A,77060B15-9755-4425-9FEB-44807F45FD4E,OTHER,N/A,N/A,N/A,No,NO APPARENT INJURY,N/A,39.14908333,-77.05565167,"(39.14908333, -77.05565167)"
MCP2991001Y,170525703,Montgomery County Police,Property Damage Crash,08/19/2017 12:05:00 PM,Maryland (State),OLNEY LAYTONSVILLE RD,BRIARS RD,,N/A,BICYCLIST,SINGLE VEHICLE,CLEAR,DRY,DAYLIGHT,NO CONTROLS,NONE DETECTED,N/A,AAA23C00-4B46-4858-8855-72911C7983D3,BICYCLIST,Other,OTHER,ON ROADWAY NOT AT CROSSWALK,Yes,NO APPARENT INJURY,NONE,39.16346667,-77.08177167,"(39.16346667, -77.08177167)"
MCP2942001L,16026975,Montgomery County Police,Injury Crash,05/30/2016 06:15:00 PM,,,,PARKING LOT IN FRONT OF 4978 SENTINEL DRIVE,,PEDESTRIAN,OTHER,CLEAR,,DAYLIGHT,NO CONTROLS,UNKNOWN,NONE DETECTED,6FEDB32A-6306-4C91-B71A-92A984153177,PEDESTRIAN,Getting off/on Vehicle,NO IMPROPER ACTIONS,ON ROADWAY NOT AT CROSSWALK,No,SUSPECTED MINOR INJURY,REFLECTIVE CLOTHING,38.95066,-77.11489,"(38.95066, -77.11489)"
MCP93120011,190017182,Montgomery County Police,Injury Crash,04/12/2019 08:30:00 PM,County,NICHOLSON LA,HUFF CT,,N/A,PEDESTRIAN,SINGLE VEHICLE,RAINING,WET,DARK LIGHTS ON,TRAFFIC SIGNAL,UNKNOWN,NONE DETECTED,08551A0C-EE70-42F4-A9E4-1F8507E5A52F,PEDESTRIAN,Cross/Enter at Intersection,NO IMPROPER ACTIONS,AT INTERSECTION MARKED CROSSWALK,No,SUSPECTED MINOR INJURY,NONE,39.04486593,-77.10905421,"(39.04486593, -77.10905421)"
MCP2177004H,20032118,Montgomery County Police,Injury Crash,08/17/2020 02:45:00 PM,,,,PAVED DRIVEWAY OF 14031 GEORGIA AVENUE,,BICYCLIST,STRAIGHT MOVEMENT ANGLE,CLOUDY,,DAYLIGHT,NO CONTROLS,N/A,N/A,C3442C57-C500-476F-BAB2-C9A1499AD424,BICYCLIST,Walking/Cycling on Sidewalk,WRONG WAY RIDING OR WALKING,OTHER,Yes,SUSPECTED MINOR INJURY,NONE,39.08497348,-77.07818107,"(39.08497348, -77.07818107)"
MCP2937003Q,200011898,Montgomery County Police,Injury Crash,03/10/2020 10:07:00 PM,County,RIPLEY ST,GEORGIA AVE,,N/A,PEDESTRIAN,SINGLE VEHICLE,CLEAR,DRY,DARK LIGHTS ON,NO CONTROLS,NONE DETECTED,NONE DETECTED,BDF5FC7D-2921-41E4-BDAD-05019F4264F5,PEDESTRIAN,Cross/Enter at Intersection,NO IMPROPER ACTIONS,ON ROADWAY AT CROSSWALK,No,POSSIBLE INJURY,N/A,38.99248381,-77.0268105,"(38.99248381, -77.0268105)"
MCP9130001K,15045701,MONTGOMERY,Injury Crash,09/10/2015 08:30:00 AM,,,,"Driveway/Sidewalk in front of 8436 10th Avenue Silver Spring, MD 20903",,PEDESTRIAN,SINGLE VEHICLE,CLEAR,,DAYLIGHT,NO CONTROLS,NONE DETECTED,NONE DETECTED,640E696F-53E0-428C-8E98-FA222D1007C9,PEDESTRIAN,Walking to/from school,NO IMPROPER ACTIONS,SIDEWALK,No,SUSPECTED MINOR INJURY,NONE,38.99539167,-76.99128333,"(38.99539167, -76.99128333)"
MCP30190054,220035166,Montgomery County Police,Injury Crash,08/15/2022 03:30:00 PM,Maryland (State),OLD GEORGETOWN RD,FAIRMONT AVE,,N/A,PEDESTRIAN,SINGLE VEHICLE,CLEAR,DRY,DAYLIGHT,NO CONTROLS,N/A,N/A,8C98EC9A-7D2D-4BD2-B935-42414F42DFD0,PEDESTRIAN,Cross/Enter at Intersection,NO IMPROPER ACTIONS,ON ROADWAY AT CROSSWALK,No,POSSIBLE INJURY,NONE,38.98747245,-77.09797725,"(38.98747245, -77.09797725)"
MCP3109001S,180063350,Montgomery County Police,Injury Crash,12/19/2018 11:45:00 AM,Maryland (State),EAST WEST HWY,16TH ST,,N/A,PEDESTRIAN,SAME DIR REAR END,CLEAR,DRY,DAYLIGHT,TRAFFIC SIGNAL,NONE DETECTED,NONE DETECTED,9C9CB870-5BB6-4277-B76C-AF4DD0EBFA2C,PEDESTRIAN,Cross/Enter at Intersection,IN ROADWAY IMPROPERLY,ON ROADWAY AT CROSSWALK,No,POSSIBLE INJURY,N/A,38.994154,-77.03639133,"(38.994154, -77.03639133)"